Customer_ID,Age,Gender,Location,Category,Item_Purchased,Purchase_Amount,Quantity,Payment_Method,Season,Discount_Applied,Promo_Code_Used,Subscription_Status,Shipping_Type,Review_Rating,Previous_Purchases,Frequency_of_Purchases,Purchase_Date
100001,61,Male,Vijayawada,Clothing,T-Shirt,2398.65,1,UPI,Summer,Yes,No,No,Standard,4.1,7,Monthly,27-10-2025
100002,18,Male,Kochi,Sports,Cricket Bat,4610.81,2,Credit Card,Autumn,No,No,No,Standard,4.2,8,Weekly,24-01-2025
100003,47,Male,Bhopal,Clothing,Jacket,854.6,3,Net Banking,Autumn,Yes,Yes,No,Same Day,4.3,19,Monthly,23-10-2024
100004,41,Male,Indore,Clothing,Jeans,2098.72,3,UPI,Summer,Yes,Yes,No,Same Day,4.4,12,Monthly,16-06-2024
100005,32,Female,Bengaluru,Books,Programming Book,765.36,1,Debit Card,Winter,No,No,Yes,Express,5,48,Quarterly,05-08-2024
100006,34,Male,Kolkata,Books,Programming Book,1926.23,5,Debit Card,Winter,No,No,No,Same Day,4.6,20,Yearly,05-01-2025
100007,25,Male,Pune,Beauty,Face Wash,2417.82,4,Net Banking,Spring,No,No,No,Express,3.0,2,Quarterly,20-07-2025
100008,67,Female,Mumbai,Electronics,Camera,10870.0,2,Cash,Spring,No,No,No,Same Day,5,17,Quarterly,27-05-2025
100009,56,Male,Delhi,Footwear,Flip Flops,3055.66,2,Net Banking,Spring,Yes,Yes,No,Same Day,4.2,20,Quarterly,10-11-2024
100010,23,Female,Chennai,Beauty,Lipstick,2938.36,5,Credit Card,Summer,No,No,Yes,Same Day,4.3,44,Yearly,16-07-2025
100011,52,Male,Jaipur,Footwear,Boots,3213.65,3,Cash,Winter,Yes,Yes,No,Standard,4.2,19,Weekly,25-08-2025
100012,21,Male,Chennai,Beauty,Shampoo,2735.18,3,UPI,Summer,No,No,Yes,Express,4.4,12,Yearly,07-08-2024
100013,69,Female,Visakhapatnam,Footwear,Flip Flops,1294.25,4,Debit Card,Winter,No,No,No,Express,3.4,7,Weekly,03-03-2024
100014,46,Male,Kochi,Sports,Yoga Mat,2855.07,4,Credit Card,Spring,Yes,Yes,No,Express,4.4,3,Weekly,21-02-2024
100015,31,Female,Bengaluru,Electronics,Laptop,8292.74,1,Cash,Autumn,Yes,Yes,No,Express,4.0,7,Yearly,07-06-2024
100016,52,Male,Lucknow,Beauty,Perfume,360.06,5,Cash,Summer,No,No,Yes,Standard,5.0,11,Weekly,09-07-2024
100017,54,Male,Vijayawada,Clothing,Dress,3175.34,5,UPI,Winter,Yes,No,Yes,Same Day,3.7,23,Quarterly,28-07-2024
100018,37,Female,Lucknow,Grocery,Oil,2336.74,1,UPI,Winter,No,No,Yes,Same Day,3.9,16,Weekly,16-03-2024
100019,33,Female,Jaipur,Beauty,Shampoo,641.69,5,Debit Card,Spring,No,No,Yes,Same Day,4.4,30,Weekly,17-05-2024
100020,31,Female,Visakhapatnam,Home Decor,Lamp,4218.73,3,Net Banking,Winter,Yes,Yes,No,Express,3.8,17,Weekly,04-04-2024
100021,58,Female,Pune,Sports,Yoga Mat,9101.79,5,Cash,Spring,No,No,Yes,Standard,5,29,Monthly,12-07-2025
100022,41,Male,Indore,Electronics,Tablet,9201.53,2,UPI,Autumn,Yes,Yes,No,Same Day,4.7,4,Yearly,27-09-2025
100023,19,Male,Lucknow,Footwear,Sandals,5629.03,4,Credit Card,Autumn,No,No,No,Standard,4.3,5,Weekly,26-04-2025
100024,32,Male,Hyderabad,Beauty,Face Wash,2048.09,4,Debit Card,Autumn,Yes,No,No,Standard,4.0,14,Quarterly,25-12-2024
100025,29,Female,Bengaluru,Sports,Tennis Racket,2014.11,4,Debit Card,Autumn,Yes,No,Yes,Express,3.7,9,Yearly,13-08-2025
100026,52,Male,Indore,Beauty,Perfume,1407.63,3,Net Banking,Autumn,Yes,No,Yes,Same Day,3.8,35,Weekly,03-11-2024
100027,30,Female,Bhopal,Home Decor,Carpet,4160.71,2,Net Banking,Autumn,No,No,Yes,Express,4.2,26,Quarterly,03-08-2024
100028,46,Male,Surat,Sports,Tennis Racket,6099.69,2,UPI,Autumn,No,No,No,Same Day,4.2,10,Quarterly,05-04-2024
100029,48,Male,Coimbatore,Beauty,Perfume,1360.43,5,Credit Card,Winter,Yes,Yes,Yes,Express,4.0,20,Weekly,19-04-2024
100030,53,Male,Mumbai,Sports,Cricket Bat,5912.37,4,Net Banking,Autumn,No,No,Yes,Express,4.4,41,Yearly,15-07-2025
100031,66,Male,Ahmedabad,Books,Biography,1973.08,5,Cash,Summer,No,No,No,Express,3.5,15,Monthly,05-10-2024
100032,62,Male,Visakhapatnam,Grocery,Coffee,347.73,4,Debit Card,Winter,Yes,Yes,No,Express,4.5,2,Weekly,30-07-2024
100033,19,Female,Nagpur,Sports,Dumbbells,866.04,3,Debit Card,Winter,No,No,No,Express,3.4,18,Monthly,14-05-2025
100034,69,Female,Pune,Beauty,Perfume,2553.42,2,Net Banking,Spring,Yes,Yes,No,Express,4.0,0,Weekly,26-03-2024
100035,31,Female,Lucknow,Sports,Cricket Bat,4580.01,4,Debit Card,Winter,Yes,Yes,No,Express,4.5,5,Weekly,24-12-2024
100036,33,Male,Hyderabad,Beauty,Lipstick,1939.74,2,Credit Card,Winter,Yes,Yes,No,Same Day,3.7,20,Weekly,31-07-2025
100037,65,Male,Pune,Beauty,Moisturizer,2901.22,1,Net Banking,Spring,Yes,Yes,No,Express,3.2,11,Yearly,10-02-2025
100038,37,Male,Vijayawada,Beauty,Lipstick,2391.38,3,Net Banking,Winter,Yes,Yes,No,Same Day,3.7,20,Quarterly,11-03-2024
100039,58,Female,Delhi,Grocery,Rice,1201.62,5,Debit Card,Winter,Yes,No,No,Express,3.5,15,Quarterly,26-11-2024
100040,57,Female,Lucknow,Beauty,Lipstick,280.36,3,Credit Card,Winter,Yes,Yes,Yes,Standard,4.5,36,Quarterly,21-09-2024
100041,51,Male,Chennai,Grocery,Coffee,755.12,4,Cash,Summer,No,No,No,Same Day,3.4,8,Yearly,18-01-2024
100042,48,Female,Kochi,Clothing,Jacket,4984.84,5,Debit Card,Autumn,Yes,Yes,Yes,Same Day,4.3,23,Yearly,04-10-2024
100043,66,Male,Visakhapatnam,Home Decor,Wall Art,1533.39,4,Debit Card,Autumn,Yes,No,Yes,Standard,4.4,20,Quarterly,02-07-2024
100044,53,Female,Delhi,Home Decor,Lamp,3935.86,4,UPI,Spring,Yes,No,No,Same Day,3.8,4,Quarterly,25-04-2025
100045,25,Male,Bhopal,Books,Programming Book,1356.43,5,UPI,Summer,Yes,No,Yes,Standard,4.7,11,Weekly,11-09-2024
100046,57,Male,Surat,Clothing,Dress,2211.7,4,Debit Card,Winter,No,No,No,Express,3.1,19,Weekly,16-09-2025
100047,28,Male,Pune,Clothing,Jeans,2983.97,2,UPI,Winter,No,No,No,Express,4.0,8,Weekly,25-08-2024
100048,34,Male,Kochi,Home Decor,Wall Art,954.22,2,Credit Card,Autumn,Yes,Yes,No,Standard,3.7,14,Weekly,02-03-2024
100049,46,Male,Coimbatore,Footwear,Boots,5038.67,4,Debit Card,Winter,No,No,No,Express,4.3,18,Yearly,26-11-2024
100050,19,Female,Vijayawada,Home Decor,Lamp,529.32,2,Cash,Winter,No,No,Yes,Express,4.3,44,Monthly,22-08-2025
100051,60,Male,Pune,Sports,Dumbbells,4493.8,4,Debit Card,Winter,Yes,Yes,No,Same Day,4.4,15,Quarterly,27-11-2024
100052,52,Female,Kochi,Clothing,Kurta,743.92,5,Debit Card,Winter,No,No,No,Same Day,4.2,0,Yearly,22-02-2024
100053,25,Male,Mysuru,Beauty,Perfume,2438.08,2,Debit Card,Spring,Yes,Yes,No,Same Day,3.9,9,Weekly,17-04-2025
100054,36,Female,Kochi,Clothing,Hoodie,4256.26,4,Credit Card,Winter,No,No,No,Same Day,4.4,15,Monthly,27-01-2025
100055,35,Female,Lucknow,Beauty,Shampoo,2815.9,5,Debit Card,Spring,No,No,No,Express,4.1,4,Yearly,01-06-2024
100056,52,Female,Coimbatore,Books,Comics,2348.92,2,Credit Card,Winter,No,No,No,Standard,3.3,10,Yearly,14-02-2024
100057,70,Male,Nagpur,Grocery,Milk,2419.1,2,Net Banking,Autumn,Yes,Yes,No,Standard,4.6,12,Yearly,16-01-2024
100058,34,Female,Mysuru,Footwear,Running Shoes,5064.04,1,Debit Card,Winter,Yes,No,No,Express,3.8,4,Yearly,08-07-2025
100059,36,Male,Chennai,Electronics,Headphones,13679.43,1,UPI,Winter,No,No,Yes,Standard,3.8,48,Weekly,28-11-2024
100060,54,Male,Pune,Electronics,Tablet,8501.39,5,Cash,Summer,Yes,Yes,No,Express,3.2,13,Monthly,25-08-2024
100061,47,Female,Patna,Books,Science Book,605.45,4,Debit Card,Autumn,No,No,No,Same Day,4.9,0,Yearly,05-11-2024
100062,54,Female,Jaipur,Beauty,Moisturizer,261.43,4,Debit Card,Spring,Yes,Yes,No,Same Day,4.0,3,Weekly,12-09-2025
100063,40,Male,Visakhapatnam,Books,Science Book,1647.01,2,UPI,Spring,No,No,No,Express,4.2,7,Quarterly,14-05-2024
100064,52,Female,Surat,Clothing,Jacket,2758.08,3,Credit Card,Autumn,Yes,Yes,Yes,Express,4.1,34,Quarterly,12-12-2024
100065,32,Female,Patna,Clothing,Kurta,2145.99,4,UPI,Autumn,No,No,No,Same Day,4.5,4,Quarterly,21-08-2025
100066,57,Female,Mysuru,Sports,Yoga Mat,3279.31,1,Cash,Autumn,No,No,Yes,Same Day,4.5,22,Yearly,29-04-2024
100067,25,Male,Kolkata,Footwear,Sneakers,6289.73,2,Cash,Winter,No,No,No,Express,3.8,9,Yearly,24-08-2025
100068,35,Male,Indore,Footwear,Running Shoes,2068.8,4,Credit Card,Autumn,No,No,No,Standard,3.5,15,Quarterly,11-07-2025
100069,70,Female,Chennai,Grocery,Rice,1724.37,5,UPI,Spring,No,No,No,Express,4.2,6,Monthly,11-03-2024
100070,56,Male,Ahmedabad,Beauty,Shampoo,2603.54,2,Credit Card,Autumn,Yes,Yes,Yes,Standard,4.5,22,Weekly,07-11-2025
100071,19,Male,Ahmedabad,Electronics,Smartphone,6047.98,4,Net Banking,Spring,No,No,Yes,Same Day,4.7,23,Quarterly,09-06-2025
100072,60,Female,Coimbatore,Clothing,Kurta,3395.03,1,UPI,Winter,Yes,No,No,Express,4.4,19,Yearly,03-12-2025
100073,56,Male,Chennai,Clothing,Kurta,1067.86,5,Net Banking,Autumn,Yes,Yes,No,Express,4.8,14,Yearly,01-06-2025
100074,59,Male,Kochi,Sports,Football,5857.42,2,Cash,Autumn,No,No,No,Express,4.2,3,Yearly,01-03-2025
100075,48,Male,Chennai,Clothing,Jacket,4242.97,1,Cash,Spring,Yes,Yes,No,Same Day,4.1,8,Weekly,23-08-2025
100076,66,Female,Bengaluru,Grocery,Milk,2427.32,5,Debit Card,Autumn,No,No,Yes,Standard,3.3,30,Monthly,07-06-2024
100077,41,Male,Ahmedabad,Books,Biography,1541.73,4,Net Banking,Spring,No,No,No,Same Day,5,11,Quarterly,30-01-2024
100078,40,Male,Pune,Footwear,Boots,6180.14,5,Cash,Spring,No,No,No,Standard,3.8,9,Weekly,03-04-2024
100079,38,Male,Bengaluru,Beauty,Moisturizer,635.62,5,UPI,Spring,Yes,Yes,No,Express,3.7,10,Yearly,28-02-2025
100080,61,Female,Surat,Home Decor,Curtains,4102.66,1,Credit Card,Winter,Yes,Yes,No,Same Day,4.4,3,Weekly,08-01-2024
100081,36,Female,Mumbai,Beauty,Perfume,221.64,4,Credit Card,Summer,No,No,No,Express,3.8,4,Quarterly,14-03-2024
100082,38,Female,Vijayawada,Sports,Football,5329.54,4,Debit Card,Spring,No,No,No,Express,4.1,14,Weekly,28-11-2024
100083,33,Female,Vijayawada,Footwear,Flip Flops,3222.83,1,Cash,Autumn,Yes,No,No,Same Day,4.0,11,Monthly,19-03-2024
100084,59,Male,Kolkata,Clothing,Dress,962.62,3,Credit Card,Summer,Yes,No,No,Same Day,4.6,11,Monthly,02-11-2025
100085,66,Female,Vijayawada,Clothing,Jeans,3393.46,5,Debit Card,Autumn,No,No,No,Standard,3.7,20,Quarterly,08-10-2024
100086,20,Male,Indore,Electronics,Tablet,21633.93,1,UPI,Winter,No,No,No,Express,4.4,9,Weekly,05-04-2025
100087,24,Female,Chennai,Beauty,Perfume,1612.74,2,UPI,Summer,Yes,Yes,No,Same Day,3.7,16,Monthly,07-01-2025
100088,21,Female,Chennai,Grocery,Coffee,958.29,5,Cash,Autumn,No,No,No,Express,4.4,10,Monthly,07-12-2024
100089,60,Female,Delhi,Clothing,Dress,3177.69,1,Debit Card,Winter,Yes,Yes,No,Same Day,4.4,11,Weekly,23-10-2025
100090,39,Female,Visakhapatnam,Sports,Tennis Racket,3337.28,2,Credit Card,Spring,Yes,No,No,Express,3.3,11,Weekly,03-06-2025
100091,28,Male,Mysuru,Electronics,Camera,21180.87,2,Cash,Spring,Yes,Yes,Yes,Express,3.7,47,Yearly,17-09-2025
100092,48,Male,Indore,Home Decor,Carpet,4166.35,5,Cash,Winter,Yes,No,Yes,Express,4.8,23,Yearly,29-05-2025
100093,59,Female,Indore,Sports,Cricket Bat,7010.86,1,Net Banking,Spring,Yes,Yes,No,Express,4.5,19,Yearly,09-06-2025
100094,40,Male,Kochi,Footwear,Running Shoes,1035.52,5,Debit Card,Summer,No,No,Yes,Express,4.3,22,Weekly,18-01-2025
100095,59,Female,Delhi,Beauty,Lipstick,585.28,3,Cash,Summer,No,No,Yes,Same Day,3.5,14,Weekly,20-01-2024
100096,56,Female,Mumbai,Home Decor,Curtains,4724.18,2,Debit Card,Spring,No,No,No,Standard,4.3,17,Monthly,05-03-2025
100097,19,Male,Delhi,Books,Novel,905.36,1,Net Banking,Autumn,No,No,Yes,Standard,3.9,39,Weekly,20-06-2025
100098,50,Male,Bhopal,Grocery,Rice,2208.66,1,Cash,Autumn,No,No,No,Express,4.1,17,Weekly,31-12-2024
100099,67,Female,Delhi,Clothing,Jacket,699.51,5,Debit Card,Summer,No,No,Yes,Same Day,3.4,50,Monthly,18-05-2024
100100,68,Male,Bengaluru,Clothing,Hoodie,1920.18,3,Net Banking,Winter,Yes,Yes,No,Same Day,4.4,14,Yearly,16-09-2024
100101,21,Female,Ahmedabad,Electronics,Camera,7489.5,3,Cash,Winter,No,No,Yes,Same Day,3.0,30,Quarterly,10-07-2024
100102,45,Male,Kochi,Books,Programming Book,1605.52,2,Net Banking,Autumn,Yes,Yes,No,Express,4.7,16,Weekly,22-03-2024
100103,45,Male,Coimbatore,Grocery,Milk,1008.56,1,Debit Card,Winter,No,No,Yes,Express,3.6,36,Weekly,17-03-2024
100104,27,Female,Bengaluru,Sports,Yoga Mat,2213.78,2,Debit Card,Autumn,No,No,No,Express,3.5,5,Weekly,11-09-2025
100105,26,Female,Bhopal,Footwear,Running Shoes,2680.63,3,Credit Card,Spring,Yes,Yes,No,Standard,4.1,11,Yearly,29-07-2025
100106,62,Female,Visakhapatnam,Clothing,Jacket,1051.87,1,Cash,Summer,Yes,Yes,No,Same Day,3.6,14,Yearly,30-03-2024
100107,36,Female,Pune,Grocery,Milk,1837.16,2,Debit Card,Summer,No,No,Yes,Standard,5,12,Monthly,20-05-2025
100108,53,Male,Mysuru,Electronics,Tablet,22684.93,1,Debit Card,Winter,No,No,No,Same Day,4.1,11,Yearly,22-06-2025
100109,22,Female,Coimbatore,Sports,Dumbbells,8417.22,3,Credit Card,Summer,Yes,Yes,No,Standard,3.2,2,Weekly,07-05-2024
100110,32,Female,Surat,Footwear,Boots,6338.03,1,Debit Card,Summer,No,No,Yes,Same Day,4.7,28,Quarterly,08-05-2024
100111,55,Male,Pune,Home Decor,Vase,4054.78,5,Debit Card,Spring,No,No,No,Standard,5,16,Quarterly,28-10-2025
100112,52,Female,Jaipur,Beauty,Shampoo,1552.25,4,Debit Card,Winter,Yes,No,No,Standard,4.8,20,Weekly,10-06-2024
100113,63,Female,Indore,Books,Programming Book,2444.59,2,Debit Card,Spring,Yes,Yes,No,Express,4.2,6,Yearly,10-09-2024
100114,44,Male,Pune,Footwear,Sneakers,5824.91,5,Debit Card,Summer,No,No,Yes,Standard,4.5,32,Yearly,11-06-2025
100115,50,Female,Kolkata,Books,Programming Book,734.07,3,UPI,Spring,Yes,No,No,Express,3.2,15,Yearly,19-10-2024
100116,66,Female,Indore,Electronics,Laptop,5904.85,1,Net Banking,Summer,No,No,No,Express,4.2,8,Quarterly,16-03-2024
100117,61,Male,Delhi,Sports,Tennis Racket,11720.93,4,Debit Card,Autumn,Yes,No,No,Same Day,5.0,17,Monthly,08-09-2025
100118,48,Female,Delhi,Sports,Tennis Racket,7590.12,5,Credit Card,Autumn,Yes,Yes,Yes,Same Day,3.9,10,Quarterly,15-06-2024
100119,50,Female,Vijayawada,Sports,Tennis Racket,4157.65,1,Debit Card,Autumn,No,No,No,Same Day,4.6,9,Quarterly,05-12-2025
100120,67,Male,Bengaluru,Electronics,Headphones,16670.47,2,Net Banking,Winter,No,No,No,Standard,4.5,20,Monthly,02-02-2024
100121,31,Female,Surat,Clothing,Jeans,3987.38,4,UPI,Summer,Yes,Yes,Yes,Same Day,4.3,28,Yearly,22-06-2025
100122,39,Female,Ahmedabad,Sports,Yoga Mat,7632.86,2,Credit Card,Autumn,No,No,No,Same Day,4.6,14,Quarterly,18-08-2024
100123,68,Female,Jaipur,Home Decor,Wall Art,994.68,5,Cash,Winter,Yes,Yes,No,Express,5,15,Quarterly,13-02-2024
100124,65,Female,Visakhapatnam,Home Decor,Lamp,1451.79,5,Debit Card,Autumn,No,No,Yes,Standard,3.9,36,Weekly,22-09-2025
100125,24,Female,Lucknow,Beauty,Face Wash,2208.6,1,Credit Card,Spring,Yes,Yes,Yes,Same Day,4.5,41,Yearly,03-05-2025
100126,59,Male,Patna,Beauty,Perfume,2268.32,1,Credit Card,Winter,Yes,No,Yes,Standard,4.2,49,Weekly,10-02-2025
100127,18,Female,Vijayawada,Books,Biography,1606.26,3,Debit Card,Winter,No,No,No,Same Day,3.6,9,Monthly,31-05-2025
100128,59,Female,Pune,Books,Science Book,281.69,3,Debit Card,Summer,Yes,No,Yes,Standard,4.0,15,Yearly,13-03-2025
100129,38,Male,Hyderabad,Grocery,Rice,799.81,2,Cash,Autumn,Yes,Yes,No,Express,3.9,3,Weekly,24-09-2024
100130,43,Female,Mumbai,Grocery,Milk,1669.04,3,Debit Card,Summer,Yes,Yes,Yes,Standard,5.0,50,Monthly,04-05-2025
100131,48,Male,Kolkata,Footwear,Running Shoes,4986.15,5,UPI,Winter,Yes,No,No,Same Day,4.1,19,Weekly,04-03-2024
100132,25,Male,Vijayawada,Beauty,Shampoo,1568.72,5,Cash,Spring,Yes,Yes,No,Express,4.0,5,Monthly,09-06-2025
100133,69,Female,Hyderabad,Sports,Dumbbells,5234.63,1,Credit Card,Spring,No,No,No,Standard,3.5,17,Weekly,11-03-2024
100134,67,Female,Indore,Books,Novel,2483.93,4,Cash,Winter,No,No,Yes,Express,4.6,19,Weekly,30-11-2025
100135,32,Male,Hyderabad,Footwear,Boots,6864.49,4,Net Banking,Winter,Yes,Yes,Yes,Same Day,3.9,42,Yearly,20-12-2024
100136,57,Male,Kolkata,Footwear,Boots,1998.31,1,Net Banking,Spring,Yes,Yes,Yes,Express,4.4,15,Weekly,07-09-2024
100137,21,Male,Surat,Electronics,Smart Watch,24869.67,2,Net Banking,Autumn,Yes,No,No,Same Day,3.6,17,Quarterly,30-08-2024
100138,21,Male,Kochi,Home Decor,Curtains,3468.35,1,Debit Card,Winter,Yes,Yes,No,Same Day,3.8,16,Quarterly,14-12-2025
100139,33,Male,Jaipur,Sports,Dumbbells,10404.46,2,Cash,Spring,Yes,Yes,Yes,Same Day,3.8,32,Monthly,01-02-2025
100140,41,Male,Patna,Beauty,Perfume,2228.84,2,UPI,Autumn,Yes,Yes,Yes,Express,4.5,49,Weekly,15-03-2024
100141,39,Female,Hyderabad,Beauty,Shampoo,793.06,2,UPI,Winter,Yes,Yes,No,Standard,3.9,17,Yearly,02-09-2024
100142,37,Female,Indore,Grocery,Coffee,1379.48,4,Cash,Spring,No,No,No,Same Day,3.5,17,Yearly,23-11-2024
100143,32,Male,Hyderabad,Beauty,Perfume,930.17,5,Net Banking,Winter,No,No,Yes,Express,4.5,10,Yearly,06-08-2025
100144,64,Female,Coimbatore,Beauty,Moisturizer,671.05,3,Credit Card,Summer,Yes,No,No,Same Day,4.6,10,Yearly,07-07-2024
100145,60,Male,Hyderabad,Electronics,Headphones,13247.84,2,UPI,Summer,No,No,Yes,Standard,4.3,12,Weekly,24-09-2025
100146,18,Male,Surat,Books,Programming Book,1874.93,5,Debit Card,Spring,No,No,Yes,Same Day,4.7,42,Yearly,02-07-2024
100147,70,Female,Ahmedabad,Clothing,T-Shirt,4077.21,1,Debit Card,Winter,Yes,Yes,No,Express,2.8,7,Monthly,03-11-2024
100148,23,Female,Bhopal,Clothing,Hoodie,2197.26,4,UPI,Spring,No,No,No,Same Day,3.6,20,Monthly,25-03-2024
100149,24,Male,Kolkata,Books,Programming Book,725.69,5,Cash,Autumn,No,No,No,Standard,4.9,10,Quarterly,10-07-2025
100150,27,Female,Chennai,Electronics,Smartphone,10985.54,5,Credit Card,Winter,Yes,Yes,No,Same Day,3.9,10,Quarterly,28-01-2025
100151,22,Female,Mysuru,Footwear,Sneakers,5544.74,5,Cash,Autumn,Yes,Yes,No,Standard,3.6,11,Yearly,17-05-2025
100152,60,Female,Chennai,Beauty,Perfume,2362.07,3,Credit Card,Spring,Yes,Yes,No,Standard,3.5,12,Quarterly,06-06-2024
100153,37,Female,Indore,Sports,Cricket Bat,9327.08,1,Credit Card,Spring,Yes,Yes,No,Standard,3.6,10,Yearly,15-04-2024
100154,68,Female,Bhopal,Electronics,Laptop,5246.81,4,Cash,Spring,No,No,No,Same Day,4.5,2,Monthly,08-08-2025
100155,22,Male,Kochi,Footwear,Running Shoes,2438.56,3,Cash,Spring,Yes,Yes,Yes,Express,4.2,25,Yearly,31-08-2025
100156,57,Female,Lucknow,Beauty,Moisturizer,1432.62,4,Net Banking,Summer,Yes,Yes,Yes,Express,4.6,27,Quarterly,09-09-2025
100157,36,Female,Vijayawada,Beauty,Moisturizer,2389.53,3,Cash,Autumn,No,No,Yes,Express,3.4,33,Monthly,29-08-2025
100158,31,Female,Jaipur,Footwear,Flip Flops,5937.08,1,Cash,Winter,No,No,Yes,Standard,5,37,Quarterly,04-09-2024
100159,48,Female,Patna,Home Decor,Curtains,3187.69,4,Net Banking,Spring,Yes,No,No,Express,3.9,12,Weekly,21-04-2024
100160,61,Female,Lucknow,Beauty,Perfume,2904.01,4,UPI,Spring,Yes,No,Yes,Standard,3.3,47,Quarterly,15-08-2024
100161,55,Male,Indore,Beauty,Moisturizer,2993.57,4,UPI,Autumn,No,No,No,Express,4.4,14,Monthly,22-12-2024
100162,40,Female,Mumbai,Home Decor,Wall Art,2797.55,4,Debit Card,Spring,No,No,No,Express,4.1,6,Weekly,28-12-2025
100163,65,Male,Surat,Clothing,T-Shirt,1285.04,2,Debit Card,Winter,Yes,No,No,Express,4.3,20,Monthly,09-07-2024
100164,46,Female,Bhopal,Sports,Dumbbells,849.84,2,Credit Card,Autumn,No,No,Yes,Same Day,4.7,47,Weekly,14-08-2025
100165,60,Female,Surat,Clothing,Dress,4846.62,3,Net Banking,Winter,Yes,Yes,Yes,Same Day,4.0,28,Quarterly,13-04-2025
100166,25,Male,Jaipur,Footwear,Boots,1436.78,3,Credit Card,Winter,Yes,Yes,No,Express,4.4,18,Monthly,11-08-2025
100167,59,Male,Patna,Sports,Dumbbells,2668.89,3,Credit Card,Summer,No,No,Yes,Express,4.6,48,Quarterly,10-01-2024
100168,50,Female,Kochi,Books,Biography,1790.57,4,Cash,Winter,No,No,Yes,Standard,3.6,32,Weekly,01-08-2025
100169,67,Female,Vijayawada,Electronics,Smartphone,19850.37,4,Net Banking,Spring,Yes,Yes,Yes,Same Day,4.9,25,Quarterly,09-07-2025
100170,24,Male,Jaipur,Electronics,Camera,22496.2,1,Cash,Autumn,No,No,No,Express,4.8,6,Weekly,25-03-2025
100171,63,Female,Pune,Clothing,Jeans,3272.68,2,Credit Card,Spring,No,No,Yes,Same Day,4.0,45,Monthly,27-11-2024
100172,61,Male,Delhi,Home Decor,Wall Art,5787.8,4,UPI,Autumn,No,No,No,Same Day,4.5,16,Monthly,19-12-2025
100173,66,Female,Nagpur,Footwear,Sandals,1595.68,3,Cash,Winter,No,No,Yes,Express,5.0,28,Weekly,16-02-2025
100174,67,Male,Coimbatore,Home Decor,Wall Art,3918.59,3,UPI,Winter,Yes,Yes,No,Standard,4.6,15,Yearly,04-08-2024
100175,54,Female,Lucknow,Books,Science Book,2261.85,1,UPI,Spring,Yes,Yes,Yes,Same Day,4.3,26,Weekly,10-06-2024
100176,26,Female,Pune,Books,Programming Book,2217.45,3,UPI,Autumn,Yes,Yes,Yes,Express,3.7,35,Weekly,15-01-2025
100177,66,Male,Kochi,Footwear,Sneakers,4829.56,1,UPI,Summer,No,No,No,Express,4.8,9,Yearly,10-01-2024
100178,45,Male,Nagpur,Electronics,Camera,6416.57,4,UPI,Spring,No,No,Yes,Standard,4.5,15,Quarterly,11-01-2025
100179,61,Male,Chennai,Home Decor,Curtains,3323.9,1,Net Banking,Summer,No,No,No,Express,4.0,4,Monthly,25-02-2025
100180,64,Female,Indore,Books,Biography,2417.31,3,Credit Card,Summer,Yes,Yes,Yes,Express,4.5,14,Weekly,11-09-2024
100181,30,Female,Jaipur,Home Decor,Lamp,3983.17,2,Cash,Winter,Yes,Yes,No,Standard,4.2,9,Weekly,24-06-2025
100182,44,Female,Patna,Electronics,Tablet,18658.84,4,UPI,Spring,Yes,No,No,Same Day,4.9,4,Weekly,15-01-2024
100183,43,Female,Surat,Home Decor,Curtains,4672.53,4,Cash,Spring,No,No,Yes,Same Day,3.5,11,Quarterly,26-03-2024
100184,27,Female,Bhopal,Home Decor,Lamp,3642.69,1,Debit Card,Winter,No,No,No,Same Day,4.0,6,Monthly,29-02-2024
100185,56,Male,Jaipur,Beauty,Lipstick,2065.02,2,UPI,Spring,No,No,No,Same Day,4.2,3,Yearly,21-12-2024
100186,25,Male,Lucknow,Home Decor,Curtains,4900.51,3,Net Banking,Spring,No,No,No,Express,4.3,8,Weekly,23-05-2025
100187,28,Female,Pune,Books,Comics,824.01,1,Net Banking,Spring,No,No,No,Standard,4.2,15,Weekly,07-09-2024
100188,20,Female,Kolkata,Electronics,Smart Watch,11436.04,4,Debit Card,Autumn,Yes,No,No,Standard,4.2,4,Quarterly,02-05-2024
100189,43,Male,Coimbatore,Electronics,Smartphone,22320.64,3,Debit Card,Spring,No,No,Yes,Same Day,3.7,41,Quarterly,31-07-2025
100190,49,Male,Patna,Home Decor,Vase,4634.75,2,Credit Card,Spring,No,No,Yes,Express,4.3,31,Weekly,26-08-2024
100191,18,Female,Jaipur,Grocery,Milk,439.08,5,Credit Card,Winter,No,No,No,Express,5,0,Monthly,29-12-2025
100192,51,Female,Indore,Home Decor,Lamp,2913.21,1,Net Banking,Spring,No,No,Yes,Same Day,3.9,22,Monthly,14-10-2025
100193,33,Female,Ahmedabad,Sports,Football,10330.23,4,Debit Card,Autumn,Yes,No,No,Express,4.2,1,Monthly,19-05-2024
100194,44,Male,Patna,Clothing,Jeans,2112.29,2,Cash,Autumn,No,No,Yes,Express,4.4,36,Quarterly,02-05-2024
100195,62,Male,Visakhapatnam,Clothing,Jeans,4261.66,3,Credit Card,Spring,No,No,No,Same Day,4.2,9,Weekly,24-11-2025
100196,46,Male,Mumbai,Home Decor,Wall Art,2933.65,2,UPI,Spring,Yes,Yes,No,Standard,4.7,5,Monthly,13-05-2024
100197,23,Female,Chennai,Beauty,Moisturizer,261.04,1,Credit Card,Winter,No,No,No,Standard,5,20,Quarterly,05-05-2024
100198,49,Male,Bhopal,Electronics,Smart Watch,18664.26,2,Debit Card,Summer,Yes,No,Yes,Standard,4.7,44,Quarterly,13-10-2024
100199,59,Female,Nagpur,Books,Biography,1176.98,5,Cash,Spring,No,No,Yes,Standard,4.1,47,Monthly,20-10-2025
100200,40,Female,Patna,Beauty,Shampoo,2388.02,3,Net Banking,Autumn,No,No,No,Express,4.5,12,Quarterly,03-07-2024
100201,67,Female,Bengaluru,Electronics,Tablet,21173.08,4,Net Banking,Autumn,No,No,No,Same Day,5,0,Weekly,10-09-2024
100202,32,Female,Indore,Beauty,Perfume,2818.58,2,Credit Card,Summer,No,No,No,Same Day,4.2,1,Quarterly,15-12-2025
100203,54,Male,Vijayawada,Grocery,Snacks,2381.25,4,Net Banking,Autumn,No,No,Yes,Standard,4.0,30,Monthly,08-09-2025
100204,69,Male,Lucknow,Beauty,Lipstick,2207.43,3,UPI,Spring,Yes,Yes,No,Standard,4.2,0,Monthly,23-04-2024
100205,39,Female,Lucknow,Grocery,Rice,513.84,2,Cash,Winter,No,No,No,Same Day,3.9,12,Quarterly,16-08-2024
100206,62,Female,Vijayawada,Footwear,Running Shoes,904.01,5,Debit Card,Summer,Yes,No,Yes,Same Day,4.9,26,Weekly,23-05-2025
100207,58,Male,Lucknow,Footwear,Boots,3513.77,3,Credit Card,Summer,Yes,Yes,No,Same Day,4.6,7,Weekly,02-01-2024
100208,44,Female,Bhopal,Electronics,Smart Watch,12024.62,4,UPI,Winter,No,No,No,Same Day,4.4,13,Monthly,15-06-2024
100209,24,Male,Lucknow,Books,Novel,632.74,4,Credit Card,Spring,Yes,Yes,No,Same Day,5,1,Quarterly,31-08-2025
100210,28,Male,Mumbai,Books,Novel,994.96,2,Cash,Autumn,Yes,No,No,Same Day,3.7,20,Quarterly,31-10-2024
100211,49,Male,Bengaluru,Beauty,Lipstick,1210.32,4,UPI,Autumn,No,No,Yes,Same Day,3.8,44,Weekly,27-01-2024
100212,25,Female,Bhopal,Beauty,Face Wash,1518.64,3,UPI,Winter,No,No,No,Standard,3.8,2,Quarterly,25-01-2025
100213,35,Male,Delhi,Grocery,Oil,1930.14,1,UPI,Autumn,Yes,Yes,No,Same Day,3.5,8,Monthly,20-07-2025
100214,61,Female,Vijayawada,Electronics,Smart Watch,22633.08,4,Debit Card,Spring,No,No,No,Express,4.6,13,Weekly,29-05-2025
100215,31,Male,Delhi,Footwear,Sneakers,968.86,1,Cash,Summer,Yes,No,No,Same Day,4.6,14,Quarterly,09-03-2024
100216,47,Male,Mysuru,Clothing,Kurta,3144.09,4,UPI,Winter,Yes,Yes,No,Standard,4.7,17,Monthly,03-08-2025
100217,52,Female,Kochi,Clothing,T-Shirt,1688.61,4,Net Banking,Winter,No,No,No,Standard,4.4,3,Yearly,09-02-2024
100218,35,Female,Hyderabad,Sports,Yoga Mat,4584.1,3,Debit Card,Autumn,No,No,No,Express,4.6,1,Weekly,21-08-2024
100219,38,Female,Kochi,Footwear,Boots,4511.37,1,Credit Card,Winter,No,No,No,Standard,4.6,14,Yearly,12-06-2025
100220,43,Male,Surat,Grocery,Rice,2222.46,1,Credit Card,Summer,Yes,No,No,Standard,3.9,5,Weekly,12-09-2024
100221,35,Female,Coimbatore,Electronics,Smart Watch,15102.53,1,UPI,Summer,No,No,Yes,Express,3.7,31,Yearly,23-08-2025
100222,62,Male,Jaipur,Grocery,Coffee,263.14,1,Credit Card,Summer,No,No,Yes,Standard,4.2,24,Monthly,24-11-2025
100223,67,Male,Nagpur,Beauty,Perfume,2752.24,2,Net Banking,Spring,Yes,No,No,Standard,4.2,16,Quarterly,30-12-2025
100224,31,Female,Jaipur,Home Decor,Carpet,4160.02,5,Cash,Spring,No,No,No,Standard,5,11,Quarterly,28-07-2025
100225,58,Female,Ahmedabad,Home Decor,Wall Art,1788.54,3,Credit Card,Summer,Yes,No,No,Same Day,4.3,15,Yearly,07-11-2025
100226,36,Female,Kochi,Grocery,Milk,1130.58,1,Net Banking,Summer,No,No,Yes,Express,3.1,9,Monthly,03-12-2025
100227,53,Male,Jaipur,Books,Science Book,469.61,2,Debit Card,Summer,No,No,No,Same Day,4.8,5,Monthly,29-12-2024
100228,47,Male,Nagpur,Beauty,Perfume,350.3,5,Net Banking,Spring,Yes,Yes,No,Express,3.8,10,Monthly,27-05-2025
100229,27,Male,Visakhapatnam,Clothing,Hoodie,2042.01,5,Cash,Summer,Yes,No,No,Express,4.4,9,Weekly,14-05-2025
100230,18,Female,Ahmedabad,Grocery,Milk,681.58,2,Net Banking,Summer,No,No,No,Express,4.0,10,Weekly,12-05-2024
100231,30,Female,Hyderabad,Sports,Dumbbells,10790.47,5,Credit Card,Spring,Yes,Yes,No,Same Day,5,15,Monthly,11-12-2025
100232,37,Male,Chennai,Grocery,Coffee,2094.84,3,Debit Card,Winter,No,No,Yes,Same Day,4.2,32,Quarterly,20-03-2025
100233,69,Female,Hyderabad,Footwear,Boots,2139.04,2,Credit Card,Spring,Yes,Yes,No,Same Day,3.9,15,Weekly,19-01-2025
100234,60,Male,Hyderabad,Home Decor,Vase,574.94,1,Cash,Winter,No,No,No,Express,4.2,19,Weekly,14-07-2025
100235,58,Male,Jaipur,Home Decor,Carpet,2698.97,1,Net Banking,Autumn,No,No,No,Same Day,4.0,6,Weekly,07-06-2025
100236,56,Male,Ahmedabad,Clothing,Jacket,4241.74,2,Debit Card,Winter,No,No,Yes,Express,4.0,14,Monthly,10-02-2024
100237,60,Male,Mumbai,Books,Biography,2129.27,4,Credit Card,Spring,Yes,Yes,No,Same Day,4.9,15,Quarterly,21-10-2025
100238,70,Male,Bengaluru,Beauty,Moisturizer,2586.3,3,Debit Card,Winter,Yes,Yes,No,Same Day,4.6,9,Weekly,07-04-2024
100239,46,Female,Chennai,Electronics,Laptop,12452.44,3,Credit Card,Spring,Yes,Yes,No,Express,3.8,20,Yearly,07-12-2025
100240,21,Male,Mumbai,Books,Programming Book,1186.06,5,Cash,Winter,Yes,Yes,No,Standard,4.5,5,Yearly,02-01-2025
100241,49,Male,Kochi,Electronics,Camera,13813.76,1,Debit Card,Autumn,No,No,No,Standard,4.0,4,Monthly,16-11-2025
100242,33,Female,Indore,Grocery,Snacks,1726.53,4,Credit Card,Spring,Yes,Yes,No,Standard,3.5,19,Monthly,01-06-2025
100243,38,Male,Lucknow,Books,Programming Book,2432.83,1,Net Banking,Summer,No,No,No,Same Day,3.9,2,Monthly,21-03-2024
100244,38,Male,Nagpur,Books,Programming Book,1926.79,1,UPI,Winter,Yes,Yes,No,Express,3.8,14,Weekly,24-07-2025
100245,50,Male,Coimbatore,Electronics,Laptop,24007.1,3,UPI,Summer,No,No,No,Express,3.8,19,Yearly,03-11-2025
100246,32,Male,Lucknow,Grocery,Milk,1016.82,3,Net Banking,Autumn,No,No,No,Same Day,4.9,3,Weekly,16-02-2024
100247,30,Male,Bhopal,Footwear,Running Shoes,2058.21,2,Debit Card,Spring,Yes,Yes,Yes,Express,4.9,34,Weekly,06-04-2025
100248,18,Male,Patna,Books,Comics,2354.44,5,Cash,Summer,No,No,No,Same Day,4.4,4,Monthly,11-05-2024
100249,50,Female,Kochi,Clothing,Kurta,4907.75,2,Debit Card,Winter,No,No,No,Express,4.7,19,Monthly,21-05-2024
100250,38,Male,Visakhapatnam,Sports,Tennis Racket,3148.78,3,Debit Card,Summer,Yes,No,No,Same Day,4.1,16,Monthly,30-05-2025
100251,55,Female,Patna,Grocery,Milk,857.63,4,UPI,Spring,No,No,Yes,Standard,4.1,30,Weekly,23-07-2024
100252,68,Female,Visakhapatnam,Home Decor,Curtains,4595.49,1,Debit Card,Winter,Yes,Yes,No,Standard,4.3,8,Monthly,24-10-2025
100253,21,Female,Bhopal,Sports,Cricket Bat,5465.54,3,Net Banking,Spring,No,No,No,Standard,4.2,9,Yearly,18-08-2024
100254,30,Female,Coimbatore,Grocery,Snacks,608.08,1,Credit Card,Summer,Yes,No,No,Same Day,3.9,19,Weekly,21-01-2025
100255,34,Male,Lucknow,Electronics,Smart Watch,14326.63,2,UPI,Summer,Yes,Yes,Yes,Express,3.5,24,Quarterly,17-05-2025
100256,29,Male,Surat,Grocery,Rice,566.55,5,Net Banking,Winter,No,No,No,Standard,3.7,10,Quarterly,14-08-2024
100257,51,Female,Patna,Beauty,Perfume,2506.33,1,UPI,Autumn,Yes,No,Yes,Express,4.2,26,Monthly,10-02-2024
100258,36,Male,Surat,Grocery,Tea,2090.85,3,Net Banking,Winter,Yes,Yes,No,Express,4.9,3,Weekly,30-10-2024
100259,52,Male,Chennai,Beauty,Perfume,790.19,2,Cash,Spring,Yes,No,No,Standard,3.4,3,Yearly,24-10-2025
100260,39,Male,Chennai,Clothing,Hoodie,829.62,2,Debit Card,Spring,No,No,No,Same Day,4.0,0,Monthly,21-09-2024
100261,61,Male,Patna,Sports,Dumbbells,866.07,5,UPI,Spring,Yes,Yes,No,Same Day,4.5,12,Weekly,23-10-2024
100262,19,Female,Pune,Home Decor,Vase,3340.77,2,Cash,Autumn,Yes,No,Yes,Same Day,3.8,36,Monthly,01-11-2024
100263,54,Female,Patna,Grocery,Rice,1459.31,1,Debit Card,Summer,Yes,Yes,No,Same Day,4.2,17,Monthly,26-02-2025
100264,30,Male,Pune,Footwear,Sandals,4927.16,5,UPI,Winter,No,No,Yes,Same Day,3.4,47,Weekly,24-10-2024
100265,39,Female,Delhi,Clothing,Jacket,3520.83,2,UPI,Autumn,No,No,Yes,Same Day,4.5,45,Yearly,06-04-2025
100266,69,Female,Kochi,Grocery,Snacks,587.87,3,Credit Card,Summer,Yes,Yes,No,Same Day,4.3,18,Yearly,10-10-2024
100267,47,Female,Indore,Grocery,Oil,1981.96,4,Net Banking,Spring,No,No,No,Standard,4.1,10,Quarterly,23-05-2024
100268,19,Male,Vijayawada,Beauty,Perfume,1820.92,5,Credit Card,Spring,Yes,Yes,No,Same Day,4.0,20,Quarterly,10-07-2025
100269,55,Female,Delhi,Books,Biography,1295.58,5,UPI,Winter,No,No,No,Express,3.5,7,Monthly,10-06-2025
100270,60,Male,Nagpur,Footwear,Running Shoes,6616.8,1,Credit Card,Winter,No,No,Yes,Standard,4.2,44,Weekly,27-09-2024
100271,68,Female,Bhopal,Grocery,Oil,1280.25,4,UPI,Spring,No,No,Yes,Same Day,3.8,21,Quarterly,26-09-2024
100272,22,Female,Bhopal,Footwear,Running Shoes,6827.85,2,Net Banking,Winter,No,No,No,Express,4.9,11,Quarterly,13-05-2025
100273,50,Female,Visakhapatnam,Books,Comics,588.04,2,Debit Card,Spring,Yes,Yes,Yes,Same Day,4.3,16,Weekly,08-05-2025
100274,44,Male,Kolkata,Books,Programming Book,347.07,5,Net Banking,Summer,No,No,Yes,Standard,5,18,Weekly,09-08-2025
100275,43,Male,Jaipur,Footwear,Sneakers,6667.7,2,Cash,Winter,No,No,Yes,Express,4.7,19,Monthly,19-08-2025
100276,47,Male,Kolkata,Footwear,Flip Flops,3082.73,2,UPI,Spring,Yes,Yes,No,Standard,5,8,Yearly,02-06-2024
100277,68,Male,Chennai,Clothing,Jeans,2670.08,2,Net Banking,Spring,No,No,No,Same Day,3.8,19,Quarterly,14-02-2024
100278,42,Female,Vijayawada,Sports,Cricket Bat,9811.76,5,UPI,Winter,No,No,No,Standard,3.7,15,Quarterly,03-05-2025
100279,63,Male,Vijayawada,Beauty,Lipstick,1663.11,5,UPI,Winter,Yes,Yes,Yes,Same Day,4.4,42,Yearly,05-01-2025
100280,45,Female,Mysuru,Clothing,Jeans,1740.02,4,Credit Card,Winter,Yes,No,No,Same Day,5,18,Yearly,02-07-2024
100281,54,Female,Bhopal,Grocery,Snacks,1892.3,1,Credit Card,Winter,No,No,No,Same Day,4.4,8,Yearly,12-12-2024
100282,27,Female,Mysuru,Electronics,Smartphone,13707.55,1,Debit Card,Summer,Yes,Yes,No,Express,4.1,20,Weekly,15-09-2025
100283,51,Female,Mysuru,Electronics,Camera,6149.26,2,Cash,Winter,No,No,No,Standard,4.4,12,Quarterly,18-07-2024
100284,61,Male,Indore,Electronics,Headphones,9785.13,1,Credit Card,Spring,No,No,No,Express,4.9,7,Yearly,27-12-2024
100285,23,Female,Patna,Sports,Dumbbells,11048.1,3,Debit Card,Autumn,Yes,No,No,Standard,3.9,16,Yearly,11-08-2025
100286,36,Female,Mumbai,Electronics,Tablet,21058.84,3,Net Banking,Autumn,Yes,Yes,Yes,Same Day,4.0,40,Yearly,21-01-2025
100287,55,Male,Nagpur,Books,Biography,511.6,1,Cash,Summer,No,No,No,Same Day,3.9,14,Yearly,27-12-2024
100288,65,Female,Chennai,Electronics,Camera,16091.03,2,Cash,Autumn,Yes,Yes,No,Express,3.3,7,Monthly,10-08-2025
100289,30,Male,Kolkata,Home Decor,Curtains,5274.63,2,Credit Card,Summer,No,No,No,Standard,4.4,6,Weekly,02-05-2024
100290,66,Male,Nagpur,Clothing,Hoodie,2170.38,3,Cash,Autumn,No,No,No,Express,3.8,15,Monthly,07-06-2025
100291,45,Female,Patna,Home Decor,Carpet,485.61,3,Cash,Summer,Yes,Yes,Yes,Express,5.0,44,Yearly,19-11-2024
100292,38,Female,Mysuru,Electronics,Laptop,22236.84,2,Net Banking,Autumn,No,No,No,Standard,4.1,12,Quarterly,27-04-2025
100293,41,Female,Bhopal,Grocery,Coffee,843.15,2,Net Banking,Summer,Yes,No,Yes,Same Day,3.8,35,Quarterly,29-08-2024
100294,18,Male,Kochi,Sports,Dumbbells,6395.5,5,Net Banking,Autumn,No,No,Yes,Express,3.4,17,Quarterly,13-09-2024
100295,48,Male,Coimbatore,Electronics,Smart Watch,19891.86,3,Debit Card,Autumn,Yes,No,Yes,Same Day,3.3,18,Quarterly,21-01-2024
100296,59,Male,Jaipur,Sports,Football,4777.22,5,Cash,Winter,Yes,Yes,No,Standard,3.9,19,Yearly,20-09-2025
100297,58,Female,Kochi,Home Decor,Carpet,3898.26,5,Cash,Spring,No,No,No,Standard,4.4,4,Quarterly,30-10-2025
100298,41,Female,Kochi,Home Decor,Wall Art,1253.71,1,Credit Card,Summer,Yes,Yes,No,Same Day,4.5,12,Quarterly,18-12-2025
100299,48,Male,Hyderabad,Clothing,Jeans,3969.2,5,UPI,Spring,Yes,No,Yes,Express,4.0,14,Yearly,12-11-2024
100300,26,Male,Hyderabad,Beauty,Face Wash,298.43,3,Debit Card,Winter,No,No,No,Express,4.1,14,Quarterly,15-07-2025
100301,58,Female,Surat,Books,Biography,1689.52,5,Debit Card,Autumn,Yes,Yes,No,Express,3.3,17,Yearly,11-11-2024
100302,66,Male,Indore,Grocery,Tea,859.55,5,UPI,Winter,Yes,Yes,Yes,Express,4.0,27,Quarterly,10-01-2024
100303,30,Female,Patna,Sports,Yoga Mat,5695.59,2,Credit Card,Winter,No,No,No,Express,4.2,0,Monthly,13-06-2025
100304,44,Male,Chennai,Home Decor,Wall Art,1339.72,3,UPI,Winter,No,No,No,Same Day,4.4,17,Yearly,05-10-2024
100305,29,Male,Jaipur,Books,Biography,855.69,4,UPI,Summer,Yes,Yes,Yes,Standard,4.5,17,Quarterly,06-03-2025
100306,20,Female,Chennai,Home Decor,Carpet,5108.21,2,UPI,Autumn,No,No,No,Express,4.7,14,Weekly,10-07-2025
100307,18,Male,Kolkata,Books,Biography,1115.8,4,Credit Card,Spring,No,No,Yes,Standard,3.4,24,Monthly,29-04-2025
100308,20,Male,Ahmedabad,Sports,Yoga Mat,6189.77,3,Credit Card,Autumn,No,No,No,Standard,4.4,5,Monthly,25-04-2024
100309,55,Male,Bhopal,Beauty,Moisturizer,2409.6,1,UPI,Winter,No,No,Yes,Same Day,3.8,18,Weekly,11-09-2024
100310,66,Male,Bengaluru,Footwear,Running Shoes,2939.76,2,Net Banking,Spring,Yes,No,Yes,Standard,3.9,47,Yearly,26-08-2024
100311,46,Male,Hyderabad,Grocery,Snacks,1785.27,3,Credit Card,Autumn,No,No,No,Standard,3.7,11,Quarterly,09-07-2025
100312,35,Male,Chennai,Books,Biography,1445.06,4,Debit Card,Autumn,Yes,No,No,Same Day,4.2,17,Quarterly,09-04-2025
100313,57,Female,Mysuru,Electronics,Camera,9775.73,1,Net Banking,Winter,No,No,No,Standard,3.6,5,Monthly,19-09-2025
100314,22,Male,Delhi,Home Decor,Wall Art,1318.24,1,Credit Card,Spring,Yes,Yes,No,Express,4.1,10,Monthly,11-04-2024
100315,51,Female,Bengaluru,Electronics,Headphones,12327.08,5,UPI,Spring,No,No,No,Standard,3.6,12,Weekly,24-04-2025
100316,68,Male,Mysuru,Electronics,Tablet,10316.31,1,UPI,Autumn,No,No,No,Standard,3.2,13,Monthly,15-06-2025
100317,60,Male,Vijayawada,Clothing,T-Shirt,3313.96,2,Net Banking,Winter,Yes,Yes,No,Same Day,4.8,17,Quarterly,21-11-2025
100318,53,Female,Surat,Books,Programming Book,1009.4,2,Net Banking,Winter,No,No,No,Express,4.6,5,Quarterly,17-07-2025
100319,56,Male,Vijayawada,Grocery,Coffee,1454.94,4,Net Banking,Autumn,Yes,No,No,Express,4.7,20,Yearly,01-01-2024
100320,18,Female,Kolkata,Electronics,Tablet,9296.46,3,UPI,Autumn,Yes,No,No,Same Day,4.1,16,Monthly,06-04-2024
100321,33,Male,Ahmedabad,Electronics,Smart Watch,21221.48,1,Net Banking,Winter,Yes,No,No,Same Day,4.9,4,Quarterly,09-05-2025
100322,24,Female,Bengaluru,Footwear,Running Shoes,5303.97,5,Cash,Spring,No,No,No,Standard,3.8,18,Quarterly,22-12-2024
100323,32,Male,Bhopal,Sports,Dumbbells,1406.23,5,UPI,Autumn,No,No,No,Same Day,3.8,3,Monthly,05-06-2024
100324,66,Male,Kolkata,Electronics,Camera,13638.71,4,Credit Card,Summer,No,No,No,Express,4.0,12,Weekly,02-05-2025
100325,62,Male,Delhi,Electronics,Headphones,14618.45,2,Cash,Winter,Yes,Yes,No,Same Day,3.6,2,Monthly,05-09-2024
100326,54,Male,Mumbai,Clothing,Jacket,3522.86,4,Debit Card,Autumn,No,No,No,Standard,3.9,10,Quarterly,18-12-2024
100327,69,Female,Mysuru,Electronics,Tablet,7916.37,1,Credit Card,Summer,No,No,Yes,Same Day,3.6,30,Weekly,25-04-2024
100328,70,Female,Hyderabad,Electronics,Smartphone,11865.43,1,Debit Card,Winter,No,No,No,Express,4.8,4,Weekly,05-12-2024
100329,34,Female,Mysuru,Beauty,Shampoo,2243.79,2,UPI,Winter,No,No,Yes,Same Day,4.7,42,Quarterly,23-06-2024
100330,18,Male,Bhopal,Electronics,Tablet,18207.46,3,UPI,Spring,Yes,Yes,Yes,Express,3.9,47,Yearly,24-08-2024
100331,49,Male,Pune,Sports,Tennis Racket,3027.4,4,Net Banking,Spring,No,No,No,Standard,4.2,3,Quarterly,16-05-2025
100332,50,Female,Bengaluru,Sports,Cricket Bat,7808.87,4,UPI,Autumn,Yes,Yes,Yes,Standard,4.8,30,Monthly,15-12-2024
100333,61,Male,Kochi,Sports,Cricket Bat,3492.04,2,Cash,Autumn,No,No,Yes,Same Day,3.9,32,Monthly,30-10-2025
100334,37,Male,Kochi,Footwear,Flip Flops,6972.82,2,Net Banking,Summer,No,No,No,Express,4.7,6,Weekly,24-07-2025
100335,66,Female,Kochi,Clothing,Jeans,4825.38,3,Cash,Autumn,No,No,Yes,Standard,4.2,17,Monthly,27-01-2024
100336,32,Male,Indore,Home Decor,Vase,753.01,4,Credit Card,Winter,No,No,No,Same Day,4.0,7,Quarterly,07-07-2024
100337,66,Male,Ahmedabad,Sports,Dumbbells,11442.22,2,Credit Card,Summer,Yes,Yes,No,Standard,4.8,5,Yearly,23-09-2025
100338,56,Female,Lucknow,Books,Science Book,1136.84,5,Net Banking,Spring,Yes,No,No,Same Day,5,7,Weekly,07-04-2025
100339,43,Male,Patna,Books,Novel,1121.65,1,Credit Card,Autumn,No,No,No,Express,3.9,7,Quarterly,17-04-2025
100340,27,Female,Coimbatore,Footwear,Running Shoes,1269.78,5,UPI,Summer,No,No,Yes,Same Day,4.5,11,Monthly,06-02-2025
100341,63,Male,Coimbatore,Sports,Yoga Mat,1810.01,3,Credit Card,Spring,No,No,No,Standard,4.6,5,Quarterly,28-03-2024
100342,67,Male,Lucknow,Sports,Tennis Racket,7133.51,2,Credit Card,Summer,Yes,Yes,No,Standard,4.6,5,Weekly,05-03-2025
100343,26,Male,Hyderabad,Home Decor,Wall Art,3848.59,3,UPI,Winter,Yes,Yes,No,Express,4.6,14,Weekly,14-09-2025
100344,44,Female,Chennai,Books,Biography,1602.74,1,Credit Card,Autumn,No,No,Yes,Same Day,3.7,50,Monthly,20-02-2024
100345,60,Female,Lucknow,Footwear,Sandals,6498.42,1,UPI,Winter,Yes,No,Yes,Standard,4.4,30,Monthly,11-04-2025
100346,70,Male,Kochi,Grocery,Rice,2139.61,1,Debit Card,Winter,Yes,No,Yes,Standard,4.5,27,Weekly,12-12-2025
100347,21,Male,Vijayawada,Home Decor,Wall Art,4459.45,5,UPI,Winter,Yes,Yes,No,Same Day,3.8,16,Quarterly,13-03-2025
100348,54,Female,Surat,Grocery,Coffee,1877.12,4,Cash,Summer,Yes,Yes,No,Same Day,3.1,19,Monthly,26-12-2025
100349,68,Male,Visakhapatnam,Home Decor,Curtains,4857.52,4,Cash,Spring,No,No,Yes,Express,3.7,9,Monthly,12-01-2024
100350,38,Male,Mumbai,Beauty,Perfume,2120.34,3,Cash,Spring,Yes,Yes,Yes,Standard,4.9,12,Monthly,04-12-2024
100351,59,Male,Nagpur,Grocery,Milk,557.39,4,Net Banking,Autumn,No,No,No,Express,4.3,15,Weekly,17-06-2025
100352,19,Male,Vijayawada,Home Decor,Vase,4207.31,3,UPI,Summer,No,No,No,Express,3.7,10,Weekly,13-12-2024
100353,29,Male,Jaipur,Sports,Tennis Racket,8698.98,3,UPI,Autumn,No,No,No,Express,5,18,Quarterly,07-04-2025
100354,67,Male,Chennai,Home Decor,Curtains,2829.51,1,Cash,Summer,Yes,No,No,Standard,4.7,5,Quarterly,10-05-2025
100355,51,Male,Visakhapatnam,Home Decor,Wall Art,4430.05,4,Cash,Spring,No,No,Yes,Standard,4.1,14,Weekly,07-12-2024
100356,19,Female,Visakhapatnam,Books,Novel,971.98,2,Debit Card,Autumn,No,No,Yes,Same Day,4.3,50,Quarterly,27-03-2025
100357,53,Male,Visakhapatnam,Clothing,Jacket,2941.38,5,Debit Card,Autumn,Yes,No,Yes,Standard,5,25,Monthly,24-06-2024
100358,21,Male,Hyderabad,Clothing,Jacket,2618.31,1,UPI,Winter,No,No,No,Standard,3.9,10,Weekly,12-03-2025
100359,62,Female,Mysuru,Sports,Cricket Bat,4782.99,3,Credit Card,Spring,No,No,No,Express,4.0,18,Yearly,09-04-2024
100360,32,Male,Mysuru,Books,Science Book,830.62,3,Cash,Summer,No,No,No,Same Day,4.1,14,Quarterly,28-11-2024
100361,28,Female,Indore,Books,Programming Book,1609.99,2,Net Banking,Spring,Yes,Yes,Yes,Express,4.6,38,Quarterly,23-07-2025
100362,33,Male,Patna,Clothing,Jacket,1215.59,4,Cash,Spring,No,No,No,Express,3.4,12,Monthly,11-12-2025
100363,33,Male,Chennai,Sports,Dumbbells,9080.91,5,Cash,Spring,No,No,No,Same Day,3.8,10,Weekly,31-03-2025
100364,61,Female,Lucknow,Footwear,Boots,3814.06,1,UPI,Summer,No,No,No,Standard,3.9,2,Weekly,30-05-2024
100365,46,Male,Visakhapatnam,Footwear,Running Shoes,4993.56,3,Debit Card,Autumn,No,No,No,Express,4.0,12,Weekly,19-08-2025
100366,36,Male,Indore,Electronics,Headphones,23021.51,1,UPI,Autumn,No,No,No,Standard,3.1,12,Quarterly,01-02-2024
100367,63,Female,Bhopal,Beauty,Moisturizer,1268.38,5,Credit Card,Summer,No,No,No,Express,4.6,12,Quarterly,03-03-2025
100368,19,Male,Nagpur,Footwear,Boots,4844.94,2,UPI,Summer,Yes,Yes,No,Same Day,4.7,4,Yearly,11-04-2025
100369,42,Female,Kolkata,Sports,Tennis Racket,2880.86,5,UPI,Winter,Yes,No,Yes,Same Day,4.2,40,Yearly,13-07-2025
100370,41,Male,Vijayawada,Grocery,Rice,1307.53,1,Credit Card,Autumn,No,No,No,Express,4.8,18,Weekly,19-06-2025
100371,52,Female,Mysuru,Clothing,Jeans,737.48,3,Net Banking,Spring,No,No,No,Express,3.2,2,Quarterly,07-03-2025
100372,56,Female,Vijayawada,Grocery,Coffee,799.02,4,Net Banking,Summer,No,No,Yes,Same Day,4.5,10,Weekly,03-11-2025
100373,68,Female,Ahmedabad,Home Decor,Vase,1055.47,3,Debit Card,Autumn,Yes,Yes,Yes,Standard,4.2,39,Monthly,05-11-2025
100374,33,Female,Pune,Books,Science Book,2048.59,1,Debit Card,Spring,No,No,No,Standard,3.5,8,Monthly,22-05-2025
100375,28,Male,Vijayawada,Sports,Dumbbells,9024.84,3,UPI,Autumn,No,No,Yes,Standard,4.7,36,Yearly,04-11-2024
100376,27,Female,Hyderabad,Books,Comics,899.78,4,Cash,Autumn,No,No,Yes,Same Day,4.4,32,Weekly,09-04-2024
100377,39,Female,Ahmedabad,Grocery,Tea,2045.33,3,Net Banking,Winter,No,No,No,Express,4.3,20,Monthly,16-06-2025
100378,18,Male,Hyderabad,Grocery,Milk,1145.87,5,UPI,Winter,Yes,Yes,No,Express,3.4,5,Monthly,17-10-2024
100379,60,Male,Mysuru,Home Decor,Curtains,3937.07,1,UPI,Summer,Yes,No,Yes,Express,3.6,47,Monthly,23-04-2024
100380,58,Female,Ahmedabad,Footwear,Boots,5546.96,3,Debit Card,Summer,No,No,Yes,Standard,3.3,50,Quarterly,04-03-2024
100381,29,Female,Chennai,Sports,Dumbbells,6307.28,2,Net Banking,Winter,Yes,No,Yes,Standard,4.1,11,Yearly,11-08-2024
100382,64,Female,Coimbatore,Clothing,Kurta,584.44,4,Credit Card,Spring,Yes,Yes,No,Standard,4.0,3,Yearly,29-09-2024
100383,67,Female,Nagpur,Footwear,Boots,3447.16,1,Net Banking,Summer,Yes,No,No,Standard,3.6,18,Yearly,04-05-2024
100384,59,Male,Indore,Grocery,Coffee,1429.64,3,UPI,Winter,Yes,No,No,Express,4.7,12,Monthly,29-06-2024
100385,24,Female,Nagpur,Electronics,Smart Watch,6697.25,4,Credit Card,Summer,No,No,No,Standard,4.5,9,Monthly,15-05-2025
100386,69,Female,Hyderabad,Sports,Football,1214.88,1,Debit Card,Spring,Yes,Yes,No,Express,4.9,20,Weekly,04-08-2024
100387,65,Male,Nagpur,Books,Comics,1721.12,4,Net Banking,Spring,Yes,Yes,Yes,Standard,4.1,45,Monthly,09-10-2025
100388,28,Male,Mumbai,Electronics,Tablet,7283.59,5,Net Banking,Summer,No,No,No,Standard,3.9,3,Monthly,12-03-2025
100389,52,Male,Lucknow,Grocery,Milk,2123.78,2,UPI,Summer,Yes,Yes,No,Express,4.6,10,Yearly,21-06-2024
100390,20,Male,Mumbai,Grocery,Snacks,2019.42,5,Cash,Summer,No,No,Yes,Standard,4.4,23,Yearly,23-03-2024
100391,55,Female,Kochi,Electronics,Laptop,18870.07,4,Credit Card,Summer,No,No,Yes,Standard,3.8,13,Yearly,01-09-2024
100392,23,Female,Indore,Footwear,Flip Flops,3338.35,5,Credit Card,Summer,Yes,Yes,No,Standard,3.7,19,Weekly,25-09-2025
100393,60,Male,Ahmedabad,Grocery,Snacks,322.06,1,Credit Card,Winter,No,No,No,Express,4.5,14,Weekly,25-02-2024
100394,66,Female,Bengaluru,Grocery,Coffee,440.17,1,Net Banking,Summer,Yes,No,Yes,Standard,4.9,24,Weekly,11-05-2025
100395,38,Female,Visakhapatnam,Clothing,T-Shirt,3861.89,3,Credit Card,Spring,No,No,No,Express,4.3,14,Yearly,23-07-2024
100396,45,Male,Visakhapatnam,Sports,Cricket Bat,11192.34,4,Credit Card,Winter,No,No,Yes,Express,4.6,45,Monthly,13-04-2025
100397,54,Male,Ahmedabad,Beauty,Perfume,582.2,4,Cash,Winter,Yes,Yes,No,Standard,4.2,6,Quarterly,10-09-2025
100398,32,Male,Kochi,Footwear,Flip Flops,6098.93,4,Credit Card,Winter,No,No,No,Express,3.8,18,Quarterly,15-01-2024
100399,55,Male,Vijayawada,Sports,Cricket Bat,10860.42,4,UPI,Spring,No,No,Yes,Express,4.1,35,Yearly,27-06-2025
100400,33,Male,Patna,Sports,Dumbbells,9234.48,4,Credit Card,Summer,No,No,No,Express,3.6,3,Quarterly,01-09-2024
100401,54,Male,Coimbatore,Clothing,T-Shirt,2586.92,2,Cash,Summer,Yes,Yes,No,Express,3.7,9,Weekly,04-10-2025
100402,36,Female,Ahmedabad,Clothing,Kurta,3641.25,5,Net Banking,Summer,No,No,No,Same Day,3.6,10,Weekly,27-09-2025
100403,61,Female,Bengaluru,Grocery,Milk,455.22,3,Cash,Spring,No,No,No,Express,3.7,16,Weekly,28-07-2025
100404,59,Female,Vijayawada,Beauty,Face Wash,2639.17,2,Credit Card,Autumn,No,No,No,Express,4.7,7,Quarterly,30-05-2025
100405,51,Male,Nagpur,Sports,Yoga Mat,8750.04,5,Debit Card,Winter,Yes,Yes,Yes,Same Day,3.7,31,Weekly,11-07-2024
100406,24,Male,Ahmedabad,Books,Novel,502.06,2,Cash,Summer,Yes,No,Yes,Standard,4.8,19,Weekly,27-10-2024
100407,59,Male,Jaipur,Sports,Tennis Racket,2917.48,1,Credit Card,Autumn,Yes,Yes,No,Express,3.6,15,Quarterly,12-05-2025
100408,37,Male,Ahmedabad,Books,Programming Book,760.26,3,Debit Card,Spring,No,No,Yes,Standard,3.9,16,Quarterly,18-10-2024
100409,36,Male,Pune,Books,Biography,2138.5,2,Credit Card,Summer,No,No,No,Standard,4.6,5,Monthly,27-03-2025
100410,60,Female,Indore,Home Decor,Wall Art,1143.28,4,Net Banking,Summer,No,No,Yes,Same Day,4.3,43,Quarterly,04-05-2024
100411,38,Male,Hyderabad,Electronics,Smart Watch,24403.0,5,Net Banking,Autumn,No,No,No,Same Day,4.0,4,Quarterly,10-08-2025
100412,48,Male,Delhi,Footwear,Flip Flops,4971.45,1,Debit Card,Spring,Yes,Yes,No,Express,3.7,14,Monthly,01-04-2025
100413,55,Male,Ahmedabad,Grocery,Rice,650.15,1,Net Banking,Winter,No,No,Yes,Same Day,4.1,46,Yearly,18-07-2024
100414,60,Female,Bhopal,Books,Science Book,582.88,4,Debit Card,Winter,No,No,No,Express,4.0,16,Weekly,18-10-2024
100415,23,Male,Coimbatore,Grocery,Coffee,1905.51,4,Cash,Autumn,No,No,Yes,Standard,4.7,36,Yearly,28-02-2025
100416,51,Female,Chennai,Footwear,Flip Flops,6578.86,5,Cash,Spring,Yes,Yes,No,Standard,3.0,4,Yearly,16-10-2025
100417,66,Male,Visakhapatnam,Home Decor,Carpet,1360.24,4,Debit Card,Winter,No,No,Yes,Standard,4.4,37,Quarterly,20-05-2025
100418,58,Female,Mumbai,Books,Biography,1721.08,3,Cash,Summer,Yes,Yes,Yes,Express,3.8,8,Monthly,30-01-2024
100419,41,Female,Vijayawada,Clothing,Jacket,2462.31,3,Cash,Spring,No,No,No,Express,3.5,2,Quarterly,15-06-2024
100420,41,Female,Indore,Electronics,Smartphone,5974.3,3,Net Banking,Spring,Yes,Yes,Yes,Same Day,4.1,16,Monthly,05-10-2025
100421,38,Female,Ahmedabad,Footwear,Sneakers,5018.3,3,UPI,Autumn,No,No,No,Standard,4.8,5,Quarterly,11-05-2025
100422,32,Male,Patna,Sports,Yoga Mat,7670.4,5,Net Banking,Spring,Yes,Yes,No,Express,4.2,5,Yearly,19-03-2024
100423,26,Female,Mysuru,Clothing,Jeans,2854.04,3,Credit Card,Autumn,Yes,Yes,No,Standard,4.2,15,Monthly,11-12-2025
100424,62,Male,Chennai,Footwear,Sandals,818.48,4,Cash,Spring,Yes,Yes,Yes,Standard,3.9,21,Weekly,03-02-2024
100425,18,Male,Mumbai,Electronics,Smart Watch,23401.96,2,Net Banking,Summer,Yes,Yes,Yes,Standard,4.1,24,Monthly,11-10-2024
100426,57,Male,Surat,Grocery,Coffee,1511.54,1,Net Banking,Spring,No,No,Yes,Same Day,4.1,40,Monthly,15-07-2024
100427,31,Female,Indore,Home Decor,Curtains,4279.36,2,Cash,Spring,Yes,No,No,Standard,4.9,17,Yearly,07-08-2024
100428,26,Female,Indore,Beauty,Moisturizer,2173.25,5,UPI,Spring,Yes,Yes,Yes,Express,3.0,28,Yearly,28-04-2024
100429,46,Male,Patna,Sports,Yoga Mat,5361.56,4,Credit Card,Spring,No,No,No,Express,4.6,9,Weekly,21-11-2025
100430,23,Male,Delhi,Books,Novel,1138.33,5,UPI,Summer,No,No,No,Standard,4.0,16,Quarterly,22-07-2024
100431,64,Female,Ahmedabad,Grocery,Oil,1959.08,5,Net Banking,Autumn,Yes,No,No,Same Day,4.6,12,Yearly,11-05-2025
100432,32,Male,Hyderabad,Home Decor,Curtains,867.74,1,UPI,Winter,Yes,Yes,No,Same Day,4.0,3,Weekly,02-07-2024
100433,66,Male,Surat,Sports,Tennis Racket,9396.81,4,Credit Card,Autumn,Yes,Yes,No,Same Day,3.6,4,Quarterly,07-07-2025
100434,42,Female,Coimbatore,Electronics,Laptop,5719.62,2,Net Banking,Autumn,Yes,Yes,No,Same Day,4.2,3,Monthly,18-05-2025
100435,25,Female,Patna,Sports,Cricket Bat,8476.19,5,Cash,Winter,No,No,Yes,Same Day,4.6,32,Yearly,26-09-2024
100436,67,Female,Lucknow,Books,Comics,388.2,5,UPI,Summer,No,No,No,Express,3.7,19,Quarterly,20-08-2025
100437,44,Female,Bengaluru,Electronics,Camera,18224.8,2,Credit Card,Autumn,Yes,No,Yes,Same Day,4.9,14,Quarterly,27-04-2024
100438,45,Female,Ahmedabad,Grocery,Oil,246.93,4,Net Banking,Spring,Yes,Yes,Yes,Express,4.6,28,Yearly,07-08-2025
100439,39,Female,Surat,Sports,Yoga Mat,9888.32,3,Credit Card,Autumn,Yes,Yes,No,Express,4.5,15,Weekly,02-07-2025
100440,43,Male,Mysuru,Beauty,Perfume,2280.09,1,Net Banking,Spring,No,No,Yes,Same Day,4.1,27,Quarterly,06-10-2024
100441,22,Female,Surat,Clothing,Dress,4118.57,4,Net Banking,Autumn,Yes,Yes,No,Standard,3.9,15,Yearly,18-11-2025
100442,54,Female,Visakhapatnam,Footwear,Sneakers,4863.08,4,Debit Card,Winter,No,No,No,Same Day,4.4,16,Weekly,18-06-2025
100443,37,Female,Kochi,Beauty,Perfume,1092.23,1,Credit Card,Winter,Yes,Yes,No,Express,4.5,7,Quarterly,04-12-2025
100444,70,Female,Coimbatore,Beauty,Moisturizer,1559.07,4,Cash,Spring,Yes,Yes,Yes,Standard,3.6,17,Monthly,06-10-2024
100445,29,Male,Nagpur,Footwear,Sneakers,5628.07,1,UPI,Autumn,No,No,Yes,Same Day,4.1,25,Yearly,07-01-2025
100446,50,Male,Surat,Clothing,Kurta,3488.98,5,Net Banking,Autumn,Yes,Yes,No,Express,4.4,4,Weekly,31-08-2024
100447,69,Male,Kochi,Clothing,Jacket,1481.04,1,Credit Card,Summer,No,No,Yes,Express,3.8,45,Weekly,17-05-2025
100448,48,Male,Ahmedabad,Grocery,Milk,2222.7,2,Debit Card,Winter,No,No,No,Same Day,4.3,10,Quarterly,11-11-2024
100449,69,Male,Kolkata,Electronics,Camera,10059.66,4,Debit Card,Autumn,Yes,No,No,Same Day,4.9,19,Yearly,01-02-2025
100450,66,Male,Jaipur,Electronics,Smart Watch,9207.73,2,Cash,Autumn,Yes,No,No,Same Day,4.9,8,Yearly,04-02-2024
100451,44,Female,Kochi,Home Decor,Lamp,5297.54,1,Credit Card,Autumn,No,No,No,Same Day,4.7,15,Quarterly,09-04-2025
100452,68,Male,Hyderabad,Electronics,Laptop,13013.24,3,Debit Card,Spring,No,No,No,Standard,4.4,5,Monthly,12-09-2024
100453,65,Male,Ahmedabad,Footwear,Flip Flops,1792.92,5,Debit Card,Autumn,No,No,No,Standard,4.6,10,Yearly,21-01-2025
100454,58,Male,Chennai,Beauty,Lipstick,2927.56,2,Debit Card,Summer,No,No,No,Standard,4.4,17,Yearly,24-09-2025
100455,28,Male,Hyderabad,Sports,Tennis Racket,8848.13,4,Cash,Winter,No,No,Yes,Standard,4.3,13,Quarterly,21-10-2024
100456,70,Female,Visakhapatnam,Books,Programming Book,1191.24,4,Credit Card,Spring,No,No,Yes,Express,4.5,21,Quarterly,29-08-2024
100457,18,Female,Delhi,Books,Biography,2210.75,4,Credit Card,Winter,No,No,No,Same Day,3.6,20,Weekly,07-04-2024
100458,40,Male,Hyderabad,Electronics,Laptop,10073.14,5,Cash,Autumn,No,No,Yes,Express,4.5,23,Quarterly,15-05-2024
100459,39,Female,Delhi,Electronics,Headphones,6792.96,5,Cash,Summer,No,No,Yes,Express,4.3,18,Monthly,26-05-2025
100460,34,Female,Surat,Home Decor,Wall Art,2084.16,2,Debit Card,Winter,No,No,No,Standard,4.3,9,Yearly,24-02-2024
100461,63,Female,Kochi,Beauty,Face Wash,524.87,4,UPI,Winter,Yes,Yes,Yes,Express,4.8,19,Yearly,19-05-2025
100462,36,Male,Pune,Clothing,Hoodie,3874.71,3,Net Banking,Summer,Yes,Yes,No,Same Day,4.2,3,Weekly,22-06-2025
100463,61,Male,Lucknow,Footwear,Running Shoes,863.56,1,Cash,Autumn,No,No,No,Same Day,4.4,7,Quarterly,06-06-2024
100464,35,Male,Lucknow,Electronics,Laptop,24395.41,5,Cash,Autumn,No,No,No,Same Day,4.1,15,Monthly,04-08-2024
100465,53,Female,Chennai,Electronics,Camera,12977.17,2,Credit Card,Winter,No,No,Yes,Standard,4.5,11,Yearly,16-02-2025
100466,65,Female,Mysuru,Home Decor,Curtains,1048.33,1,Debit Card,Summer,No,No,Yes,Express,4.2,39,Yearly,01-02-2025
100467,41,Male,Kochi,Books,Science Book,1669.04,1,UPI,Autumn,Yes,Yes,No,Express,3.9,13,Monthly,22-05-2025
100468,48,Female,Delhi,Clothing,Jacket,4928.84,3,Credit Card,Winter,No,No,No,Express,3.6,2,Weekly,18-07-2025
100469,60,Female,Indore,Clothing,T-Shirt,1646.87,1,Net Banking,Spring,Yes,Yes,No,Standard,4.2,16,Monthly,06-02-2025
100470,66,Female,Mysuru,Electronics,Laptop,21156.68,3,Credit Card,Summer,Yes,No,No,Standard,3.6,9,Weekly,10-09-2025
100471,28,Female,Coimbatore,Home Decor,Lamp,4243.3,5,Cash,Autumn,Yes,Yes,No,Same Day,4.5,0,Yearly,05-11-2024
100472,30,Male,Visakhapatnam,Clothing,Jeans,2665.03,2,Credit Card,Winter,Yes,Yes,Yes,Same Day,3.6,20,Monthly,29-03-2024
100473,27,Female,Nagpur,Home Decor,Carpet,2987.49,4,Net Banking,Summer,Yes,Yes,Yes,Standard,3.9,35,Yearly,22-02-2024
100474,49,Female,Bengaluru,Grocery,Rice,1321.24,4,Net Banking,Winter,No,No,Yes,Standard,5,35,Weekly,24-06-2025
100475,44,Female,Mumbai,Electronics,Smart Watch,14895.78,3,Cash,Winter,Yes,No,No,Standard,4.6,17,Yearly,18-12-2024
100476,39,Female,Delhi,Books,Biography,2237.14,4,Cash,Autumn,No,No,No,Express,4.9,18,Monthly,28-09-2025
100477,26,Male,Visakhapatnam,Beauty,Perfume,637.68,4,UPI,Winter,No,No,No,Express,4.1,2,Weekly,19-01-2024
100478,50,Male,Chennai,Grocery,Coffee,976.79,1,Net Banking,Summer,Yes,No,No,Standard,4.5,5,Monthly,13-05-2025
100479,53,Female,Delhi,Home Decor,Wall Art,5164.43,5,Net Banking,Spring,No,No,No,Same Day,5,1,Yearly,23-04-2024
100480,20,Male,Pune,Clothing,Dress,3334.67,2,Debit Card,Summer,No,No,No,Same Day,4.6,3,Quarterly,26-12-2025
100481,70,Male,Mumbai,Books,Comics,2159.34,4,Cash,Spring,Yes,Yes,No,Standard,4.5,3,Quarterly,01-06-2025
100482,27,Female,Kolkata,Footwear,Sneakers,1569.36,4,Cash,Winter,Yes,Yes,Yes,Express,3.7,34,Quarterly,31-01-2024
100483,23,Female,Lucknow,Books,Biography,1153.71,2,Cash,Spring,No,No,No,Express,4.2,16,Monthly,11-08-2025
100484,44,Female,Patna,Electronics,Camera,22470.93,3,Debit Card,Spring,No,No,No,Express,3.5,16,Monthly,18-12-2025
100485,57,Female,Indore,Sports,Dumbbells,10741.96,4,Credit Card,Autumn,No,No,No,Standard,4.6,17,Monthly,16-06-2025
100486,58,Male,Hyderabad,Home Decor,Curtains,458.98,5,Net Banking,Autumn,Yes,Yes,Yes,Standard,4.3,43,Quarterly,08-03-2025
100487,25,Male,Mumbai,Clothing,Hoodie,2519.32,5,UPI,Winter,Yes,Yes,Yes,Express,5,31,Monthly,24-12-2024
100488,63,Female,Surat,Home Decor,Wall Art,4503.82,1,Debit Card,Summer,No,No,No,Express,4.1,18,Yearly,10-04-2024
100489,26,Female,Visakhapatnam,Footwear,Running Shoes,3510.83,3,Net Banking,Winter,Yes,Yes,No,Same Day,3.4,2,Quarterly,21-08-2025
100490,44,Male,Delhi,Books,Programming Book,1388.02,4,Cash,Summer,No,No,No,Same Day,3.9,15,Weekly,12-12-2025
100491,41,Male,Mysuru,Beauty,Moisturizer,2586.49,1,UPI,Autumn,No,No,No,Same Day,4.1,5,Weekly,15-01-2025
100492,68,Female,Bengaluru,Home Decor,Wall Art,5639.88,3,Debit Card,Summer,Yes,Yes,Yes,Standard,4.8,39,Yearly,03-01-2024
100493,54,Female,Lucknow,Clothing,Dress,4016.07,4,Net Banking,Summer,Yes,Yes,Yes,Standard,3.6,10,Yearly,14-11-2025
100494,57,Female,Bhopal,Books,Biography,773.85,4,Debit Card,Spring,Yes,Yes,No,Same Day,4.2,10,Yearly,11-10-2024
100495,67,Female,Patna,Clothing,Jeans,3403.22,5,UPI,Summer,No,No,No,Same Day,3.4,18,Monthly,02-05-2025
100496,68,Male,Kolkata,Electronics,Laptop,21593.81,5,Cash,Spring,Yes,Yes,No,Same Day,4.0,17,Quarterly,15-02-2025
100497,19,Female,Bhopal,Electronics,Smart Watch,10143.56,1,UPI,Summer,Yes,Yes,No,Express,4.4,0,Weekly,06-06-2024
100498,38,Male,Hyderabad,Home Decor,Carpet,4365.81,3,Cash,Spring,No,No,No,Express,4.5,1,Monthly,26-02-2025
100499,56,Male,Nagpur,Grocery,Coffee,1369.83,5,Cash,Spring,Yes,Yes,No,Express,4.7,3,Yearly,08-03-2024
100500,19,Female,Patna,Books,Novel,2417.82,1,Credit Card,Summer,No,No,No,Express,4.4,7,Yearly,01-04-2025
100501,68,Male,Patna,Clothing,Hoodie,4786.76,5,Cash,Spring,Yes,No,No,Standard,4.7,4,Quarterly,30-10-2025
100502,61,Female,Indore,Footwear,Sneakers,6007.36,2,Net Banking,Autumn,Yes,Yes,Yes,Standard,3.0,38,Monthly,30-06-2025
100503,64,Female,Kochi,Clothing,Jacket,1448.83,5,Debit Card,Autumn,No,No,Yes,Same Day,4.1,15,Yearly,06-10-2024
100504,39,Male,Delhi,Beauty,Perfume,2010.04,1,Net Banking,Winter,No,No,Yes,Standard,5,37,Weekly,19-11-2025
100505,52,Male,Chennai,Footwear,Running Shoes,4093.49,4,UPI,Autumn,No,No,No,Express,4.4,15,Monthly,14-12-2025
100506,19,Female,Indore,Electronics,Laptop,8830.23,5,Debit Card,Summer,Yes,Yes,No,Standard,3.8,6,Yearly,06-01-2025
100507,70,Female,Mumbai,Electronics,Tablet,22398.32,5,Net Banking,Winter,Yes,Yes,No,Standard,3.5,19,Monthly,07-03-2024
100508,51,Female,Visakhapatnam,Footwear,Sneakers,6040.3,1,Net Banking,Autumn,No,No,Yes,Same Day,4.0,44,Yearly,03-01-2024
100509,35,Male,Surat,Sports,Football,6025.77,3,Net Banking,Spring,Yes,No,No,Same Day,4.3,10,Yearly,29-06-2025
100510,69,Male,Kolkata,Books,Science Book,2450.72,4,UPI,Summer,Yes,No,Yes,Standard,4.6,20,Monthly,03-12-2024
100511,19,Female,Ahmedabad,Home Decor,Lamp,1708.78,4,Credit Card,Autumn,Yes,Yes,No,Standard,4.5,3,Monthly,15-03-2024
100512,20,Female,Lucknow,Books,Novel,2252.69,1,Credit Card,Spring,Yes,No,No,Express,3.7,18,Weekly,04-11-2024
100513,36,Female,Bhopal,Sports,Football,1873.3,4,Credit Card,Spring,No,No,Yes,Express,3.5,11,Weekly,13-12-2024
100514,56,Male,Vijayawada,Electronics,Smart Watch,20788.33,2,Net Banking,Summer,Yes,Yes,No,Same Day,4.8,18,Quarterly,29-12-2024
100515,20,Male,Delhi,Sports,Dumbbells,4290.67,4,Net Banking,Autumn,Yes,Yes,No,Express,3.7,14,Monthly,30-05-2024
100516,55,Male,Bengaluru,Books,Science Book,784.12,5,UPI,Winter,Yes,Yes,No,Express,3.9,9,Monthly,24-07-2024
100517,62,Female,Mysuru,Beauty,Lipstick,2138.76,5,Net Banking,Autumn,No,No,Yes,Same Day,4.1,50,Weekly,10-04-2025
100518,62,Male,Coimbatore,Electronics,Smart Watch,17478.4,2,Cash,Autumn,No,No,Yes,Same Day,4.6,8,Yearly,29-07-2024
100519,19,Male,Delhi,Sports,Cricket Bat,4054.45,2,Net Banking,Autumn,Yes,Yes,No,Standard,4.5,0,Quarterly,27-06-2024
100520,33,Male,Visakhapatnam,Beauty,Perfume,260.18,3,UPI,Spring,No,No,No,Same Day,4.1,10,Monthly,23-01-2025
100521,41,Female,Pune,Clothing,Jacket,4735.23,5,Cash,Spring,No,No,No,Standard,4.9,9,Monthly,15-07-2024
100522,33,Male,Mysuru,Sports,Yoga Mat,7378.05,5,Debit Card,Summer,No,No,Yes,Express,5,35,Monthly,24-02-2024
100523,31,Male,Nagpur,Home Decor,Curtains,4808.68,5,UPI,Summer,No,No,No,Same Day,3.4,18,Quarterly,25-05-2025
100524,48,Female,Nagpur,Books,Biography,853.75,4,Net Banking,Spring,No,No,Yes,Standard,4.9,31,Monthly,26-07-2024
100525,28,Female,Ahmedabad,Books,Biography,1488.74,2,UPI,Autumn,Yes,Yes,No,Express,3.8,9,Weekly,21-04-2025
100526,38,Female,Bhopal,Grocery,Tea,256.85,4,Credit Card,Autumn,Yes,No,No,Same Day,4.2,13,Weekly,02-01-2025
100527,23,Female,Kolkata,Clothing,Jacket,942.84,1,Debit Card,Spring,No,No,No,Same Day,4.3,16,Quarterly,13-09-2024
100528,66,Female,Hyderabad,Home Decor,Wall Art,4689.43,3,Debit Card,Winter,No,No,Yes,Express,4.5,46,Weekly,28-04-2025
100529,51,Female,Coimbatore,Footwear,Running Shoes,2846.16,1,Debit Card,Summer,No,No,Yes,Express,4.3,21,Monthly,25-03-2025
100530,26,Female,Hyderabad,Books,Comics,1374.55,3,Debit Card,Summer,No,No,Yes,Express,3.4,16,Yearly,03-12-2025
100531,26,Male,Lucknow,Sports,Tennis Racket,7163.74,5,Net Banking,Winter,Yes,No,Yes,Express,4.3,45,Yearly,11-07-2024
100532,37,Male,Pune,Books,Novel,484.7,5,Credit Card,Spring,No,No,Yes,Same Day,4.7,36,Yearly,28-01-2024
100533,60,Male,Coimbatore,Footwear,Sandals,1061.96,5,UPI,Summer,Yes,Yes,Yes,Express,4.5,32,Monthly,23-04-2024
100534,31,Male,Visakhapatnam,Footwear,Flip Flops,2651.47,4,Credit Card,Autumn,Yes,No,No,Same Day,3.8,2,Monthly,29-05-2025
100535,56,Male,Surat,Books,Science Book,990.01,5,Cash,Winter,Yes,No,Yes,Express,3.5,17,Quarterly,23-10-2025
100536,29,Female,Kolkata,Books,Science Book,654.05,5,Cash,Winter,Yes,No,No,Express,3.8,9,Monthly,16-12-2025
100537,35,Female,Chennai,Clothing,Kurta,3641.2,2,Cash,Winter,Yes,No,No,Same Day,4.5,1,Weekly,31-05-2025
100538,19,Male,Coimbatore,Grocery,Tea,1076.66,4,Credit Card,Winter,Yes,Yes,No,Standard,4.5,8,Weekly,13-09-2024
100539,47,Female,Coimbatore,Clothing,Hoodie,807.07,5,Credit Card,Winter,No,No,No,Standard,3.8,10,Monthly,23-06-2024
100540,28,Male,Hyderabad,Electronics,Headphones,18547.66,2,Cash,Autumn,Yes,No,Yes,Standard,4.3,26,Monthly,05-02-2024
100541,59,Male,Bhopal,Beauty,Moisturizer,2132.97,4,UPI,Spring,No,No,No,Standard,4.3,20,Monthly,18-01-2025
100542,70,Male,Chennai,Beauty,Face Wash,817.59,1,Credit Card,Summer,Yes,Yes,Yes,Standard,3.4,34,Yearly,08-06-2025
100543,52,Female,Kochi,Clothing,Jacket,1043.62,2,UPI,Autumn,Yes,Yes,Yes,Express,4.4,48,Quarterly,13-01-2024
100544,35,Female,Bengaluru,Sports,Cricket Bat,1554.11,2,Cash,Autumn,No,No,No,Same Day,4.6,2,Yearly,14-04-2024
100545,42,Male,Lucknow,Footwear,Boots,1804.59,3,Cash,Spring,Yes,Yes,No,Express,5,19,Yearly,26-01-2025
100546,25,Female,Kolkata,Beauty,Shampoo,2266.16,2,Net Banking,Spring,Yes,Yes,No,Standard,4.3,0,Monthly,18-01-2025
100547,64,Female,Lucknow,Books,Science Book,552.1,3,UPI,Winter,Yes,Yes,Yes,Same Day,4.5,32,Monthly,05-12-2024
100548,60,Male,Kolkata,Grocery,Oil,1598.55,4,Net Banking,Autumn,No,No,Yes,Standard,3.4,11,Yearly,06-10-2025
100549,21,Male,Visakhapatnam,Electronics,Laptop,7511.22,2,Net Banking,Summer,No,No,No,Standard,3.7,2,Yearly,14-11-2024
100550,37,Female,Vijayawada,Footwear,Sandals,3524.11,2,Debit Card,Winter,No,No,Yes,Standard,4.2,19,Quarterly,11-02-2025
100551,65,Female,Delhi,Sports,Cricket Bat,9979.56,4,UPI,Winter,No,No,No,Express,4.7,13,Quarterly,01-09-2025
100552,36,Female,Patna,Footwear,Flip Flops,4517.96,1,Debit Card,Summer,Yes,Yes,No,Same Day,3.5,8,Yearly,19-07-2024
100553,41,Female,Bhopal,Footwear,Sandals,6531.85,4,Debit Card,Winter,No,No,Yes,Express,3.7,40,Weekly,22-02-2025
100554,34,Female,Surat,Electronics,Laptop,19182.57,3,UPI,Winter,Yes,No,No,Express,5,18,Monthly,05-09-2024
100555,61,Male,Delhi,Books,Novel,837.99,4,Credit Card,Autumn,No,No,No,Standard,3.2,11,Monthly,13-01-2024
100556,23,Male,Kochi,Clothing,T-Shirt,1246.21,4,Debit Card,Autumn,Yes,Yes,No,Same Day,3.5,12,Yearly,23-08-2025
100557,69,Female,Delhi,Home Decor,Carpet,1833.42,2,Cash,Autumn,Yes,Yes,No,Standard,5,2,Weekly,09-04-2024
100558,64,Female,Pune,Clothing,Hoodie,1293.81,2,Credit Card,Summer,No,No,No,Express,4.1,13,Monthly,29-05-2025
100559,29,Male,Ahmedabad,Clothing,Kurta,4923.26,4,Cash,Spring,Yes,Yes,No,Same Day,4.4,6,Yearly,07-05-2024
100560,66,Male,Hyderabad,Home Decor,Lamp,648.02,1,Net Banking,Spring,Yes,Yes,Yes,Standard,4.6,45,Monthly,18-06-2025
100561,48,Female,Mysuru,Electronics,Smart Watch,13589.07,3,Debit Card,Autumn,No,No,No,Standard,4.9,8,Yearly,17-09-2025
100562,43,Male,Hyderabad,Electronics,Tablet,17038.18,5,Debit Card,Summer,Yes,No,No,Express,3.9,3,Yearly,25-09-2025
100563,70,Female,Hyderabad,Books,Comics,1676.0,1,Debit Card,Winter,Yes,Yes,No,Standard,3.8,6,Weekly,22-12-2024
100564,36,Male,Delhi,Sports,Dumbbells,10542.42,5,Net Banking,Spring,No,No,No,Standard,3.9,3,Yearly,30-03-2024
100565,25,Female,Patna,Home Decor,Vase,1673.14,2,Credit Card,Spring,Yes,Yes,No,Standard,3.5,14,Monthly,30-11-2024
100566,60,Male,Delhi,Sports,Yoga Mat,11134.65,4,UPI,Autumn,No,No,Yes,Standard,4.5,24,Weekly,21-10-2025
100567,68,Female,Kolkata,Grocery,Tea,714.17,1,Debit Card,Spring,No,No,No,Standard,4.9,12,Monthly,28-04-2024
100568,18,Female,Bengaluru,Grocery,Oil,1557.14,2,Cash,Winter,No,No,No,Express,4.6,12,Quarterly,26-11-2025
100569,52,Female,Lucknow,Footwear,Flip Flops,1611.61,3,Credit Card,Winter,Yes,Yes,No,Same Day,3.5,18,Monthly,12-11-2025
100570,25,Female,Vijayawada,Electronics,Headphones,14565.65,2,Cash,Autumn,No,No,Yes,Same Day,4.4,40,Yearly,01-03-2024
100571,69,Male,Bengaluru,Grocery,Oil,2323.26,2,Cash,Winter,No,No,No,Express,4.9,6,Monthly,23-01-2024
100572,66,Female,Bhopal,Sports,Yoga Mat,1604.42,3,Debit Card,Summer,No,No,No,Same Day,4.1,15,Yearly,09-04-2024
100573,21,Female,Coimbatore,Footwear,Boots,4824.19,5,Credit Card,Winter,No,No,No,Same Day,3.1,18,Monthly,11-08-2024
100574,27,Female,Kochi,Beauty,Lipstick,2102.45,2,UPI,Spring,Yes,No,No,Express,4.3,18,Yearly,02-07-2024
100575,27,Female,Kolkata,Electronics,Laptop,5679.86,2,Cash,Winter,Yes,Yes,No,Express,3.7,20,Yearly,09-12-2025
100576,46,Female,Hyderabad,Clothing,Kurta,1040.0,1,UPI,Winter,Yes,Yes,No,Same Day,3.0,20,Monthly,24-01-2024
100577,29,Female,Nagpur,Books,Science Book,2499.9,4,Debit Card,Summer,No,No,No,Standard,3.8,3,Monthly,19-02-2025
100578,51,Female,Chennai,Electronics,Smart Watch,15378.02,5,Net Banking,Spring,No,No,No,Standard,4.9,17,Weekly,04-07-2024
100579,31,Male,Chennai,Footwear,Sneakers,4243.73,1,UPI,Spring,Yes,Yes,No,Same Day,3.8,10,Monthly,09-03-2025
100580,36,Female,Delhi,Electronics,Smartphone,16541.43,3,Net Banking,Autumn,No,No,Yes,Same Day,5,41,Monthly,05-12-2025
100581,31,Male,Mysuru,Clothing,Hoodie,2984.32,5,Debit Card,Autumn,Yes,Yes,No,Standard,4.1,7,Quarterly,23-09-2024
100582,61,Female,Delhi,Sports,Cricket Bat,6802.13,1,Debit Card,Summer,No,No,No,Same Day,3.7,2,Quarterly,31-07-2025
100583,45,Female,Hyderabad,Footwear,Running Shoes,6773.31,2,UPI,Autumn,No,No,No,Standard,3.5,10,Yearly,08-03-2024
100584,27,Male,Ahmedabad,Grocery,Milk,222.69,4,Credit Card,Winter,No,No,Yes,Standard,4.1,29,Weekly,28-06-2024
100585,54,Female,Patna,Home Decor,Vase,1845.01,1,UPI,Summer,Yes,Yes,No,Express,4.7,15,Quarterly,25-11-2025
100586,27,Male,Delhi,Sports,Dumbbells,5042.57,3,UPI,Autumn,Yes,Yes,No,Same Day,4.0,8,Monthly,25-11-2025
100587,50,Female,Ahmedabad,Sports,Dumbbells,11469.3,5,Credit Card,Autumn,No,No,Yes,Same Day,5.0,30,Yearly,16-11-2024
100588,28,Male,Chennai,Clothing,Hoodie,3845.34,5,Cash,Spring,No,No,Yes,Express,3.3,23,Monthly,06-05-2025
100589,43,Male,Mysuru,Books,Comics,677.91,1,Cash,Autumn,No,No,No,Standard,4.9,17,Weekly,13-09-2025
100590,29,Male,Indore,Books,Biography,2138.67,5,Debit Card,Spring,No,No,No,Express,4.2,16,Yearly,23-01-2025
100591,33,Male,Jaipur,Footwear,Boots,2584.82,3,Debit Card,Summer,No,No,No,Standard,4.2,10,Monthly,08-11-2024
100592,47,Female,Jaipur,Electronics,Smart Watch,12077.85,1,Debit Card,Summer,Yes,Yes,No,Express,3.6,15,Quarterly,10-01-2024
100593,27,Female,Mumbai,Clothing,Kurta,4608.99,1,Credit Card,Autumn,No,No,No,Standard,3.7,2,Quarterly,14-03-2025
100594,60,Female,Pune,Footwear,Flip Flops,1581.21,4,UPI,Autumn,No,No,No,Same Day,4.3,3,Monthly,23-04-2024
100595,20,Male,Visakhapatnam,Beauty,Perfume,2855.45,3,UPI,Winter,Yes,Yes,Yes,Express,3.3,33,Monthly,28-11-2024
100596,68,Male,Delhi,Sports,Tennis Racket,2542.07,5,UPI,Summer,Yes,No,No,Standard,3.9,12,Quarterly,15-03-2025
100597,66,Female,Kolkata,Electronics,Smart Watch,17352.26,5,Credit Card,Summer,No,No,No,Express,4.3,9,Monthly,13-11-2025
100598,50,Male,Visakhapatnam,Sports,Cricket Bat,11916.58,5,Credit Card,Summer,No,No,No,Standard,3.2,3,Monthly,14-02-2025
100599,23,Male,Bhopal,Electronics,Tablet,13145.94,3,Credit Card,Summer,Yes,Yes,No,Express,4.0,4,Yearly,21-10-2025
100600,44,Male,Lucknow,Electronics,Tablet,22902.12,2,UPI,Spring,Yes,Yes,Yes,Standard,4.3,31,Quarterly,05-08-2024
100601,49,Female,Lucknow,Home Decor,Carpet,2034.83,1,UPI,Summer,Yes,Yes,Yes,Express,3.6,46,Quarterly,31-08-2024
100602,26,Male,Bengaluru,Home Decor,Curtains,3643.4,2,Credit Card,Winter,No,No,No,Standard,4.9,2,Weekly,13-07-2025
100603,27,Male,Delhi,Grocery,Coffee,640.93,5,Debit Card,Autumn,No,No,No,Express,3.4,6,Yearly,10-03-2024
100604,28,Female,Delhi,Books,Programming Book,901.73,5,UPI,Summer,No,No,No,Same Day,4.5,16,Yearly,21-05-2025
100605,43,Female,Visakhapatnam,Clothing,Jeans,1328.3,2,Net Banking,Summer,Yes,No,No,Same Day,3.9,16,Yearly,30-05-2025
100606,53,Male,Pune,Home Decor,Wall Art,1576.4,5,Credit Card,Autumn,No,No,No,Standard,3.2,9,Monthly,11-10-2024
100607,33,Male,Patna,Footwear,Boots,1431.96,3,Net Banking,Autumn,No,No,No,Express,4.9,1,Quarterly,16-05-2024
100608,18,Female,Kolkata,Sports,Tennis Racket,8981.34,3,Credit Card,Autumn,No,No,Yes,Standard,4.6,11,Weekly,05-12-2025
100609,31,Female,Kolkata,Sports,Yoga Mat,4431.75,2,Net Banking,Winter,No,No,No,Standard,3.4,20,Yearly,12-01-2025
100610,70,Male,Visakhapatnam,Footwear,Running Shoes,4288.85,2,Debit Card,Spring,No,No,Yes,Express,4.5,19,Monthly,30-06-2024
100611,59,Female,Mumbai,Sports,Tennis Racket,8912.24,2,UPI,Spring,Yes,Yes,Yes,Express,4.0,17,Weekly,21-10-2025
100612,56,Male,Hyderabad,Electronics,Smartphone,24152.35,1,Net Banking,Autumn,Yes,No,Yes,Same Day,4.4,13,Weekly,26-07-2024
100613,37,Female,Nagpur,Footwear,Running Shoes,1673.43,1,Net Banking,Autumn,No,No,No,Same Day,4.1,14,Weekly,15-04-2024
100614,19,Male,Kochi,Home Decor,Lamp,2496.68,3,Debit Card,Summer,Yes,No,No,Same Day,4.2,13,Yearly,04-12-2025
100615,36,Female,Chennai,Clothing,Kurta,3270.64,1,Debit Card,Spring,Yes,No,Yes,Standard,4.0,15,Quarterly,06-09-2025
100616,57,Female,Indore,Footwear,Running Shoes,6215.03,3,Cash,Autumn,No,No,Yes,Express,4.0,50,Weekly,03-01-2024
100617,48,Male,Mumbai,Footwear,Sandals,4340.41,3,Credit Card,Spring,Yes,No,Yes,Express,4.5,32,Yearly,27-12-2024
100618,58,Female,Delhi,Grocery,Tea,2044.92,2,Cash,Winter,No,No,No,Same Day,4.2,13,Yearly,05-07-2025
100619,44,Male,Chennai,Books,Comics,779.18,1,Credit Card,Spring,Yes,Yes,No,Express,3.0,7,Weekly,02-03-2024
100620,53,Female,Kolkata,Grocery,Coffee,684.7,2,UPI,Summer,Yes,Yes,No,Standard,3.7,4,Monthly,21-01-2025
100621,55,Male,Nagpur,Electronics,Camera,21748.74,2,UPI,Summer,Yes,Yes,No,Express,4.4,11,Weekly,05-08-2025
100622,65,Female,Nagpur,Sports,Cricket Bat,5409.05,3,Cash,Spring,No,No,No,Express,4.5,15,Weekly,08-06-2024
100623,18,Female,Kochi,Electronics,Camera,18598.07,4,Net Banking,Autumn,No,No,Yes,Same Day,3.4,19,Yearly,09-06-2024
100624,43,Male,Kolkata,Home Decor,Lamp,2536.06,5,Net Banking,Spring,No,No,No,Same Day,4.2,4,Yearly,03-05-2025
100625,59,Female,Visakhapatnam,Grocery,Milk,820.81,1,UPI,Autumn,Yes,No,No,Same Day,4.3,12,Monthly,15-10-2024
100626,66,Female,Visakhapatnam,Footwear,Flip Flops,4175.66,1,Credit Card,Autumn,No,No,Yes,Standard,3.8,21,Weekly,31-07-2025
100627,18,Female,Jaipur,Books,Novel,2407.16,5,Credit Card,Autumn,No,No,Yes,Express,4.0,13,Weekly,05-12-2024
100628,48,Male,Jaipur,Sports,Tennis Racket,2605.7,4,UPI,Spring,Yes,No,Yes,Same Day,2.9,17,Monthly,08-08-2024
100629,64,Female,Coimbatore,Footwear,Sandals,5647.72,3,Debit Card,Autumn,No,No,No,Same Day,4.5,16,Yearly,01-09-2024
100630,49,Male,Hyderabad,Beauty,Shampoo,599.34,3,Net Banking,Spring,No,No,No,Express,3.8,4,Weekly,10-04-2025
100631,40,Male,Chennai,Grocery,Oil,612.13,4,Debit Card,Winter,Yes,Yes,No,Express,4.2,5,Monthly,06-05-2024
100632,61,Male,Coimbatore,Books,Novel,1075.15,5,Debit Card,Autumn,Yes,No,No,Standard,3.7,9,Yearly,02-06-2025
100633,59,Male,Kolkata,Books,Science Book,1824.43,5,UPI,Summer,No,No,No,Standard,4.1,1,Yearly,15-03-2024
100634,52,Female,Mumbai,Beauty,Moisturizer,440.3,1,Cash,Winter,Yes,Yes,No,Standard,4.5,2,Yearly,02-12-2024
100635,62,Female,Mumbai,Clothing,Jacket,1752.69,1,Net Banking,Summer,No,No,Yes,Express,4.4,46,Weekly,07-09-2025
100636,48,Male,Bengaluru,Sports,Football,3168.72,1,Cash,Autumn,No,No,No,Express,4.5,11,Monthly,26-03-2024
100637,44,Male,Ahmedabad,Footwear,Sneakers,1859.69,1,UPI,Winter,Yes,No,Yes,Express,4.6,13,Monthly,23-12-2024
100638,45,Female,Vijayawada,Sports,Dumbbells,5158.35,1,Net Banking,Summer,No,No,No,Standard,4.1,5,Monthly,27-11-2024
100639,49,Female,Mumbai,Grocery,Rice,2021.64,4,Debit Card,Spring,No,No,Yes,Express,5,37,Yearly,16-10-2025
100640,28,Female,Visakhapatnam,Clothing,T-Shirt,2066.38,2,Net Banking,Spring,Yes,Yes,Yes,Express,3.9,20,Quarterly,17-01-2024
100641,59,Female,Kochi,Home Decor,Wall Art,2639.2,3,Net Banking,Winter,No,No,No,Same Day,4.6,3,Monthly,14-04-2025
100642,36,Female,Jaipur,Sports,Yoga Mat,8663.44,1,UPI,Spring,Yes,Yes,Yes,Standard,4.1,46,Weekly,23-09-2025
100643,24,Female,Surat,Sports,Football,7309.82,1,Debit Card,Winter,No,No,No,Standard,4.3,19,Yearly,27-04-2024
100644,47,Female,Bhopal,Beauty,Moisturizer,221.29,3,Credit Card,Autumn,No,No,No,Express,4.7,11,Quarterly,10-11-2024
100645,68,Female,Surat,Sports,Cricket Bat,9984.39,5,Debit Card,Autumn,Yes,Yes,Yes,Standard,5,34,Monthly,23-07-2025
100646,69,Female,Delhi,Sports,Cricket Bat,11321.19,4,Credit Card,Winter,No,No,No,Express,3.8,12,Monthly,23-03-2025
100647,58,Female,Ahmedabad,Beauty,Lipstick,2544.55,2,Debit Card,Summer,No,No,No,Standard,4.6,4,Monthly,29-01-2024
100648,58,Female,Pune,Clothing,Dress,1578.75,2,Debit Card,Summer,No,No,No,Same Day,4.5,4,Monthly,22-01-2025
100649,58,Male,Mumbai,Home Decor,Lamp,2917.03,5,UPI,Spring,No,No,Yes,Standard,4.0,17,Weekly,20-03-2024
100650,19,Female,Chennai,Books,Science Book,1344.66,1,Credit Card,Winter,Yes,Yes,No,Express,5,6,Quarterly,10-10-2025
100651,60,Male,Mumbai,Books,Biography,2445.81,3,Cash,Spring,No,No,Yes,Standard,3.8,8,Weekly,16-07-2024
100652,31,Female,Mumbai,Electronics,Headphones,22971.45,1,Debit Card,Summer,No,No,Yes,Standard,4.1,40,Weekly,09-12-2025
100653,40,Female,Coimbatore,Footwear,Boots,5394.73,4,Cash,Winter,No,No,Yes,Standard,4.2,20,Quarterly,06-02-2025
100654,64,Female,Kochi,Clothing,Dress,4472.86,4,Net Banking,Autumn,Yes,No,No,Express,4.5,18,Weekly,13-09-2025
100655,22,Female,Pune,Sports,Dumbbells,10761.84,5,Debit Card,Winter,Yes,Yes,Yes,Express,3.4,30,Quarterly,11-02-2025
100656,33,Male,Visakhapatnam,Electronics,Laptop,18139.09,3,Credit Card,Autumn,Yes,Yes,Yes,Standard,3.6,28,Weekly,22-11-2024
100657,38,Male,Patna,Electronics,Camera,6324.7,3,Net Banking,Summer,No,No,Yes,Same Day,4.3,37,Weekly,10-08-2025
100658,49,Female,Bengaluru,Sports,Dumbbells,11890.91,4,UPI,Spring,Yes,Yes,Yes,Express,4.8,28,Monthly,07-09-2025
100659,68,Male,Coimbatore,Grocery,Snacks,854.04,4,UPI,Spring,Yes,Yes,No,Express,4.1,18,Weekly,01-03-2025
100660,38,Female,Mysuru,Home Decor,Wall Art,568.31,3,Cash,Winter,Yes,Yes,Yes,Same Day,4.1,30,Weekly,17-01-2025
100661,62,Female,Kolkata,Clothing,T-Shirt,1265.86,2,Debit Card,Spring,Yes,No,Yes,Same Day,4.5,8,Weekly,23-04-2024
100662,68,Female,Ahmedabad,Electronics,Tablet,18973.3,2,Net Banking,Winter,No,No,Yes,Standard,3.9,29,Monthly,22-11-2024
100663,60,Male,Surat,Footwear,Flip Flops,4023.81,5,Cash,Winter,No,No,No,Express,3.8,13,Monthly,04-04-2024
100664,33,Male,Chennai,Home Decor,Wall Art,728.32,4,UPI,Summer,No,No,No,Standard,4.9,11,Monthly,24-04-2025
100665,51,Female,Jaipur,Sports,Cricket Bat,8735.34,2,Net Banking,Spring,Yes,Yes,No,Standard,4.3,10,Yearly,27-09-2025
100666,54,Male,Delhi,Beauty,Moisturizer,1490.67,1,UPI,Summer,Yes,Yes,Yes,Standard,4.7,25,Yearly,10-07-2024
100667,34,Male,Patna,Home Decor,Lamp,779.18,4,Credit Card,Summer,No,No,No,Express,3.6,16,Weekly,27-03-2025
100668,30,Female,Visakhapatnam,Home Decor,Wall Art,2595.34,5,Debit Card,Winter,Yes,No,Yes,Same Day,4.2,49,Yearly,21-04-2024
100669,20,Female,Kolkata,Electronics,Camera,6316.95,1,Debit Card,Summer,Yes,Yes,Yes,Same Day,4.0,15,Yearly,13-04-2024
100670,40,Female,Mysuru,Beauty,Perfume,1006.34,1,UPI,Summer,No,No,No,Same Day,3.7,5,Yearly,08-11-2024
100671,47,Male,Hyderabad,Beauty,Face Wash,2064.89,4,Debit Card,Spring,Yes,Yes,Yes,Standard,5,12,Monthly,26-11-2025
100672,49,Male,Nagpur,Electronics,Headphones,7187.72,1,Net Banking,Autumn,No,No,No,Standard,4.0,15,Monthly,30-05-2024
100673,65,Female,Patna,Clothing,T-Shirt,1658.03,4,Debit Card,Autumn,No,No,Yes,Express,4.7,29,Quarterly,14-06-2025
100674,19,Male,Kochi,Books,Novel,2176.6,2,Debit Card,Winter,No,No,Yes,Standard,4.2,41,Monthly,14-08-2025
100675,58,Male,Ahmedabad,Sports,Yoga Mat,10624.01,5,Cash,Summer,Yes,No,Yes,Express,4.6,13,Quarterly,04-02-2025
100676,62,Female,Mysuru,Sports,Yoga Mat,2177.17,4,Net Banking,Autumn,No,No,Yes,Express,4.0,10,Weekly,09-01-2024
100677,36,Male,Jaipur,Books,Biography,1345.36,1,Debit Card,Spring,No,No,No,Express,4.6,4,Weekly,24-02-2024
100678,18,Male,Ahmedabad,Books,Science Book,559.87,3,Net Banking,Summer,No,No,Yes,Standard,4.3,30,Quarterly,26-05-2024
100679,40,Male,Bhopal,Beauty,Moisturizer,1383.18,1,Debit Card,Autumn,Yes,Yes,No,Same Day,4.0,2,Quarterly,15-08-2025
100680,37,Female,Chennai,Footwear,Sandals,2573.21,4,Net Banking,Summer,No,No,Yes,Express,4.8,34,Yearly,08-04-2024
100681,61,Female,Coimbatore,Footwear,Flip Flops,2931.42,4,Cash,Winter,No,No,No,Express,4.8,10,Yearly,31-03-2024
100682,41,Male,Mysuru,Footwear,Flip Flops,4122.6,5,Debit Card,Spring,No,No,No,Express,4.3,7,Monthly,16-02-2025
100683,21,Male,Bengaluru,Electronics,Smart Watch,10403.5,1,Debit Card,Spring,No,No,No,Express,3.5,16,Weekly,04-05-2024
100684,49,Male,Kolkata,Electronics,Camera,22901.05,2,Debit Card,Autumn,No,No,Yes,Same Day,3.9,17,Weekly,11-05-2025
100685,25,Male,Kolkata,Beauty,Lipstick,772.02,4,UPI,Winter,No,No,Yes,Express,4.4,17,Yearly,10-05-2025
100686,46,Male,Kochi,Footwear,Sandals,1621.35,1,Credit Card,Summer,Yes,Yes,No,Same Day,4.3,17,Monthly,23-06-2024
100687,55,Female,Indore,Beauty,Moisturizer,2069.56,4,Cash,Spring,No,No,No,Express,3.7,9,Weekly,17-10-2024
100688,20,Female,Bengaluru,Books,Novel,2293.24,3,Credit Card,Winter,No,No,No,Same Day,4.5,0,Yearly,10-10-2024
100689,51,Female,Surat,Electronics,Smartphone,6255.32,2,Debit Card,Autumn,Yes,No,No,Express,4.0,16,Quarterly,05-11-2025
100690,48,Male,Vijayawada,Home Decor,Carpet,4338.45,5,Net Banking,Autumn,No,No,Yes,Standard,3.3,49,Quarterly,25-08-2025
100691,64,Male,Kolkata,Grocery,Snacks,422.04,1,Cash,Winter,Yes,Yes,No,Express,4.3,12,Monthly,17-04-2024
100692,21,Female,Mumbai,Footwear,Running Shoes,935.74,1,Cash,Autumn,No,No,No,Same Day,2.8,13,Weekly,27-06-2024
100693,53,Male,Visakhapatnam,Grocery,Rice,780.74,4,Debit Card,Summer,Yes,Yes,No,Standard,4.2,12,Monthly,29-03-2024
100694,18,Female,Kochi,Electronics,Camera,16365.9,1,Debit Card,Summer,Yes,No,No,Same Day,3.7,3,Yearly,13-07-2024
100695,53,Male,Chennai,Beauty,Shampoo,1428.86,4,UPI,Spring,Yes,Yes,No,Standard,4.3,16,Weekly,25-05-2025
100696,36,Female,Bhopal,Beauty,Lipstick,2169.17,1,Credit Card,Autumn,Yes,No,No,Standard,3.8,10,Monthly,14-06-2025
100697,25,Female,Ahmedabad,Home Decor,Carpet,4023.42,1,Debit Card,Winter,No,No,No,Express,4.5,17,Weekly,22-05-2024
100698,60,Male,Kolkata,Beauty,Shampoo,1581.95,5,Net Banking,Spring,No,No,No,Express,5,10,Weekly,02-03-2025
100699,20,Female,Surat,Clothing,Dress,1513.6,3,Cash,Winter,Yes,Yes,No,Express,4.4,4,Monthly,22-01-2024
100700,42,Male,Patna,Electronics,Laptop,14643.47,4,Cash,Summer,No,No,No,Express,3.2,6,Yearly,16-07-2025
100701,41,Female,Visakhapatnam,Footwear,Sneakers,2861.69,1,Credit Card,Summer,No,No,No,Standard,3.9,19,Weekly,16-01-2024
100702,38,Female,Mysuru,Beauty,Lipstick,2034.59,2,Debit Card,Summer,Yes,Yes,Yes,Same Day,4.0,16,Yearly,05-05-2025
100703,31,Female,Indore,Clothing,Hoodie,4539.38,2,Cash,Autumn,No,No,Yes,Express,4.3,24,Monthly,23-06-2025
100704,44,Female,Ahmedabad,Home Decor,Wall Art,747.14,2,Net Banking,Summer,Yes,Yes,No,Express,3.8,16,Monthly,05-05-2024
100705,46,Female,Mumbai,Grocery,Milk,248.97,1,Debit Card,Autumn,Yes,Yes,No,Same Day,3.5,4,Weekly,02-03-2024
100706,42,Female,Bengaluru,Home Decor,Vase,1579.36,4,Credit Card,Winter,No,No,No,Same Day,4.8,0,Weekly,07-11-2025
100707,56,Female,Ahmedabad,Home Decor,Lamp,4918.39,5,Credit Card,Spring,No,No,No,Express,4.1,11,Yearly,28-02-2024
100708,52,Female,Kochi,Clothing,Dress,3076.71,5,Net Banking,Autumn,No,No,No,Standard,3.5,9,Yearly,23-04-2025
100709,35,Male,Kolkata,Beauty,Face Wash,2359.75,3,Debit Card,Winter,No,No,No,Standard,3.8,8,Quarterly,30-10-2025
100710,29,Female,Coimbatore,Electronics,Laptop,5345.33,1,Cash,Spring,Yes,Yes,Yes,Express,3.9,50,Yearly,15-10-2025
100711,38,Male,Coimbatore,Beauty,Moisturizer,703.45,3,Debit Card,Winter,Yes,Yes,Yes,Standard,4.2,13,Weekly,26-08-2024
100712,55,Female,Bengaluru,Clothing,Hoodie,2990.33,2,UPI,Autumn,No,No,Yes,Express,4.5,40,Weekly,25-11-2025
100713,50,Female,Mumbai,Grocery,Snacks,1375.38,2,Credit Card,Autumn,Yes,Yes,No,Same Day,3.6,19,Yearly,14-03-2024
100714,41,Female,Kochi,Sports,Yoga Mat,10850.79,3,Cash,Autumn,No,No,Yes,Same Day,4.9,28,Weekly,13-06-2024
100715,19,Male,Mysuru,Grocery,Rice,686.4,3,Net Banking,Autumn,No,No,Yes,Standard,3.7,17,Monthly,25-01-2025
100716,54,Female,Patna,Clothing,T-Shirt,3798.71,5,UPI,Winter,No,No,No,Same Day,4.7,7,Yearly,20-11-2024
100717,39,Male,Indore,Home Decor,Curtains,1616.08,3,UPI,Summer,No,No,No,Express,4.1,9,Quarterly,22-03-2024
100718,56,Male,Coimbatore,Grocery,Snacks,2008.5,2,Net Banking,Summer,No,No,No,Same Day,3.2,11,Monthly,21-02-2025
100719,44,Female,Surat,Footwear,Flip Flops,6894.46,5,Cash,Summer,Yes,Yes,Yes,Standard,4.3,26,Weekly,04-03-2025
100720,26,Male,Kochi,Home Decor,Vase,436.41,2,UPI,Summer,No,No,No,Same Day,4.1,15,Yearly,08-03-2025
100721,39,Female,Vijayawada,Grocery,Oil,1600.14,1,UPI,Spring,Yes,Yes,No,Same Day,5,17,Yearly,07-10-2025
100722,64,Male,Vijayawada,Books,Programming Book,2311.77,5,UPI,Summer,No,No,Yes,Standard,3.6,38,Quarterly,21-11-2025
100723,55,Female,Mumbai,Books,Programming Book,772.59,4,Debit Card,Spring,No,No,Yes,Same Day,3.6,19,Yearly,19-10-2024
100724,20,Male,Kochi,Grocery,Tea,1394.01,5,Net Banking,Autumn,No,No,Yes,Standard,4.1,19,Quarterly,18-10-2024
100725,36,Female,Mysuru,Footwear,Sneakers,5446.85,2,Debit Card,Summer,Yes,No,Yes,Standard,4.5,39,Monthly,29-01-2024
100726,19,Female,Visakhapatnam,Electronics,Headphones,10636.75,5,Cash,Winter,Yes,No,No,Same Day,5,6,Monthly,09-04-2025
100727,34,Male,Delhi,Home Decor,Lamp,5960.54,1,Debit Card,Spring,Yes,Yes,No,Same Day,4.4,3,Quarterly,09-06-2024
100728,22,Female,Bengaluru,Grocery,Coffee,1196.77,5,Debit Card,Summer,No,No,No,Same Day,3.4,16,Weekly,11-10-2025
100729,32,Male,Ahmedabad,Electronics,Smartphone,14402.31,4,Credit Card,Winter,No,No,Yes,Express,4.7,32,Weekly,12-06-2025
100730,31,Male,Bengaluru,Beauty,Lipstick,1370.85,3,Net Banking,Winter,No,No,No,Same Day,4.7,15,Monthly,15-10-2025
100731,32,Female,Nagpur,Grocery,Tea,1327.51,4,Net Banking,Autumn,No,No,No,Same Day,4.0,5,Weekly,21-10-2024
100732,38,Male,Indore,Sports,Dumbbells,8606.05,2,Cash,Winter,Yes,Yes,Yes,Same Day,4.2,50,Yearly,04-12-2025
100733,44,Male,Patna,Beauty,Lipstick,2361.04,3,Debit Card,Winter,Yes,No,Yes,Express,4.4,40,Quarterly,25-02-2024
100734,20,Female,Coimbatore,Home Decor,Carpet,2635.93,5,Credit Card,Summer,No,No,No,Same Day,3.7,10,Weekly,20-09-2025
100735,19,Female,Chennai,Grocery,Oil,1995.0,3,Debit Card,Spring,No,No,No,Same Day,4.5,0,Monthly,09-06-2024
100736,39,Female,Visakhapatnam,Sports,Cricket Bat,6993.05,2,UPI,Spring,No,No,Yes,Standard,4.3,18,Weekly,28-05-2025
100737,67,Male,Bengaluru,Sports,Dumbbells,3851.53,1,Cash,Winter,Yes,Yes,Yes,Standard,4.6,26,Weekly,19-03-2024
100738,52,Male,Mumbai,Clothing,Dress,3811.43,4,Credit Card,Autumn,Yes,No,No,Express,3.3,13,Yearly,08-06-2025
100739,54,Female,Bhopal,Electronics,Tablet,10824.77,1,Credit Card,Winter,Yes,No,Yes,Same Day,4.1,20,Monthly,26-01-2025
100740,63,Male,Coimbatore,Electronics,Smart Watch,9481.22,1,Cash,Summer,No,No,No,Express,4.6,11,Quarterly,03-05-2025
100741,23,Male,Patna,Clothing,Hoodie,1261.65,4,Net Banking,Summer,No,No,Yes,Standard,4.6,17,Yearly,19-06-2025
100742,27,Male,Lucknow,Beauty,Lipstick,2129.19,5,Cash,Spring,Yes,No,No,Express,4.7,8,Monthly,29-07-2025
100743,48,Male,Mumbai,Books,Comics,1207.83,1,Cash,Summer,Yes,Yes,No,Standard,4.6,20,Monthly,21-07-2024
100744,58,Female,Delhi,Books,Novel,1935.24,5,Cash,Winter,No,No,Yes,Standard,4.9,35,Quarterly,30-04-2024
100745,57,Female,Vijayawada,Sports,Yoga Mat,8082.47,2,Debit Card,Summer,No,No,No,Same Day,4.7,8,Quarterly,28-04-2025
100746,48,Male,Lucknow,Books,Biography,1186.68,2,Cash,Spring,Yes,No,No,Standard,4.1,4,Quarterly,19-12-2025
100747,24,Male,Mysuru,Beauty,Face Wash,1512.34,2,UPI,Autumn,No,No,No,Same Day,3.9,17,Weekly,16-07-2024
100748,37,Female,Mysuru,Home Decor,Wall Art,4671.84,3,Net Banking,Summer,No,No,No,Standard,4.1,13,Monthly,15-04-2024
100749,55,Female,Lucknow,Beauty,Perfume,1811.84,5,Net Banking,Autumn,Yes,No,Yes,Same Day,4.7,44,Yearly,02-08-2024
100750,27,Male,Pune,Footwear,Sneakers,3695.42,1,Debit Card,Spring,Yes,No,No,Standard,3.7,6,Monthly,07-06-2025
100751,33,Female,Bhopal,Books,Programming Book,1991.32,4,Debit Card,Autumn,Yes,No,No,Same Day,4.1,10,Monthly,19-06-2024
100752,34,Male,Patna,Home Decor,Curtains,5428.64,3,Credit Card,Spring,Yes,Yes,No,Express,4.4,17,Yearly,17-11-2025
100753,30,Female,Indore,Grocery,Milk,611.71,1,Credit Card,Winter,No,No,No,Express,4.1,19,Quarterly,02-12-2024
100754,56,Female,Bengaluru,Clothing,Jacket,3412.48,4,Cash,Spring,No,No,No,Same Day,4.2,16,Quarterly,07-10-2024
100755,58,Female,Nagpur,Electronics,Headphones,8475.42,5,UPI,Spring,No,No,No,Express,5,15,Monthly,23-12-2025
100756,21,Female,Mumbai,Footwear,Sandals,6104.71,3,Credit Card,Spring,Yes,Yes,Yes,Express,4.4,15,Quarterly,27-12-2025
100757,60,Female,Kochi,Footwear,Flip Flops,5977.62,1,UPI,Summer,No,No,No,Same Day,4.4,11,Monthly,30-03-2025
100758,18,Female,Ahmedabad,Electronics,Tablet,16211.19,1,Debit Card,Winter,Yes,Yes,No,Same Day,4.5,16,Weekly,02-08-2025
100759,38,Male,Pune,Books,Novel,2024.66,2,Debit Card,Winter,Yes,Yes,Yes,Standard,5,13,Quarterly,28-11-2025
100760,29,Female,Delhi,Beauty,Face Wash,1782.11,4,Credit Card,Summer,No,No,Yes,Express,3.4,32,Monthly,30-06-2024
100761,41,Female,Surat,Home Decor,Wall Art,2863.14,2,UPI,Winter,Yes,Yes,No,Standard,3.9,8,Yearly,21-12-2024
100762,65,Female,Chennai,Home Decor,Curtains,3225.65,2,Debit Card,Summer,No,No,Yes,Express,4.1,40,Quarterly,02-02-2024
100763,47,Female,Indore,Clothing,Dress,3036.96,5,UPI,Autumn,No,No,No,Same Day,4.6,5,Weekly,11-06-2024
100764,29,Female,Jaipur,Sports,Dumbbells,2622.75,5,Credit Card,Spring,No,No,Yes,Express,4.5,49,Yearly,30-08-2025
100765,39,Female,Bhopal,Sports,Dumbbells,4161.94,2,Net Banking,Spring,Yes,Yes,No,Express,3.8,7,Yearly,30-08-2025
100766,62,Male,Vijayawada,Electronics,Smartphone,20037.0,2,Debit Card,Spring,No,No,No,Standard,4.4,9,Quarterly,24-05-2024
100767,29,Female,Jaipur,Grocery,Tea,384.86,2,Credit Card,Winter,Yes,Yes,No,Standard,4.2,14,Quarterly,06-01-2024
100768,43,Male,Nagpur,Books,Biography,1753.98,4,Credit Card,Spring,No,No,Yes,Express,3.9,38,Monthly,21-11-2024
100769,64,Female,Mysuru,Footwear,Running Shoes,3181.26,1,Debit Card,Winter,No,No,No,Same Day,4.2,9,Monthly,15-09-2025
100770,18,Female,Chennai,Footwear,Sandals,4767.14,2,Cash,Summer,No,No,No,Standard,3.5,10,Monthly,05-11-2024
100771,37,Female,Nagpur,Sports,Football,1190.06,4,Credit Card,Summer,Yes,Yes,Yes,Express,3.8,49,Yearly,25-03-2024
100772,69,Male,Pune,Grocery,Milk,933.76,5,Net Banking,Winter,No,No,No,Same Day,3.3,20,Yearly,12-01-2024
100773,58,Male,Mysuru,Books,Programming Book,2066.03,4,Net Banking,Autumn,Yes,Yes,No,Express,4.0,1,Quarterly,24-04-2024
100774,23,Male,Hyderabad,Footwear,Running Shoes,2823.83,5,Debit Card,Summer,No,No,No,Same Day,3.3,12,Yearly,21-03-2025
100775,47,Female,Bengaluru,Electronics,Smart Watch,22783.32,3,Debit Card,Winter,No,No,Yes,Express,3.8,15,Weekly,09-07-2025
100776,58,Male,Mysuru,Home Decor,Curtains,936.59,1,Net Banking,Winter,Yes,Yes,Yes,Standard,3.4,34,Monthly,27-03-2024
100777,35,Female,Coimbatore,Clothing,Jeans,3600.46,2,Net Banking,Winter,No,No,No,Standard,4.6,20,Monthly,15-09-2025
100778,37,Female,Bhopal,Clothing,Kurta,600.73,3,UPI,Winter,Yes,Yes,No,Standard,4.4,2,Monthly,07-08-2025
100779,33,Male,Indore,Home Decor,Wall Art,3568.02,2,Cash,Autumn,No,No,No,Same Day,4.1,17,Weekly,11-09-2025
100780,68,Female,Delhi,Sports,Cricket Bat,3877.41,4,Net Banking,Autumn,Yes,Yes,No,Standard,3.9,8,Monthly,18-08-2024
100781,64,Female,Vijayawada,Electronics,Camera,13415.3,5,Debit Card,Winter,No,No,Yes,Express,4.3,12,Quarterly,23-11-2024
100782,61,Female,Ahmedabad,Grocery,Tea,1126.76,5,UPI,Winter,Yes,Yes,Yes,Same Day,4.2,39,Quarterly,26-03-2024
100783,46,Female,Hyderabad,Beauty,Shampoo,636.52,5,Credit Card,Autumn,No,No,No,Same Day,2.7,9,Weekly,17-10-2024
100784,25,Male,Bhopal,Books,Biography,741.19,1,Net Banking,Autumn,Yes,Yes,No,Standard,4.9,17,Monthly,14-02-2025
100785,35,Female,Indore,Sports,Yoga Mat,7859.09,3,Net Banking,Winter,No,No,No,Standard,4.6,13,Yearly,20-10-2024
100786,39,Female,Pune,Books,Biography,1787.54,1,Cash,Winter,Yes,Yes,No,Express,3.7,5,Yearly,12-07-2024
100787,23,Female,Hyderabad,Electronics,Headphones,11500.41,2,Credit Card,Winter,No,No,Yes,Same Day,4.6,47,Yearly,19-07-2025
100788,30,Female,Delhi,Beauty,Face Wash,1020.35,1,Credit Card,Winter,Yes,No,No,Express,4.5,7,Monthly,01-12-2025
100789,25,Female,Pune,Books,Biography,800.94,1,UPI,Spring,No,No,No,Same Day,3.8,14,Yearly,29-01-2025
100790,59,Male,Coimbatore,Clothing,Kurta,2663.63,1,Debit Card,Winter,Yes,No,No,Same Day,3.3,17,Weekly,07-01-2025
100791,27,Female,Vijayawada,Sports,Tennis Racket,9240.07,1,Credit Card,Autumn,Yes,Yes,No,Express,4.0,14,Monthly,09-05-2025
100792,47,Female,Kolkata,Beauty,Perfume,2319.55,3,Debit Card,Winter,No,No,Yes,Express,4.0,49,Yearly,17-12-2025
100793,27,Female,Hyderabad,Home Decor,Vase,1559.82,3,Net Banking,Autumn,No,No,Yes,Same Day,3.9,10,Monthly,04-08-2025
100794,26,Male,Mysuru,Home Decor,Carpet,1966.3,4,Debit Card,Summer,Yes,No,No,Standard,5,9,Monthly,20-08-2025
100795,51,Female,Nagpur,Home Decor,Curtains,3825.22,2,Debit Card,Summer,Yes,Yes,No,Same Day,4.5,8,Quarterly,22-01-2025
100796,18,Male,Lucknow,Books,Biography,755.86,2,Credit Card,Summer,Yes,No,No,Express,3.9,15,Weekly,27-10-2025
100797,18,Male,Visakhapatnam,Beauty,Perfume,1217.97,1,Cash,Spring,No,No,No,Express,3.8,18,Weekly,27-02-2024
100798,62,Male,Kolkata,Books,Comics,1801.68,4,Credit Card,Spring,Yes,No,No,Same Day,4.2,7,Quarterly,19-07-2025
100799,26,Female,Bengaluru,Home Decor,Lamp,1484.07,2,Net Banking,Winter,No,No,No,Express,5,2,Weekly,22-11-2024
100800,52,Male,Mysuru,Clothing,Jeans,2692.54,5,UPI,Winter,Yes,Yes,No,Standard,4.8,14,Yearly,20-10-2025
100801,18,Female,Kochi,Beauty,Shampoo,1883.79,4,Credit Card,Autumn,No,No,No,Same Day,3.8,19,Quarterly,27-09-2024
100802,58,Female,Mumbai,Beauty,Perfume,2936.24,2,Cash,Spring,No,No,Yes,Express,4.2,43,Yearly,22-05-2025
100803,24,Female,Lucknow,Footwear,Sandals,4718.66,5,Credit Card,Summer,No,No,Yes,Standard,4.2,35,Quarterly,23-11-2024
100804,38,Male,Visakhapatnam,Books,Novel,1974.39,2,Credit Card,Summer,Yes,Yes,No,Express,3.9,19,Yearly,31-10-2025
100805,37,Female,Delhi,Sports,Yoga Mat,4229.8,3,Debit Card,Winter,No,No,Yes,Express,3.8,24,Yearly,06-01-2024
100806,26,Female,Ahmedabad,Sports,Football,1018.17,2,Credit Card,Autumn,No,No,No,Express,4.4,11,Quarterly,25-01-2024
100807,65,Male,Visakhapatnam,Grocery,Tea,1620.38,4,Debit Card,Spring,No,No,No,Standard,4.2,10,Yearly,30-08-2025
100808,63,Female,Kolkata,Books,Novel,880.32,5,Net Banking,Winter,No,No,No,Standard,4.6,12,Weekly,27-02-2024
100809,25,Female,Delhi,Grocery,Coffee,2225.95,1,Debit Card,Winter,No,No,No,Standard,4.7,14,Monthly,29-07-2025
100810,60,Female,Patna,Clothing,Kurta,2889.62,3,UPI,Summer,No,No,Yes,Standard,3.7,44,Quarterly,04-01-2025
100811,30,Female,Ahmedabad,Books,Biography,1608.14,1,Credit Card,Spring,Yes,Yes,Yes,Same Day,3.8,37,Yearly,19-02-2024
100812,50,Female,Patna,Electronics,Headphones,14840.19,5,Debit Card,Spring,Yes,Yes,No,Same Day,4.5,18,Weekly,01-08-2025
100813,23,Female,Mysuru,Clothing,Dress,3425.78,2,UPI,Winter,Yes,Yes,No,Express,3.2,17,Monthly,28-10-2025
100814,62,Female,Hyderabad,Grocery,Rice,1123.37,3,UPI,Winter,Yes,Yes,Yes,Standard,4.4,44,Weekly,18-08-2024
100815,67,Female,Patna,Grocery,Tea,1252.83,2,Net Banking,Autumn,No,No,Yes,Same Day,4.4,22,Monthly,30-07-2024
100816,20,Male,Patna,Home Decor,Curtains,2286.56,1,Debit Card,Autumn,No,No,Yes,Standard,4.0,42,Monthly,25-07-2024
100817,67,Female,Hyderabad,Home Decor,Curtains,1082.68,4,UPI,Winter,Yes,No,No,Standard,3.4,8,Monthly,24-01-2025
100818,70,Male,Chennai,Electronics,Smart Watch,24384.88,5,Net Banking,Spring,Yes,Yes,No,Standard,4.5,6,Monthly,03-05-2024
100819,23,Female,Nagpur,Books,Comics,824.39,1,Cash,Spring,Yes,Yes,No,Standard,3.8,10,Weekly,29-12-2024
100820,59,Female,Kolkata,Grocery,Coffee,2499.33,1,Cash,Winter,No,No,No,Standard,4.6,13,Quarterly,24-10-2025
100821,51,Male,Delhi,Grocery,Rice,1798.66,1,UPI,Summer,Yes,Yes,Yes,Same Day,3.9,23,Yearly,10-06-2024
100822,65,Male,Indore,Sports,Cricket Bat,10645.67,1,Credit Card,Spring,No,No,Yes,Express,3.8,41,Monthly,09-11-2024
100823,19,Male,Lucknow,Sports,Yoga Mat,1119.17,4,UPI,Summer,No,No,No,Express,4.7,8,Monthly,10-06-2024
100824,25,Female,Coimbatore,Clothing,T-Shirt,4925.16,5,Cash,Summer,Yes,No,Yes,Same Day,4.3,22,Weekly,14-11-2024
100825,41,Male,Nagpur,Books,Programming Book,1358.8,5,Credit Card,Summer,Yes,Yes,No,Standard,3.3,8,Monthly,18-08-2024
100826,33,Male,Ahmedabad,Clothing,Hoodie,1330.82,3,Debit Card,Winter,Yes,Yes,Yes,Same Day,4.1,33,Quarterly,14-05-2024
100827,20,Female,Bengaluru,Grocery,Tea,2026.65,2,UPI,Summer,No,No,No,Same Day,5,4,Monthly,10-02-2025
100828,30,Female,Coimbatore,Grocery,Rice,2483.21,4,Net Banking,Autumn,No,No,No,Same Day,4.4,15,Yearly,30-04-2024
100829,29,Female,Lucknow,Home Decor,Vase,4899.83,4,Net Banking,Winter,No,No,No,Same Day,5,10,Quarterly,05-03-2024
100830,47,Male,Mumbai,Grocery,Tea,1466.07,3,Credit Card,Autumn,Yes,Yes,No,Express,4.8,17,Yearly,22-03-2025
100831,32,Male,Visakhapatnam,Clothing,Dress,3800.36,3,Net Banking,Summer,Yes,No,Yes,Same Day,4.6,40,Quarterly,06-07-2025
100832,58,Male,Delhi,Beauty,Shampoo,1714.3,5,Cash,Summer,Yes,Yes,Yes,Express,3.7,18,Weekly,14-02-2025
100833,47,Female,Delhi,Home Decor,Carpet,4412.82,3,UPI,Spring,No,No,No,Express,4.0,13,Monthly,19-09-2025
100834,66,Male,Bhopal,Clothing,T-Shirt,4038.41,4,Cash,Summer,Yes,No,No,Standard,3.5,4,Quarterly,13-03-2024
100835,61,Male,Visakhapatnam,Beauty,Perfume,1441.47,3,Debit Card,Spring,Yes,No,Yes,Same Day,4.5,33,Weekly,05-10-2025
100836,52,Female,Delhi,Books,Biography,408.41,3,Debit Card,Spring,No,No,No,Express,4.5,9,Quarterly,25-04-2024
100837,32,Male,Chennai,Books,Programming Book,2494.61,5,Net Banking,Autumn,No,No,No,Standard,4.7,15,Yearly,07-03-2025
100838,64,Female,Ahmedabad,Electronics,Camera,17805.31,3,Cash,Autumn,No,No,Yes,Express,3.7,25,Weekly,14-01-2024
100839,32,Female,Ahmedabad,Clothing,Hoodie,967.84,4,Net Banking,Winter,No,No,No,Same Day,3.1,7,Yearly,13-02-2024
100840,54,Male,Mumbai,Clothing,Dress,4850.28,2,Debit Card,Winter,No,No,No,Express,4.1,20,Weekly,21-12-2024
100841,69,Female,Hyderabad,Books,Programming Book,736.09,2,UPI,Autumn,Yes,Yes,No,Standard,4.1,16,Weekly,12-04-2025
100842,35,Female,Bengaluru,Home Decor,Wall Art,2149.72,3,Credit Card,Summer,Yes,No,No,Same Day,4.7,11,Quarterly,14-02-2025
100843,65,Male,Lucknow,Grocery,Oil,2105.97,1,UPI,Winter,Yes,Yes,No,Express,3.7,2,Yearly,26-07-2024
100844,66,Male,Pune,Home Decor,Carpet,2139.73,1,Credit Card,Autumn,No,No,No,Same Day,3.7,14,Quarterly,27-07-2025
100845,56,Female,Ahmedabad,Footwear,Running Shoes,1618.32,3,Net Banking,Autumn,Yes,Yes,No,Express,4.5,2,Quarterly,20-09-2025
100846,33,Male,Ahmedabad,Clothing,Jacket,618.62,2,Credit Card,Summer,No,No,No,Standard,4.6,14,Yearly,25-10-2025
100847,57,Female,Coimbatore,Beauty,Face Wash,1360.67,5,Net Banking,Summer,No,No,Yes,Express,4.4,23,Yearly,04-10-2025
100848,34,Female,Indore,Sports,Yoga Mat,4882.56,2,Debit Card,Autumn,No,No,No,Standard,4.8,11,Monthly,25-11-2024
100849,68,Female,Patna,Beauty,Shampoo,1077.76,5,Credit Card,Autumn,No,No,No,Same Day,3.8,3,Monthly,21-04-2025
100850,49,Female,Chennai,Home Decor,Vase,5733.03,2,UPI,Winter,No,No,No,Same Day,2.9,14,Weekly,21-12-2024
100851,54,Female,Hyderabad,Books,Biography,1855.63,4,Cash,Summer,Yes,No,Yes,Express,4.3,30,Quarterly,04-12-2024
100852,27,Female,Hyderabad,Beauty,Shampoo,2918.49,1,Debit Card,Spring,No,No,No,Standard,4.7,16,Weekly,26-06-2025
100853,67,Male,Pune,Sports,Cricket Bat,1130.26,4,UPI,Autumn,No,No,No,Standard,4.6,7,Yearly,21-02-2025
100854,29,Female,Ahmedabad,Sports,Dumbbells,6396.44,2,Debit Card,Winter,Yes,Yes,Yes,Standard,4.5,29,Monthly,25-12-2024
100855,19,Male,Patna,Clothing,Jacket,766.16,3,UPI,Summer,No,No,No,Standard,4.8,3,Weekly,30-11-2024
100856,22,Male,Visakhapatnam,Sports,Yoga Mat,7928.6,4,Credit Card,Summer,No,No,Yes,Express,4.1,44,Weekly,30-11-2025
100857,63,Male,Surat,Footwear,Flip Flops,1637.75,4,UPI,Spring,No,No,No,Same Day,4.9,5,Weekly,15-11-2024
100858,28,Male,Nagpur,Home Decor,Lamp,1401.01,2,Net Banking,Autumn,No,No,Yes,Express,3.6,19,Yearly,03-04-2025
100859,70,Female,Visakhapatnam,Clothing,Hoodie,4073.24,1,Debit Card,Spring,Yes,Yes,No,Express,4.6,10,Weekly,16-06-2025
100860,62,Female,Patna,Clothing,Hoodie,3394.39,3,Debit Card,Summer,No,No,No,Express,3.2,16,Monthly,26-10-2024
100861,49,Male,Lucknow,Sports,Dumbbells,7086.03,5,Cash,Autumn,No,No,No,Express,5,2,Weekly,24-06-2025
100862,65,Male,Lucknow,Electronics,Smartphone,19785.14,5,UPI,Spring,No,No,No,Express,4.2,9,Yearly,11-07-2024
100863,51,Male,Surat,Grocery,Snacks,1052.9,1,Credit Card,Spring,No,No,Yes,Express,5,35,Quarterly,15-03-2024
100864,20,Female,Visakhapatnam,Beauty,Moisturizer,2720.9,1,Debit Card,Spring,No,No,Yes,Standard,3.9,48,Quarterly,30-06-2024
100865,33,Female,Kochi,Sports,Cricket Bat,8420.43,3,Credit Card,Autumn,Yes,Yes,No,Express,4.0,12,Yearly,21-01-2025
100866,62,Female,Bengaluru,Home Decor,Curtains,4267.21,4,Credit Card,Summer,Yes,Yes,No,Standard,3.7,15,Weekly,28-04-2024
100867,34,Female,Jaipur,Footwear,Running Shoes,4078.44,3,Net Banking,Autumn,Yes,No,Yes,Standard,4.2,42,Monthly,29-03-2024
100868,24,Male,Kolkata,Books,Biography,335.57,4,Credit Card,Spring,No,No,Yes,Same Day,3.7,10,Weekly,04-09-2024
100869,60,Male,Visakhapatnam,Sports,Tennis Racket,8918.99,1,Net Banking,Spring,Yes,No,No,Standard,3.5,4,Monthly,24-12-2024
100870,36,Male,Kolkata,Books,Biography,663.92,2,Debit Card,Winter,Yes,Yes,No,Standard,5,1,Yearly,12-03-2024
100871,38,Male,Mumbai,Beauty,Shampoo,2117.34,4,Net Banking,Spring,Yes,Yes,No,Same Day,4.1,17,Quarterly,14-01-2025
100872,21,Female,Vijayawada,Electronics,Smartphone,7392.84,2,UPI,Spring,Yes,Yes,No,Standard,3.4,7,Yearly,08-08-2025
100873,61,Female,Mysuru,Sports,Yoga Mat,3600.47,4,Cash,Summer,Yes,No,No,Express,3.7,12,Monthly,20-10-2024
100874,69,Female,Delhi,Footwear,Running Shoes,968.1,4,Net Banking,Summer,Yes,Yes,No,Express,4.1,5,Monthly,03-10-2025
100875,47,Female,Coimbatore,Grocery,Oil,2390.46,4,Debit Card,Autumn,No,No,No,Express,4.1,13,Monthly,08-09-2024
100876,66,Female,Indore,Beauty,Face Wash,2003.2,2,Cash,Summer,Yes,Yes,No,Express,4.0,19,Weekly,09-07-2025
100877,39,Male,Bhopal,Books,Science Book,2358.52,4,Credit Card,Winter,Yes,Yes,No,Standard,4.0,19,Monthly,06-10-2024
100878,33,Male,Nagpur,Footwear,Running Shoes,2692.15,5,Net Banking,Spring,Yes,Yes,No,Same Day,3.7,6,Weekly,07-03-2024
100879,40,Male,Delhi,Clothing,T-Shirt,4810.8,3,UPI,Autumn,Yes,Yes,Yes,Same Day,4.8,11,Yearly,01-05-2025
100880,27,Male,Kochi,Grocery,Milk,472.41,5,Cash,Summer,Yes,Yes,Yes,Same Day,3.8,27,Yearly,17-12-2025
100881,24,Male,Delhi,Home Decor,Curtains,5317.32,4,Cash,Winter,No,No,No,Standard,4.3,4,Quarterly,27-03-2025
100882,54,Female,Lucknow,Footwear,Running Shoes,6923.24,3,UPI,Summer,No,No,No,Standard,3.5,15,Quarterly,24-11-2025
100883,36,Male,Indore,Sports,Cricket Bat,7551.5,4,UPI,Winter,Yes,Yes,Yes,Standard,3.9,50,Quarterly,16-06-2025
100884,37,Female,Coimbatore,Electronics,Smart Watch,24923.08,3,UPI,Autumn,Yes,Yes,Yes,Same Day,4.5,18,Yearly,06-11-2025
100885,57,Male,Vijayawada,Clothing,Jacket,586.45,4,Credit Card,Winter,No,No,No,Express,3.6,4,Quarterly,14-12-2025
100886,68,Female,Kochi,Sports,Yoga Mat,8721.54,2,Debit Card,Autumn,No,No,No,Same Day,4.7,16,Monthly,15-05-2025
100887,23,Female,Surat,Home Decor,Wall Art,5406.17,1,Credit Card,Spring,No,No,Yes,Standard,4.6,36,Monthly,08-08-2025
100888,65,Female,Mysuru,Beauty,Lipstick,397.07,5,Cash,Autumn,No,No,No,Same Day,4.4,0,Weekly,19-09-2025
100889,23,Male,Chennai,Clothing,T-Shirt,3732.14,1,UPI,Winter,No,No,No,Same Day,4.2,6,Weekly,31-01-2025
100890,63,Female,Mysuru,Grocery,Milk,1824.43,4,Debit Card,Spring,No,No,No,Express,4.4,15,Monthly,03-06-2025
100891,54,Male,Mumbai,Electronics,Laptop,19057.36,1,Credit Card,Summer,Yes,No,Yes,Express,4.2,20,Yearly,12-10-2025
100892,70,Female,Kolkata,Home Decor,Vase,3324.14,3,Debit Card,Summer,Yes,Yes,No,Standard,3.8,20,Weekly,05-03-2024
100893,70,Female,Chennai,Books,Science Book,1766.58,4,UPI,Spring,No,No,No,Express,3.3,1,Quarterly,15-12-2025
100894,65,Female,Indore,Clothing,Dress,2748.63,4,Debit Card,Summer,No,No,Yes,Standard,3.6,28,Monthly,13-02-2024
100895,43,Female,Coimbatore,Grocery,Tea,1240.01,2,Cash,Winter,Yes,No,No,Standard,4.8,14,Yearly,09-10-2025
100896,60,Male,Delhi,Footwear,Running Shoes,4435.5,2,Credit Card,Spring,No,No,No,Standard,3.6,13,Yearly,28-04-2025
100897,28,Female,Patna,Footwear,Boots,2449.32,2,Cash,Winter,No,No,Yes,Express,3.3,9,Yearly,12-11-2025
100898,63,Female,Mysuru,Electronics,Tablet,10786.44,2,Net Banking,Winter,No,No,No,Standard,4.6,2,Yearly,17-05-2025
100899,61,Female,Mysuru,Electronics,Tablet,7436.95,2,Net Banking,Autumn,No,No,No,Express,4.1,10,Monthly,13-01-2025
100900,38,Male,Lucknow,Books,Novel,1676.21,4,Debit Card,Autumn,Yes,Yes,Yes,Same Day,3.3,31,Quarterly,16-12-2025
100901,32,Male,Kolkata,Beauty,Face Wash,1568.05,4,UPI,Autumn,No,No,No,Same Day,4.6,20,Monthly,30-09-2025
100902,64,Female,Chennai,Grocery,Rice,1233.82,2,Debit Card,Summer,No,No,No,Express,3.9,14,Weekly,30-04-2025
100903,53,Male,Ahmedabad,Beauty,Face Wash,2878.67,4,Debit Card,Summer,Yes,Yes,No,Same Day,4.6,10,Weekly,29-10-2024
100904,36,Male,Bhopal,Electronics,Camera,13459.83,1,Debit Card,Autumn,No,No,No,Standard,5,16,Monthly,30-10-2024
100905,27,Female,Bhopal,Electronics,Laptop,16105.29,5,Cash,Autumn,Yes,Yes,No,Standard,4.7,13,Monthly,24-12-2025
100906,21,Female,Patna,Books,Science Book,1323.48,2,Debit Card,Winter,Yes,Yes,Yes,Same Day,4.0,16,Weekly,05-10-2025
100907,66,Male,Jaipur,Sports,Yoga Mat,4428.96,5,UPI,Spring,No,No,No,Same Day,4.1,10,Weekly,10-03-2024
100908,33,Male,Indore,Footwear,Sandals,6825.61,3,UPI,Winter,No,No,Yes,Express,3.9,18,Weekly,19-05-2025
100909,43,Male,Patna,Sports,Tennis Racket,10015.87,2,Cash,Summer,No,No,Yes,Standard,4.3,34,Monthly,02-09-2024
100910,32,Female,Bengaluru,Electronics,Camera,5843.52,2,Credit Card,Summer,Yes,No,No,Same Day,3.2,0,Quarterly,26-11-2024
100911,60,Female,Patna,Sports,Dumbbells,1561.17,2,Net Banking,Spring,No,No,Yes,Standard,4.3,26,Quarterly,19-12-2025
100912,28,Female,Visakhapatnam,Clothing,Dress,1185.15,1,Net Banking,Autumn,No,No,No,Express,4.8,16,Quarterly,07-06-2025
100913,34,Female,Mumbai,Sports,Cricket Bat,8085.18,4,UPI,Winter,Yes,Yes,No,Same Day,4.9,19,Yearly,28-07-2024
100914,31,Male,Vijayawada,Footwear,Sneakers,5334.93,3,Credit Card,Autumn,No,No,Yes,Express,4.0,14,Yearly,25-02-2024
100915,18,Male,Pune,Beauty,Shampoo,2609.0,2,Cash,Winter,Yes,Yes,No,Same Day,3.5,8,Monthly,18-05-2025
100916,18,Male,Mysuru,Books,Comics,362.56,1,Debit Card,Spring,Yes,Yes,No,Express,5,7,Yearly,25-01-2025
100917,45,Female,Chennai,Footwear,Sneakers,2463.87,1,Debit Card,Spring,No,No,Yes,Standard,4.1,21,Monthly,03-05-2024
100918,55,Female,Ahmedabad,Electronics,Smart Watch,5451.18,5,Cash,Spring,Yes,Yes,Yes,Same Day,4.6,15,Monthly,08-08-2024
100919,47,Female,Pune,Clothing,Kurta,4878.08,5,UPI,Spring,Yes,Yes,No,Express,4.0,0,Monthly,30-09-2024
100920,18,Male,Vijayawada,Electronics,Camera,21707.85,4,Net Banking,Winter,Yes,Yes,Yes,Standard,3.4,20,Weekly,20-10-2024
100921,52,Male,Indore,Grocery,Rice,1714.78,3,Net Banking,Summer,No,No,No,Express,4.2,14,Monthly,17-08-2025
100922,27,Female,Patna,Sports,Yoga Mat,5367.65,4,UPI,Autumn,No,No,No,Standard,3.7,11,Quarterly,02-01-2025
100923,39,Male,Mysuru,Books,Programming Book,1018.71,2,Net Banking,Summer,No,No,No,Standard,4.4,5,Yearly,24-04-2024
100924,28,Male,Lucknow,Electronics,Headphones,14783.6,3,Debit Card,Winter,Yes,Yes,Yes,Same Day,3.8,8,Yearly,12-08-2024
100925,27,Male,Hyderabad,Grocery,Milk,2254.32,5,UPI,Winter,Yes,Yes,No,Standard,4.9,3,Quarterly,04-09-2024
100926,70,Male,Hyderabad,Sports,Yoga Mat,981.66,3,UPI,Summer,No,No,No,Standard,3.8,17,Weekly,09-03-2024
100927,60,Female,Hyderabad,Home Decor,Carpet,4277.57,3,Debit Card,Winter,No,No,No,Express,4.3,13,Yearly,12-10-2025
100928,40,Male,Ahmedabad,Electronics,Camera,19012.63,4,Net Banking,Spring,No,No,No,Express,4.7,1,Quarterly,02-12-2025
100929,23,Female,Ahmedabad,Books,Novel,1473.4,1,Credit Card,Spring,No,No,No,Express,3.9,15,Yearly,05-02-2024
100930,18,Male,Vijayawada,Grocery,Coffee,2184.25,1,Net Banking,Winter,Yes,Yes,No,Standard,4.5,14,Monthly,19-04-2025
100931,21,Female,Vijayawada,Home Decor,Vase,970.71,5,Cash,Summer,No,No,No,Express,4.1,17,Quarterly,07-09-2025
100932,22,Male,Nagpur,Grocery,Tea,1318.37,1,Cash,Summer,No,No,Yes,Express,4.5,17,Weekly,05-11-2024
100933,32,Female,Mumbai,Footwear,Sandals,1339.69,2,Credit Card,Spring,No,No,Yes,Express,3.3,45,Yearly,22-01-2024
100934,35,Female,Patna,Grocery,Milk,1814.71,1,UPI,Spring,No,No,No,Express,4.2,13,Quarterly,01-05-2025
100935,54,Male,Visakhapatnam,Sports,Tennis Racket,5796.34,5,Debit Card,Autumn,Yes,Yes,No,Express,5,4,Monthly,19-08-2025
100936,65,Female,Hyderabad,Sports,Football,4964.82,5,UPI,Spring,Yes,Yes,No,Same Day,4.6,7,Quarterly,22-08-2025
100937,48,Male,Visakhapatnam,Electronics,Tablet,18280.73,4,Cash,Summer,Yes,Yes,No,Standard,4.5,4,Weekly,29-05-2024
100938,22,Male,Kolkata,Footwear,Flip Flops,4649.73,4,Debit Card,Summer,No,No,Yes,Express,4.8,12,Yearly,02-03-2024
100939,41,Female,Coimbatore,Sports,Football,7592.09,2,Credit Card,Winter,Yes,Yes,No,Same Day,4.8,12,Yearly,23-10-2025
100940,22,Female,Mysuru,Footwear,Sandals,894.76,1,Net Banking,Spring,No,No,No,Same Day,4.0,9,Monthly,18-10-2025
100941,69,Female,Jaipur,Electronics,Tablet,21726.49,5,Debit Card,Autumn,No,No,Yes,Express,3.7,25,Monthly,25-04-2025
100942,57,Male,Ahmedabad,Grocery,Rice,1646.98,3,Debit Card,Summer,No,No,No,Express,4.2,10,Quarterly,02-09-2024
100943,51,Female,Ahmedabad,Beauty,Perfume,938.95,4,Credit Card,Summer,No,No,No,Same Day,4.0,6,Quarterly,30-12-2025
100944,25,Female,Kolkata,Grocery,Oil,673.19,3,Credit Card,Winter,No,No,No,Express,4.9,18,Monthly,05-02-2025
100945,27,Female,Mysuru,Books,Science Book,412.11,1,Cash,Winter,No,No,No,Standard,5,14,Quarterly,21-05-2025
100946,44,Male,Ahmedabad,Books,Comics,364.73,4,Cash,Spring,No,No,No,Express,4.6,8,Yearly,31-01-2025
100947,21,Male,Chennai,Grocery,Rice,837.92,5,Net Banking,Autumn,Yes,No,Yes,Standard,4.4,15,Yearly,28-07-2024
100948,64,Female,Jaipur,Electronics,Camera,13596.05,2,Credit Card,Autumn,Yes,No,No,Same Day,3.1,0,Quarterly,30-08-2024
100949,28,Female,Visakhapatnam,Footwear,Sneakers,4112.78,1,Credit Card,Spring,No,No,No,Same Day,4.1,10,Quarterly,12-05-2025
100950,28,Male,Kolkata,Clothing,T-Shirt,1757.62,1,Credit Card,Autumn,Yes,Yes,Yes,Express,2.8,34,Yearly,01-04-2025
100951,27,Female,Mysuru,Beauty,Face Wash,2301.94,1,Net Banking,Autumn,Yes,Yes,Yes,Standard,4.6,13,Quarterly,25-11-2024
100952,56,Male,Indore,Electronics,Smart Watch,7890.31,1,Net Banking,Winter,No,No,No,Standard,3.8,12,Yearly,31-07-2024
100953,32,Female,Mysuru,Beauty,Perfume,2657.65,1,Net Banking,Summer,Yes,Yes,No,Same Day,4.0,8,Weekly,02-02-2025
100954,45,Male,Kochi,Grocery,Coffee,786.33,2,Debit Card,Autumn,Yes,Yes,No,Express,3.7,15,Yearly,10-06-2024
100955,51,Male,Bengaluru,Footwear,Sandals,6868.72,3,UPI,Summer,No,No,No,Standard,4.1,20,Weekly,13-09-2024
100956,45,Female,Pune,Clothing,Dress,1530.9,3,Credit Card,Spring,Yes,Yes,No,Standard,3.9,14,Weekly,27-09-2025
100957,45,Male,Kolkata,Electronics,Headphones,5343.64,2,Net Banking,Spring,Yes,Yes,No,Standard,4.3,5,Monthly,30-06-2025
100958,27,Male,Kolkata,Clothing,Kurta,4041.09,3,Credit Card,Autumn,No,No,No,Same Day,3.8,11,Weekly,27-05-2025
100959,26,Male,Mysuru,Electronics,Smart Watch,21685.6,5,Debit Card,Winter,No,No,Yes,Standard,3.4,11,Monthly,14-06-2024
100960,69,Female,Bhopal,Electronics,Laptop,16006.31,4,Net Banking,Winter,Yes,Yes,No,Same Day,4.4,4,Quarterly,12-09-2025
100961,26,Male,Visakhapatnam,Sports,Yoga Mat,1622.27,3,Debit Card,Spring,Yes,No,No,Same Day,4.6,13,Quarterly,17-01-2025
100962,66,Male,Coimbatore,Electronics,Tablet,22303.94,2,Debit Card,Winter,Yes,No,No,Standard,3.9,0,Monthly,17-01-2024
100963,47,Female,Visakhapatnam,Beauty,Moisturizer,1497.24,4,UPI,Summer,No,No,Yes,Standard,5,33,Quarterly,18-01-2025
100964,45,Male,Mysuru,Electronics,Tablet,10879.02,5,Net Banking,Winter,No,No,No,Standard,3.5,12,Yearly,10-03-2024
100965,27,Female,Bengaluru,Grocery,Coffee,256.77,2,Net Banking,Autumn,Yes,No,Yes,Standard,3.8,40,Yearly,21-12-2024
100966,46,Female,Kochi,Grocery,Coffee,1956.37,1,Net Banking,Spring,No,No,No,Standard,4.3,16,Yearly,04-12-2024
100967,43,Male,Bengaluru,Books,Science Book,349.03,1,Credit Card,Summer,Yes,Yes,Yes,Express,3.7,20,Monthly,13-03-2025
100968,64,Female,Chennai,Home Decor,Curtains,1548.84,2,Cash,Spring,Yes,Yes,Yes,Standard,4.0,12,Yearly,16-12-2024
100969,53,Female,Lucknow,Grocery,Tea,1411.43,5,Net Banking,Autumn,No,No,No,Same Day,4.3,8,Weekly,20-03-2025
100970,43,Male,Vijayawada,Books,Science Book,925.77,3,UPI,Summer,Yes,No,Yes,Same Day,3.8,40,Monthly,12-08-2024
100971,50,Female,Kochi,Beauty,Moisturizer,2279.07,4,Net Banking,Autumn,No,No,No,Express,4.5,3,Yearly,09-11-2025
100972,27,Female,Nagpur,Clothing,Jacket,4902.61,3,Debit Card,Spring,Yes,No,No,Express,4.3,1,Monthly,13-05-2025
100973,33,Male,Lucknow,Books,Programming Book,608.18,3,Net Banking,Winter,Yes,Yes,No,Standard,4.4,12,Weekly,02-06-2024
100974,48,Male,Bengaluru,Sports,Dumbbells,2295.01,3,Debit Card,Spring,Yes,Yes,No,Standard,4.3,20,Monthly,13-11-2024
100975,18,Male,Pune,Grocery,Rice,2263.23,4,UPI,Autumn,Yes,Yes,Yes,Same Day,4.0,45,Weekly,19-09-2025
100976,28,Male,Nagpur,Home Decor,Curtains,3756.96,3,UPI,Winter,No,No,Yes,Express,5,46,Monthly,12-12-2025
100977,70,Female,Kochi,Books,Programming Book,2065.67,2,Debit Card,Autumn,Yes,Yes,No,Standard,4.2,16,Monthly,07-02-2024
100978,26,Male,Chennai,Clothing,T-Shirt,1771.14,3,Debit Card,Summer,Yes,No,No,Same Day,4.5,3,Yearly,21-03-2025
100979,37,Male,Nagpur,Sports,Football,8149.23,3,Credit Card,Winter,No,No,No,Standard,4.1,17,Quarterly,02-02-2025
100980,38,Female,Delhi,Footwear,Running Shoes,5839.42,4,Debit Card,Summer,No,No,No,Standard,4.3,12,Monthly,13-09-2024
100981,33,Female,Ahmedabad,Sports,Football,10961.84,2,Cash,Spring,Yes,No,No,Standard,3.7,10,Quarterly,11-12-2024
100982,61,Female,Surat,Electronics,Laptop,12813.8,5,Net Banking,Summer,Yes,Yes,No,Express,3.6,16,Weekly,10-04-2025
100983,44,Male,Nagpur,Home Decor,Vase,5028.45,4,Cash,Summer,Yes,Yes,No,Express,4.4,14,Quarterly,03-11-2024
100984,51,Male,Bengaluru,Electronics,Smartphone,9436.02,4,Credit Card,Winter,Yes,Yes,No,Standard,3.9,18,Yearly,18-02-2024
100985,19,Female,Mysuru,Clothing,Jacket,3484.91,4,Net Banking,Summer,No,No,No,Same Day,4.0,17,Weekly,28-08-2024
100986,30,Male,Kochi,Sports,Tennis Racket,1692.38,2,Cash,Spring,No,No,No,Standard,3.9,5,Monthly,21-09-2024
100987,64,Male,Indore,Footwear,Boots,1314.91,3,Debit Card,Spring,Yes,Yes,No,Standard,5,13,Weekly,02-09-2024
100988,39,Male,Surat,Clothing,Jacket,3947.0,5,Cash,Spring,No,No,No,Express,4.1,3,Quarterly,26-03-2024
100989,52,Female,Hyderabad,Grocery,Rice,2295.12,5,UPI,Spring,No,No,No,Standard,4.4,12,Monthly,05-05-2025
100990,45,Male,Surat,Grocery,Rice,1984.48,4,Credit Card,Summer,No,No,Yes,Standard,4.4,32,Yearly,23-08-2025
100991,67,Female,Patna,Clothing,Hoodie,3968.78,4,Debit Card,Autumn,No,No,Yes,Standard,4.3,50,Monthly,04-01-2024
100992,44,Male,Lucknow,Grocery,Rice,2182.62,1,Credit Card,Spring,No,No,No,Same Day,4.1,11,Weekly,30-08-2025
100993,39,Male,Mysuru,Footwear,Running Shoes,5808.22,3,Credit Card,Autumn,No,No,No,Same Day,4.4,17,Weekly,26-02-2024
100994,35,Female,Kochi,Home Decor,Curtains,5893.47,5,Debit Card,Spring,No,No,No,Express,3.8,12,Quarterly,03-11-2024
100995,26,Male,Indore,Sports,Football,2069.79,3,Debit Card,Autumn,Yes,No,Yes,Standard,4.3,26,Weekly,25-08-2024
100996,23,Female,Patna,Electronics,Tablet,18157.99,1,Cash,Spring,No,No,Yes,Express,4.5,43,Yearly,05-04-2024
100997,55,Male,Mumbai,Grocery,Coffee,2250.23,1,Cash,Autumn,Yes,No,No,Express,3.8,4,Monthly,24-03-2024
100998,24,Male,Nagpur,Grocery,Oil,702.36,2,Credit Card,Summer,No,No,Yes,Express,4.1,44,Weekly,28-11-2025
100999,33,Male,Kochi,Home Decor,Vase,1502.74,4,Credit Card,Autumn,No,No,No,Express,5,6,Yearly,15-08-2025
101000,34,Female,Hyderabad,Home Decor,Wall Art,5873.55,4,Net Banking,Summer,No,No,Yes,Same Day,5,15,Quarterly,08-12-2025
101001,60,Male,Delhi,Footwear,Flip Flops,5179.73,2,Credit Card,Spring,No,No,Yes,Same Day,4.7,49,Monthly,10-10-2024
101002,62,Male,Kochi,Clothing,Dress,981.29,2,Cash,Summer,No,No,Yes,Standard,4.4,21,Weekly,12-01-2025
101003,46,Male,Delhi,Grocery,Tea,675.6,3,Credit Card,Summer,No,No,No,Express,3.8,16,Weekly,15-09-2024
101004,21,Female,Surat,Electronics,Smart Watch,10781.46,4,UPI,Autumn,No,No,No,Standard,4.2,1,Quarterly,13-10-2024
101005,51,Male,Vijayawada,Footwear,Running Shoes,3562.9,3,Credit Card,Winter,No,No,No,Standard,4.0,15,Yearly,03-02-2025
101006,19,Male,Nagpur,Home Decor,Curtains,2492.12,5,Net Banking,Summer,No,No,No,Standard,3.8,14,Quarterly,14-01-2025
101007,37,Female,Hyderabad,Home Decor,Lamp,658.92,1,Credit Card,Autumn,No,No,Yes,Express,4.5,50,Monthly,04-10-2025
101008,53,Female,Vijayawada,Books,Comics,1017.92,4,Credit Card,Summer,Yes,Yes,Yes,Standard,3.4,9,Quarterly,11-03-2025
101009,56,Female,Mumbai,Home Decor,Wall Art,2465.55,5,Credit Card,Summer,Yes,No,No,Express,4.6,20,Yearly,03-09-2024
101010,54,Male,Kolkata,Grocery,Tea,1144.69,1,Credit Card,Winter,Yes,Yes,Yes,Express,4.3,43,Weekly,15-04-2024
101011,34,Male,Vijayawada,Books,Biography,1170.56,3,Net Banking,Winter,Yes,Yes,Yes,Standard,5,21,Weekly,05-04-2024
101012,33,Male,Nagpur,Home Decor,Vase,4227.28,5,Credit Card,Spring,No,No,No,Express,4.8,20,Monthly,25-02-2025
101013,18,Female,Indore,Grocery,Rice,2349.71,4,Net Banking,Summer,Yes,Yes,Yes,Standard,4.1,45,Weekly,14-11-2025
101014,29,Male,Visakhapatnam,Home Decor,Curtains,1426.57,3,Cash,Spring,Yes,Yes,Yes,Same Day,2.8,18,Yearly,19-08-2024
101015,66,Female,Kochi,Footwear,Sneakers,1669.76,1,Credit Card,Winter,Yes,No,Yes,Express,4.7,21,Monthly,01-12-2025
101016,24,Female,Kolkata,Sports,Football,8636.5,2,Debit Card,Autumn,Yes,Yes,Yes,Express,4.2,18,Monthly,31-08-2025
101017,46,Female,Lucknow,Beauty,Moisturizer,928.64,2,UPI,Summer,No,No,No,Express,4.0,19,Yearly,03-04-2024
101018,25,Female,Bhopal,Clothing,Hoodie,4592.0,5,Credit Card,Spring,Yes,No,Yes,Same Day,5,11,Monthly,05-07-2025
101019,56,Male,Kolkata,Beauty,Face Wash,1709.21,1,Debit Card,Spring,No,No,Yes,Express,4.2,11,Monthly,15-02-2024
101020,62,Male,Surat,Sports,Dumbbells,2455.61,4,UPI,Winter,Yes,No,No,Same Day,4.8,6,Weekly,25-11-2024
101021,67,Male,Hyderabad,Books,Biography,2191.49,1,UPI,Autumn,Yes,No,No,Standard,4.2,10,Weekly,25-03-2024
101022,59,Female,Bengaluru,Beauty,Moisturizer,2404.9,5,UPI,Summer,Yes,No,No,Express,3.3,3,Quarterly,23-01-2025
101023,70,Male,Mysuru,Clothing,Dress,3506.65,5,Cash,Autumn,Yes,Yes,No,Express,3.4,9,Monthly,28-06-2024
101024,50,Female,Coimbatore,Home Decor,Vase,449.63,5,UPI,Spring,Yes,Yes,No,Same Day,4.1,1,Quarterly,08-09-2024
101025,51,Male,Bhopal,Sports,Yoga Mat,5030.48,1,Credit Card,Winter,Yes,Yes,No,Standard,4.4,2,Quarterly,13-01-2025
101026,42,Male,Patna,Electronics,Tablet,19285.76,4,UPI,Winter,No,No,Yes,Standard,3.6,18,Monthly,24-02-2025
101027,67,Male,Delhi,Books,Comics,395.16,3,UPI,Spring,No,No,No,Express,4.2,0,Weekly,24-09-2024
101028,33,Male,Bhopal,Home Decor,Curtains,4393.63,2,Net Banking,Spring,No,No,No,Express,4.8,15,Quarterly,05-09-2024
101029,36,Male,Surat,Footwear,Sneakers,4299.95,3,Cash,Autumn,No,No,Yes,Standard,5,33,Monthly,12-01-2025
101030,70,Female,Jaipur,Sports,Cricket Bat,11389.07,4,Credit Card,Autumn,Yes,No,Yes,Express,4.3,24,Quarterly,13-02-2024
101031,36,Male,Hyderabad,Footwear,Running Shoes,4912.59,4,Cash,Autumn,Yes,Yes,No,Express,4.5,11,Weekly,19-08-2024
101032,35,Female,Delhi,Clothing,Jacket,2595.57,1,Debit Card,Spring,No,No,Yes,Express,3.2,40,Weekly,25-10-2024
101033,70,Female,Visakhapatnam,Beauty,Face Wash,2519.87,3,Net Banking,Autumn,No,No,No,Same Day,4.8,6,Monthly,14-04-2024
101034,64,Male,Patna,Clothing,T-Shirt,717.49,2,Credit Card,Spring,No,No,No,Same Day,4.8,14,Monthly,19-05-2025
101035,20,Female,Bengaluru,Beauty,Face Wash,2225.41,1,Net Banking,Winter,No,No,No,Express,4.4,10,Yearly,19-07-2025
101036,69,Male,Vijayawada,Electronics,Laptop,7134.92,4,UPI,Summer,No,No,No,Same Day,4.2,6,Weekly,07-09-2024
101037,56,Male,Kochi,Sports,Yoga Mat,11066.73,5,Credit Card,Winter,Yes,Yes,No,Express,3.8,15,Weekly,19-03-2024
101038,58,Female,Mumbai,Home Decor,Vase,3373.61,2,Credit Card,Winter,No,No,Yes,Same Day,3.9,15,Yearly,17-12-2024
101039,28,Male,Mysuru,Electronics,Headphones,17039.29,2,UPI,Summer,Yes,No,Yes,Express,4.1,34,Weekly,04-04-2024
101040,65,Male,Indore,Home Decor,Lamp,3893.72,3,Credit Card,Winter,Yes,Yes,No,Express,4.6,9,Yearly,21-03-2025
101041,45,Male,Bengaluru,Electronics,Headphones,23876.96,1,Net Banking,Summer,No,No,No,Express,3.4,3,Weekly,28-01-2024
101042,24,Male,Visakhapatnam,Sports,Cricket Bat,3645.1,3,Debit Card,Spring,Yes,No,No,Express,4.9,2,Monthly,22-03-2025
101043,27,Male,Surat,Clothing,Kurta,4241.26,3,UPI,Spring,Yes,Yes,No,Standard,4.0,15,Yearly,17-07-2024
101044,65,Male,Kochi,Grocery,Coffee,306.08,2,Debit Card,Spring,No,No,Yes,Standard,4.8,50,Weekly,14-11-2025
101045,21,Female,Vijayawada,Grocery,Tea,1535.94,1,Debit Card,Autumn,No,No,No,Same Day,4.2,0,Yearly,18-09-2024
101046,58,Female,Mysuru,Footwear,Running Shoes,4308.11,4,Debit Card,Winter,No,No,No,Standard,4.3,18,Quarterly,28-05-2024
101047,24,Female,Hyderabad,Grocery,Snacks,1976.29,3,Net Banking,Summer,Yes,Yes,No,Standard,4.4,18,Monthly,28-10-2024
101048,21,Female,Mysuru,Footwear,Running Shoes,5107.97,5,Cash,Summer,No,No,No,Express,4.0,17,Weekly,13-04-2025
101049,37,Male,Surat,Sports,Football,7595.39,3,Net Banking,Autumn,No,No,No,Same Day,4.2,5,Monthly,04-11-2025
101050,60,Male,Delhi,Electronics,Tablet,23044.97,5,Net Banking,Winter,No,No,No,Express,5,11,Weekly,16-07-2025
101051,27,Female,Ahmedabad,Footwear,Running Shoes,1289.03,5,Cash,Winter,No,No,No,Express,4.0,11,Monthly,16-01-2024
101052,69,Female,Vijayawada,Books,Programming Book,1007.92,1,Debit Card,Summer,No,No,Yes,Express,4.3,17,Yearly,08-07-2025
101053,35,Male,Hyderabad,Footwear,Sandals,5944.94,2,Cash,Summer,No,No,No,Standard,5,9,Yearly,06-09-2025
101054,42,Male,Chennai,Sports,Dumbbells,1709.6,2,Net Banking,Autumn,Yes,No,Yes,Standard,4.2,11,Weekly,08-03-2024
101055,56,Male,Lucknow,Sports,Tennis Racket,1408.42,4,Credit Card,Summer,Yes,Yes,Yes,Same Day,4.9,49,Monthly,21-02-2024
101056,46,Female,Bhopal,Grocery,Oil,573.32,4,Credit Card,Winter,Yes,Yes,No,Express,4.0,8,Monthly,02-09-2025
101057,49,Female,Bhopal,Footwear,Boots,6515.47,2,Net Banking,Spring,No,No,Yes,Express,5,13,Quarterly,09-03-2024
101058,38,Female,Pune,Beauty,Face Wash,767.33,4,UPI,Winter,Yes,Yes,Yes,Same Day,4.4,22,Weekly,20-04-2025
101059,23,Male,Hyderabad,Electronics,Smartphone,12596.59,2,Cash,Summer,No,No,No,Same Day,4.6,5,Yearly,22-05-2025
101060,52,Female,Jaipur,Grocery,Tea,808.58,1,Credit Card,Autumn,Yes,No,Yes,Standard,4.1,21,Monthly,09-02-2025
101061,21,Male,Coimbatore,Home Decor,Vase,1467.87,3,UPI,Winter,Yes,Yes,Yes,Express,3.1,14,Yearly,26-05-2025
101062,49,Male,Mumbai,Footwear,Sandals,4658.07,3,Net Banking,Winter,No,No,Yes,Standard,4.0,18,Quarterly,18-05-2025
101063,52,Male,Mumbai,Books,Biography,2158.17,2,Net Banking,Autumn,No,No,No,Express,4.6,7,Yearly,24-01-2024
101064,25,Female,Nagpur,Books,Comics,1825.25,4,Cash,Summer,Yes,Yes,No,Express,4.3,20,Monthly,16-01-2024
101065,29,Male,Indore,Grocery,Rice,954.15,2,UPI,Winter,Yes,No,No,Same Day,4.5,4,Quarterly,06-07-2025
101066,64,Male,Surat,Books,Novel,1715.43,2,UPI,Summer,No,No,No,Express,3.9,12,Yearly,12-04-2025
101067,52,Female,Patna,Electronics,Headphones,22361.55,2,Credit Card,Spring,Yes,Yes,No,Express,4.6,8,Monthly,09-11-2025
101068,36,Male,Jaipur,Sports,Tennis Racket,10683.9,3,Net Banking,Spring,No,No,No,Same Day,3.0,8,Weekly,17-10-2024
101069,69,Male,Coimbatore,Grocery,Tea,410.83,2,Credit Card,Winter,No,No,No,Express,3.9,16,Monthly,27-01-2024
101070,22,Female,Nagpur,Books,Science Book,1623.47,4,Cash,Summer,No,No,No,Same Day,4.4,2,Yearly,01-06-2025
101071,49,Male,Patna,Books,Biography,966.07,5,UPI,Winter,Yes,Yes,No,Same Day,4.5,4,Monthly,12-01-2025
101072,41,Female,Bhopal,Electronics,Camera,19553.77,3,Cash,Spring,No,No,Yes,Standard,4.8,9,Weekly,20-06-2024
101073,35,Female,Pune,Home Decor,Vase,5625.12,4,Cash,Winter,No,No,Yes,Standard,4.8,29,Quarterly,09-07-2024
101074,68,Female,Kolkata,Beauty,Face Wash,2625.62,2,Net Banking,Spring,No,No,No,Express,4.9,18,Yearly,17-06-2024
101075,64,Female,Pune,Home Decor,Lamp,5509.54,3,Cash,Summer,Yes,No,No,Same Day,4.8,10,Monthly,12-12-2025
101076,50,Male,Patna,Beauty,Perfume,2189.72,3,Debit Card,Spring,Yes,No,No,Same Day,5,11,Yearly,15-06-2025
101077,66,Female,Jaipur,Home Decor,Carpet,5001.71,2,UPI,Summer,Yes,Yes,No,Express,4.0,17,Weekly,25-04-2024
101078,39,Male,Ahmedabad,Books,Comics,2035.27,1,Debit Card,Summer,Yes,No,No,Express,4.0,1,Quarterly,31-03-2024
101079,30,Male,Visakhapatnam,Grocery,Coffee,1876.54,3,Net Banking,Summer,No,No,No,Express,3.2,10,Weekly,31-08-2024
101080,27,Male,Jaipur,Sports,Dumbbells,11444.33,1,UPI,Autumn,Yes,Yes,No,Standard,4.3,1,Yearly,27-01-2025
101081,56,Male,Nagpur,Clothing,Hoodie,530.27,3,Credit Card,Summer,No,No,No,Same Day,3.2,15,Quarterly,15-02-2025
101082,69,Female,Kochi,Footwear,Sandals,1067.73,3,Net Banking,Winter,No,No,No,Express,4.0,17,Yearly,13-10-2024
101083,65,Female,Patna,Home Decor,Curtains,3903.38,5,Cash,Autumn,No,No,Yes,Express,4.4,29,Quarterly,01-07-2024
101084,69,Female,Lucknow,Footwear,Boots,859.99,1,UPI,Spring,No,No,No,Standard,3.3,3,Quarterly,16-01-2025
101085,59,Male,Lucknow,Beauty,Shampoo,2631.76,1,Credit Card,Spring,Yes,Yes,No,Express,4.1,7,Monthly,10-10-2025
101086,51,Female,Bhopal,Sports,Tennis Racket,7368.06,4,Credit Card,Winter,Yes,Yes,No,Same Day,4.3,3,Monthly,09-03-2025
101087,27,Male,Delhi,Books,Programming Book,1074.16,5,Credit Card,Autumn,No,No,No,Express,4.5,9,Monthly,26-06-2024
101088,59,Male,Jaipur,Clothing,Hoodie,3308.31,1,Cash,Spring,Yes,Yes,Yes,Standard,5,12,Monthly,01-03-2025
101089,19,Male,Nagpur,Home Decor,Carpet,2602.94,1,Cash,Summer,No,No,Yes,Standard,4.7,43,Quarterly,23-09-2024
101090,54,Male,Lucknow,Grocery,Snacks,527.63,1,Net Banking,Winter,Yes,Yes,No,Express,3.9,15,Monthly,14-04-2024
101091,25,Female,Pune,Sports,Football,1509.21,2,Credit Card,Winter,No,No,No,Same Day,4.0,5,Monthly,30-01-2024
101092,57,Male,Kochi,Grocery,Oil,2227.59,1,Cash,Autumn,No,No,Yes,Same Day,3.1,44,Weekly,17-10-2025
101093,59,Female,Kolkata,Home Decor,Curtains,4799.3,5,Credit Card,Autumn,Yes,Yes,No,Same Day,4.6,4,Weekly,15-05-2025
101094,54,Female,Ahmedabad,Books,Programming Book,2197.22,5,Cash,Spring,Yes,No,Yes,Standard,4.1,33,Yearly,10-09-2025
101095,39,Male,Mysuru,Books,Novel,1304.15,5,Cash,Spring,Yes,Yes,Yes,Standard,3.1,19,Quarterly,21-05-2024
101096,64,Male,Patna,Beauty,Face Wash,727.63,1,UPI,Autumn,Yes,Yes,Yes,Same Day,4.3,14,Yearly,13-09-2025
101097,62,Female,Surat,Books,Comics,1054.07,2,Net Banking,Winter,Yes,Yes,No,Standard,4.5,18,Weekly,25-07-2024
101098,59,Male,Vijayawada,Electronics,Tablet,22103.71,5,Debit Card,Spring,No,No,No,Express,3.1,7,Weekly,21-12-2024
101099,23,Male,Delhi,Footwear,Sandals,4750.34,2,Net Banking,Autumn,No,No,No,Same Day,4.6,18,Yearly,10-10-2024
101100,54,Female,Nagpur,Beauty,Lipstick,431.41,5,Cash,Spring,No,No,No,Same Day,4.3,6,Weekly,28-05-2024
101101,61,Female,Kochi,Sports,Football,6025.39,2,UPI,Spring,Yes,Yes,No,Same Day,4.3,4,Weekly,25-04-2024
101102,20,Female,Delhi,Sports,Dumbbells,8897.59,5,Cash,Summer,Yes,Yes,Yes,Standard,3.5,19,Monthly,07-02-2024
101103,60,Male,Coimbatore,Home Decor,Vase,4008.57,3,Net Banking,Spring,Yes,Yes,Yes,Standard,4.2,32,Weekly,02-04-2024
101104,26,Female,Hyderabad,Home Decor,Lamp,3585.65,3,Credit Card,Summer,No,No,No,Same Day,3.8,12,Quarterly,19-01-2025
101105,40,Female,Chennai,Footwear,Sneakers,5805.93,1,Credit Card,Autumn,Yes,No,No,Standard,4.3,18,Weekly,09-04-2024
101106,53,Female,Patna,Beauty,Moisturizer,1226.73,3,Credit Card,Summer,Yes,No,Yes,Standard,3.5,25,Quarterly,17-03-2024
101107,45,Male,Indore,Footwear,Sneakers,4569.78,4,Credit Card,Winter,No,No,Yes,Express,4.8,38,Weekly,29-03-2025
101108,26,Female,Surat,Clothing,Kurta,3425.42,1,Debit Card,Autumn,Yes,Yes,No,Express,4.5,18,Monthly,01-12-2025
101109,19,Female,Bhopal,Electronics,Smartphone,24131.78,5,Cash,Autumn,Yes,Yes,No,Express,4.5,9,Weekly,14-01-2025
101110,29,Male,Ahmedabad,Books,Comics,1329.04,1,Credit Card,Autumn,Yes,Yes,No,Express,3.9,11,Yearly,03-01-2024
101111,50,Male,Bengaluru,Clothing,T-Shirt,1432.49,4,Net Banking,Summer,No,No,No,Standard,3.8,3,Weekly,15-05-2025
101112,64,Female,Coimbatore,Footwear,Running Shoes,1376.63,5,UPI,Spring,Yes,Yes,No,Express,4.3,17,Weekly,19-04-2025
101113,33,Male,Coimbatore,Clothing,Jeans,3706.8,3,UPI,Spring,No,No,No,Express,3.8,13,Quarterly,18-05-2025
101114,19,Female,Pune,Home Decor,Curtains,2288.92,5,Debit Card,Winter,Yes,Yes,No,Express,4.7,5,Yearly,02-09-2025
101115,39,Male,Visakhapatnam,Home Decor,Carpet,3759.69,2,Cash,Autumn,No,No,Yes,Express,4.6,15,Monthly,21-03-2024
101116,62,Female,Hyderabad,Grocery,Snacks,273.79,3,Cash,Winter,No,No,Yes,Express,3.9,23,Weekly,14-11-2024
101117,21,Female,Vijayawada,Grocery,Milk,1317.0,4,UPI,Autumn,No,No,No,Standard,4.9,2,Monthly,10-07-2025
101118,54,Male,Lucknow,Clothing,Hoodie,1621.81,1,Debit Card,Summer,No,No,No,Standard,4.3,20,Quarterly,17-09-2025
101119,43,Female,Kolkata,Electronics,Headphones,17960.54,2,Cash,Winter,No,No,Yes,Same Day,4.6,46,Quarterly,14-04-2024
101120,21,Female,Nagpur,Sports,Dumbbells,7195.4,2,Credit Card,Summer,Yes,Yes,No,Express,4.6,4,Yearly,06-07-2024
101121,25,Female,Hyderabad,Beauty,Shampoo,387.59,3,Credit Card,Winter,Yes,Yes,No,Same Day,4.4,19,Weekly,11-06-2025
101122,28,Male,Ahmedabad,Books,Comics,463.93,5,UPI,Summer,Yes,Yes,No,Express,4.5,3,Yearly,30-05-2024
101123,52,Female,Surat,Clothing,T-Shirt,637.41,1,Net Banking,Winter,No,No,No,Express,4.1,0,Weekly,07-04-2025
101124,46,Female,Coimbatore,Grocery,Snacks,2344.77,5,Credit Card,Spring,No,No,No,Standard,4.5,7,Quarterly,07-07-2025
101125,29,Male,Bhopal,Electronics,Smart Watch,16268.58,3,Net Banking,Winter,No,No,No,Standard,4.3,15,Monthly,07-06-2025
101126,45,Male,Coimbatore,Books,Comics,1883.96,4,Net Banking,Winter,No,No,Yes,Same Day,3.5,18,Weekly,30-09-2024
101127,68,Female,Mumbai,Electronics,Headphones,12092.2,1,Cash,Summer,Yes,No,No,Standard,3.5,3,Monthly,07-12-2024
101128,69,Female,Pune,Sports,Yoga Mat,4079.92,1,Net Banking,Winter,No,No,Yes,Same Day,4.3,37,Quarterly,16-09-2025
101129,45,Male,Ahmedabad,Sports,Dumbbells,5874.27,3,Credit Card,Spring,No,No,No,Express,4.8,8,Weekly,30-01-2025
101130,33,Female,Ahmedabad,Footwear,Sandals,4118.5,2,UPI,Summer,No,No,No,Express,4.2,11,Yearly,29-06-2025
101131,48,Male,Surat,Beauty,Shampoo,1446.49,5,UPI,Winter,Yes,Yes,Yes,Standard,4.1,35,Quarterly,16-03-2024
101132,56,Male,Visakhapatnam,Beauty,Lipstick,2201.26,1,Credit Card,Summer,Yes,No,No,Express,4.1,7,Yearly,01-01-2024
101133,38,Male,Bhopal,Grocery,Oil,964.64,1,Credit Card,Autumn,No,No,No,Express,4.2,1,Quarterly,07-05-2024
101134,62,Female,Ahmedabad,Clothing,Kurta,627.15,5,Cash,Winter,No,No,Yes,Standard,3.6,10,Yearly,10-05-2025
101135,54,Male,Patna,Clothing,Dress,2934.69,1,Cash,Winter,No,No,Yes,Same Day,4.4,24,Yearly,04-10-2024
101136,38,Male,Bhopal,Sports,Tennis Racket,7817.81,3,Net Banking,Winter,No,No,No,Same Day,4.5,3,Monthly,16-12-2025
101137,42,Female,Chennai,Sports,Tennis Racket,4466.06,5,Debit Card,Autumn,No,No,No,Same Day,4.4,9,Monthly,05-09-2025
101138,33,Female,Bengaluru,Footwear,Sneakers,2912.94,1,Cash,Spring,No,No,No,Express,4.3,15,Weekly,20-08-2024
101139,26,Male,Surat,Sports,Cricket Bat,7287.81,3,Debit Card,Spring,Yes,No,No,Express,4.0,7,Quarterly,19-05-2024
101140,42,Female,Ahmedabad,Home Decor,Vase,4777.45,5,Net Banking,Winter,Yes,Yes,No,Express,4.2,8,Yearly,24-02-2025
101141,37,Female,Kochi,Electronics,Tablet,22303.57,4,Cash,Autumn,Yes,No,No,Same Day,4.7,8,Quarterly,22-11-2024
101142,68,Female,Ahmedabad,Beauty,Face Wash,2437.0,4,Credit Card,Summer,Yes,Yes,No,Express,3.8,19,Quarterly,18-12-2025
101143,32,Male,Hyderabad,Home Decor,Lamp,4260.32,4,Credit Card,Summer,Yes,Yes,Yes,Standard,4.4,48,Yearly,14-03-2025
101144,57,Male,Bhopal,Books,Programming Book,312.44,1,Credit Card,Autumn,No,No,Yes,Same Day,4.6,16,Weekly,04-04-2024
101145,51,Female,Bengaluru,Grocery,Snacks,214.07,5,UPI,Spring,No,No,No,Express,3.0,8,Yearly,29-12-2025
101146,40,Female,Hyderabad,Books,Comics,2344.72,3,Cash,Summer,Yes,Yes,Yes,Same Day,3.4,13,Yearly,26-09-2024
101147,21,Male,Surat,Footwear,Running Shoes,2282.74,4,Debit Card,Summer,No,No,Yes,Express,3.8,15,Yearly,29-06-2025
101148,50,Male,Jaipur,Electronics,Smart Watch,7558.33,5,Credit Card,Autumn,Yes,No,No,Express,4.7,20,Quarterly,01-10-2024
101149,36,Female,Lucknow,Electronics,Laptop,19795.35,2,UPI,Spring,Yes,Yes,No,Standard,4.5,13,Yearly,19-10-2024
101150,67,Female,Visakhapatnam,Books,Comics,796.52,3,Credit Card,Winter,No,No,No,Standard,4.1,2,Weekly,15-07-2024
101151,52,Male,Chennai,Sports,Cricket Bat,7595.49,4,Credit Card,Spring,Yes,Yes,No,Express,3.9,15,Weekly,30-01-2025
101152,35,Male,Lucknow,Beauty,Perfume,2573.76,3,UPI,Spring,No,No,No,Same Day,4.8,16,Weekly,11-06-2025
101153,36,Male,Kochi,Clothing,Hoodie,2054.03,2,Debit Card,Autumn,No,No,No,Express,5,14,Quarterly,25-09-2024
101154,41,Male,Nagpur,Sports,Football,7550.99,2,Cash,Spring,No,No,No,Standard,3.6,6,Quarterly,03-09-2024
101155,34,Female,Mysuru,Clothing,Jeans,3055.54,4,Net Banking,Summer,No,No,No,Same Day,3.9,16,Quarterly,07-05-2025
101156,34,Female,Kolkata,Footwear,Running Shoes,929.5,1,Net Banking,Winter,No,No,Yes,Same Day,4.0,36,Quarterly,28-06-2024
101157,55,Female,Pune,Home Decor,Curtains,3272.34,2,Net Banking,Spring,No,No,No,Standard,5,17,Yearly,31-01-2024
101158,50,Male,Vijayawada,Sports,Cricket Bat,7038.91,2,Credit Card,Summer,Yes,Yes,No,Standard,4.0,18,Weekly,29-04-2024
101159,42,Female,Kochi,Electronics,Smartphone,12588.05,1,UPI,Winter,Yes,Yes,Yes,Same Day,4.1,8,Weekly,29-10-2024
101160,33,Female,Lucknow,Beauty,Perfume,2019.65,1,Net Banking,Spring,Yes,No,No,Express,4.2,2,Quarterly,07-03-2025
101161,55,Female,Mumbai,Footwear,Sandals,919.68,2,UPI,Winter,No,No,Yes,Express,4.2,34,Quarterly,03-12-2024
101162,45,Female,Bhopal,Sports,Dumbbells,5527.32,1,UPI,Spring,Yes,Yes,No,Same Day,4.2,10,Yearly,14-01-2025
101163,18,Female,Patna,Home Decor,Lamp,2146.41,4,Net Banking,Autumn,No,No,No,Same Day,3.6,7,Weekly,11-01-2025
101164,52,Female,Pune,Beauty,Moisturizer,1287.56,4,UPI,Summer,Yes,Yes,No,Same Day,4.3,6,Yearly,25-07-2025
101165,57,Male,Indore,Clothing,Kurta,637.86,5,Cash,Summer,No,No,No,Express,4.0,20,Yearly,21-01-2025
101166,45,Female,Coimbatore,Electronics,Camera,21985.4,5,Net Banking,Summer,Yes,Yes,No,Express,4.3,4,Weekly,05-11-2024
101167,22,Female,Indore,Clothing,Dress,2010.26,3,UPI,Winter,Yes,Yes,No,Express,3.4,18,Monthly,14-05-2025
101168,59,Male,Ahmedabad,Home Decor,Carpet,823.84,5,Cash,Summer,Yes,Yes,No,Express,4.4,2,Quarterly,30-06-2024
101169,46,Male,Ahmedabad,Footwear,Sandals,5242.34,3,Debit Card,Summer,Yes,Yes,No,Standard,4.4,15,Quarterly,16-01-2025
101170,27,Male,Indore,Books,Novel,1368.13,1,Net Banking,Spring,Yes,No,Yes,Same Day,3.8,40,Weekly,05-03-2024
101171,47,Male,Visakhapatnam,Sports,Cricket Bat,10065.55,3,Cash,Summer,Yes,No,No,Same Day,4.5,10,Quarterly,13-10-2024
101172,70,Male,Pune,Electronics,Laptop,18776.95,4,Credit Card,Spring,No,No,Yes,Standard,4.7,41,Yearly,15-03-2024
101173,68,Female,Patna,Sports,Tennis Racket,7984.58,1,UPI,Spring,Yes,Yes,No,Same Day,4.2,11,Monthly,19-04-2025
101174,20,Female,Kolkata,Clothing,Hoodie,4761.52,4,UPI,Summer,Yes,No,Yes,Standard,4.2,19,Weekly,03-02-2024
101175,48,Female,Chennai,Books,Novel,2223.83,5,Debit Card,Autumn,Yes,Yes,No,Same Day,4.0,18,Monthly,04-08-2025
101176,40,Male,Mysuru,Books,Programming Book,828.45,4,UPI,Winter,Yes,No,No,Same Day,5,18,Weekly,01-10-2025
101177,23,Male,Chennai,Footwear,Running Shoes,923.79,3,UPI,Summer,No,No,Yes,Express,4.3,27,Yearly,15-08-2024
101178,68,Female,Coimbatore,Footwear,Sneakers,2313.01,2,Debit Card,Summer,Yes,No,No,Express,3.5,9,Weekly,19-02-2025
101179,32,Female,Jaipur,Home Decor,Vase,5606.41,5,Credit Card,Autumn,Yes,Yes,No,Standard,4.1,13,Quarterly,19-02-2025
101180,35,Male,Bhopal,Footwear,Flip Flops,2968.67,5,Debit Card,Autumn,Yes,No,Yes,Standard,4.5,29,Quarterly,10-02-2025
101181,52,Female,Lucknow,Footwear,Sandals,1374.98,4,Debit Card,Spring,No,No,No,Same Day,4.4,0,Monthly,12-04-2024
101182,24,Male,Delhi,Clothing,T-Shirt,1978.4,3,Cash,Winter,No,No,No,Standard,4.2,16,Monthly,21-06-2024
101183,38,Female,Chennai,Electronics,Smart Watch,18651.76,1,UPI,Summer,No,No,No,Standard,3.8,11,Quarterly,01-03-2024
101184,31,Male,Indore,Electronics,Smartphone,24332.25,5,Debit Card,Winter,Yes,Yes,No,Same Day,4.4,1,Quarterly,02-02-2024
101185,30,Male,Coimbatore,Books,Science Book,1588.66,1,Debit Card,Autumn,Yes,Yes,Yes,Same Day,4.6,39,Weekly,19-02-2024
101186,64,Male,Visakhapatnam,Electronics,Smart Watch,18800.59,5,UPI,Spring,Yes,Yes,Yes,Express,4.3,47,Quarterly,09-05-2024
101187,66,Female,Chennai,Electronics,Smartphone,6440.17,3,Net Banking,Spring,No,No,No,Standard,4.7,16,Monthly,12-07-2025
101188,61,Female,Delhi,Grocery,Coffee,305.12,4,UPI,Spring,No,No,No,Standard,4.2,7,Yearly,13-05-2025
101189,70,Male,Chennai,Electronics,Camera,15934.71,4,Cash,Autumn,Yes,No,Yes,Standard,4.4,44,Yearly,27-05-2025
101190,54,Female,Jaipur,Home Decor,Curtains,3612.0,3,Credit Card,Spring,No,No,No,Standard,3.2,6,Yearly,17-05-2025
101191,28,Female,Hyderabad,Books,Programming Book,413.98,2,Cash,Autumn,Yes,Yes,No,Express,4.5,5,Quarterly,18-04-2024
101192,54,Male,Kolkata,Books,Comics,2025.87,3,Debit Card,Spring,Yes,Yes,Yes,Standard,4.6,45,Weekly,02-02-2024
101193,20,Female,Kolkata,Electronics,Camera,5112.37,5,Net Banking,Winter,No,No,No,Same Day,4.2,13,Weekly,31-03-2024
101194,18,Female,Lucknow,Sports,Dumbbells,11526.1,4,Debit Card,Winter,No,No,No,Express,4.3,4,Monthly,30-03-2024
101195,32,Male,Kochi,Footwear,Flip Flops,4927.53,2,UPI,Summer,Yes,Yes,No,Express,3.8,13,Weekly,18-09-2024
101196,25,Male,Indore,Books,Programming Book,2144.17,2,Net Banking,Spring,Yes,No,No,Standard,4.6,19,Monthly,17-03-2025
101197,28,Male,Indore,Footwear,Sneakers,6413.5,5,UPI,Winter,No,No,No,Same Day,4.7,19,Weekly,20-03-2025
101198,39,Male,Vijayawada,Clothing,T-Shirt,4463.26,5,Cash,Winter,No,No,No,Standard,4.2,6,Weekly,25-01-2025
101199,48,Male,Chennai,Electronics,Camera,15949.78,4,Net Banking,Summer,No,No,Yes,Same Day,4.7,29,Monthly,05-06-2025
101200,60,Male,Surat,Home Decor,Wall Art,1087.18,4,Credit Card,Spring,No,No,No,Standard,3.9,9,Monthly,18-07-2025
101201,32,Male,Delhi,Beauty,Shampoo,365.65,1,Debit Card,Autumn,No,No,Yes,Express,4.9,16,Monthly,21-06-2025
101202,63,Male,Hyderabad,Clothing,T-Shirt,3529.07,1,Credit Card,Spring,No,No,No,Same Day,4.1,11,Monthly,21-02-2024
101203,40,Male,Mumbai,Home Decor,Curtains,1689.09,2,UPI,Summer,Yes,Yes,Yes,Same Day,4.6,16,Weekly,20-02-2025
101204,32,Female,Coimbatore,Home Decor,Carpet,2919.71,4,Net Banking,Spring,Yes,No,Yes,Same Day,4.5,11,Monthly,15-05-2024
101205,23,Female,Chennai,Clothing,Hoodie,2613.54,4,Net Banking,Spring,No,No,Yes,Standard,3.1,18,Monthly,02-05-2024
101206,22,Female,Bhopal,Electronics,Tablet,8244.05,5,UPI,Summer,No,No,Yes,Standard,3.6,42,Yearly,13-05-2025
101207,41,Female,Bhopal,Electronics,Headphones,14210.09,1,Cash,Summer,No,No,Yes,Same Day,4.0,33,Yearly,05-01-2025
101208,68,Female,Jaipur,Grocery,Rice,1708.86,4,Cash,Winter,No,No,Yes,Standard,4.4,26,Quarterly,11-09-2025
101209,42,Male,Coimbatore,Beauty,Face Wash,731.36,2,Cash,Summer,Yes,Yes,No,Express,4.4,11,Quarterly,30-05-2024
101210,65,Female,Patna,Home Decor,Curtains,4263.93,3,Credit Card,Spring,No,No,No,Same Day,4.0,4,Weekly,30-06-2025
101211,44,Male,Kolkata,Books,Comics,1879.8,1,Net Banking,Winter,Yes,Yes,No,Express,4.3,19,Monthly,17-05-2024
101212,60,Male,Indore,Home Decor,Carpet,3330.28,2,Credit Card,Autumn,No,No,No,Standard,4.8,5,Weekly,07-12-2025
101213,51,Female,Bhopal,Beauty,Lipstick,278.37,3,Debit Card,Winter,No,No,Yes,Same Day,3.6,31,Quarterly,26-05-2025
101214,58,Female,Visakhapatnam,Grocery,Tea,1029.13,2,Cash,Autumn,No,No,No,Same Day,4.7,8,Yearly,04-10-2024
101215,42,Male,Kochi,Sports,Dumbbells,3136.56,3,Credit Card,Spring,No,No,No,Standard,3.9,19,Weekly,09-08-2025
101216,70,Female,Pune,Grocery,Snacks,1948.96,5,Credit Card,Autumn,No,No,No,Express,4.6,9,Yearly,10-02-2025
101217,35,Male,Kolkata,Home Decor,Carpet,2397.27,5,UPI,Autumn,Yes,No,Yes,Standard,3.3,23,Quarterly,23-02-2024
101218,28,Female,Mumbai,Home Decor,Vase,2015.69,3,Debit Card,Summer,No,No,No,Same Day,5.0,7,Weekly,08-04-2025
101219,61,Male,Hyderabad,Sports,Cricket Bat,6782.57,1,Cash,Autumn,Yes,No,No,Standard,4.4,14,Quarterly,16-07-2025
101220,41,Female,Pune,Books,Novel,1224.13,5,Cash,Autumn,Yes,Yes,No,Express,4.4,17,Yearly,19-02-2024
101221,70,Male,Surat,Clothing,Kurta,2349.15,3,Credit Card,Summer,No,No,Yes,Express,3.9,18,Yearly,13-02-2025
101222,21,Male,Indore,Grocery,Tea,2075.17,4,Net Banking,Spring,Yes,Yes,Yes,Standard,4.3,37,Quarterly,29-11-2024
101223,61,Male,Delhi,Electronics,Laptop,6314.25,2,Debit Card,Winter,No,No,Yes,Same Day,4.4,17,Yearly,28-01-2024
101224,31,Female,Surat,Home Decor,Curtains,4894.9,1,Cash,Summer,No,No,No,Standard,3.9,3,Monthly,04-05-2024
101225,51,Female,Pune,Beauty,Moisturizer,2738.16,1,Net Banking,Summer,No,No,No,Same Day,4.1,11,Monthly,18-12-2024
101226,60,Male,Kolkata,Footwear,Boots,1634.66,2,Cash,Summer,No,No,No,Same Day,3.2,11,Monthly,18-06-2025
101227,68,Male,Indore,Footwear,Sneakers,2120.66,2,Cash,Winter,No,No,Yes,Standard,2.9,38,Yearly,10-02-2025
101228,56,Female,Mumbai,Clothing,T-Shirt,3940.21,2,Credit Card,Winter,Yes,Yes,No,Standard,4.1,14,Weekly,15-01-2024
101229,70,Male,Patna,Books,Novel,1774.98,2,UPI,Winter,Yes,No,Yes,Same Day,4.4,14,Quarterly,30-06-2025
101230,27,Male,Visakhapatnam,Home Decor,Carpet,5898.27,2,Credit Card,Summer,Yes,Yes,No,Same Day,3.5,10,Weekly,11-10-2025
101231,65,Male,Pune,Clothing,Dress,1303.87,3,Cash,Spring,Yes,No,Yes,Express,4.6,17,Quarterly,04-08-2024
101232,68,Female,Kolkata,Grocery,Milk,353.34,1,Net Banking,Spring,Yes,No,Yes,Express,5,32,Yearly,01-12-2025
101233,32,Female,Mumbai,Books,Science Book,1719.7,3,Credit Card,Spring,Yes,Yes,Yes,Same Day,5.0,23,Monthly,14-02-2025
101234,48,Female,Bhopal,Electronics,Headphones,6265.15,3,Cash,Spring,Yes,No,No,Express,4.6,12,Quarterly,14-09-2024
101235,64,Female,Chennai,Clothing,Jeans,848.72,3,Debit Card,Winter,Yes,Yes,No,Express,5,2,Weekly,13-08-2025
101236,40,Male,Bengaluru,Sports,Tennis Racket,6144.2,1,Credit Card,Spring,Yes,Yes,No,Express,4.3,18,Monthly,21-03-2025
101237,26,Male,Delhi,Footwear,Sneakers,2637.13,2,Net Banking,Summer,No,No,Yes,Same Day,3.1,49,Yearly,18-04-2025
101238,22,Male,Kochi,Books,Programming Book,1353.74,4,Credit Card,Spring,No,No,Yes,Same Day,4.7,41,Monthly,15-05-2024
101239,39,Female,Patna,Books,Programming Book,1195.8,2,Credit Card,Autumn,No,No,No,Standard,4.4,0,Yearly,02-12-2024
101240,68,Female,Pune,Home Decor,Curtains,1629.1,2,UPI,Summer,No,No,Yes,Standard,4.3,40,Weekly,26-12-2024
101241,58,Female,Jaipur,Electronics,Tablet,14598.76,1,UPI,Summer,Yes,Yes,No,Express,4.7,12,Quarterly,12-11-2024
101242,37,Male,Kochi,Sports,Dumbbells,9941.62,4,Debit Card,Winter,Yes,Yes,No,Same Day,4.1,18,Weekly,20-09-2024
101243,48,Male,Bengaluru,Grocery,Rice,1554.39,4,Debit Card,Winter,Yes,Yes,Yes,Same Day,4.4,23,Weekly,22-04-2024
101244,62,Female,Vijayawada,Grocery,Oil,1271.69,1,Credit Card,Autumn,Yes,Yes,No,Express,4.7,12,Weekly,14-06-2024
101245,23,Female,Mysuru,Footwear,Running Shoes,2526.88,5,Net Banking,Autumn,Yes,Yes,No,Same Day,3.3,6,Yearly,04-11-2025
101246,36,Male,Jaipur,Sports,Cricket Bat,8741.21,1,Debit Card,Spring,No,No,Yes,Express,4.9,29,Monthly,14-09-2025
101247,35,Female,Ahmedabad,Beauty,Perfume,248.09,5,Credit Card,Summer,Yes,Yes,Yes,Standard,4.6,36,Yearly,11-05-2024
101248,51,Female,Mumbai,Books,Biography,810.65,1,UPI,Winter,No,No,No,Standard,4.3,17,Weekly,08-12-2025
101249,37,Female,Visakhapatnam,Footwear,Sneakers,2508.51,4,Debit Card,Autumn,No,No,No,Express,4.3,1,Monthly,08-02-2024
101250,37,Female,Chennai,Beauty,Lipstick,615.47,5,Credit Card,Spring,No,No,Yes,Standard,3.9,25,Monthly,30-12-2024
101251,47,Female,Bhopal,Clothing,Jeans,4389.44,5,Net Banking,Winter,No,No,No,Standard,4.0,6,Yearly,03-01-2024
101252,63,Female,Patna,Sports,Football,4141.46,3,Debit Card,Winter,Yes,Yes,No,Express,4.6,19,Monthly,27-03-2024
101253,36,Male,Visakhapatnam,Clothing,Jeans,4229.66,2,Credit Card,Spring,Yes,No,No,Standard,4.4,17,Monthly,28-09-2024
101254,63,Female,Surat,Sports,Cricket Bat,9104.26,4,Net Banking,Spring,Yes,Yes,No,Standard,4.7,0,Quarterly,28-12-2025
101255,21,Male,Chennai,Footwear,Flip Flops,4773.79,4,Cash,Autumn,No,No,No,Standard,3.9,12,Weekly,05-11-2024
101256,68,Female,Bengaluru,Beauty,Perfume,657.43,5,Net Banking,Autumn,No,No,Yes,Express,4.3,22,Yearly,12-12-2024
101257,27,Male,Hyderabad,Footwear,Running Shoes,1558.64,2,Debit Card,Winter,Yes,Yes,No,Same Day,4.5,5,Weekly,23-08-2024
101258,22,Male,Kochi,Electronics,Smartphone,20666.26,3,UPI,Winter,No,No,Yes,Express,4.2,34,Monthly,04-05-2025
101259,31,Male,Chennai,Grocery,Coffee,2365.59,2,Credit Card,Autumn,Yes,Yes,Yes,Express,4.3,11,Quarterly,14-05-2024
101260,55,Male,Chennai,Electronics,Smartphone,14084.38,2,Credit Card,Summer,Yes,No,No,Express,4.3,14,Weekly,17-01-2025
101261,34,Female,Mumbai,Electronics,Smart Watch,21633.94,4,Cash,Autumn,No,No,No,Express,3.6,13,Monthly,27-09-2024
101262,46,Male,Nagpur,Electronics,Smart Watch,17578.45,3,Net Banking,Spring,Yes,No,No,Standard,4.6,17,Monthly,20-11-2024
101263,36,Female,Surat,Electronics,Headphones,19494.14,2,Credit Card,Winter,Yes,No,No,Standard,3.8,10,Weekly,09-07-2024
101264,50,Male,Kolkata,Clothing,Jeans,3636.0,5,Cash,Spring,Yes,Yes,Yes,Same Day,3.8,11,Weekly,10-04-2025
101265,32,Male,Indore,Electronics,Smart Watch,7071.38,5,Net Banking,Autumn,No,No,Yes,Same Day,3.8,10,Weekly,20-05-2025
101266,65,Female,Kolkata,Clothing,Jeans,1491.4,4,Credit Card,Summer,No,No,Yes,Standard,4.7,39,Quarterly,23-10-2024
101267,69,Female,Vijayawada,Footwear,Sandals,6238.14,4,Credit Card,Summer,Yes,Yes,Yes,Same Day,4.1,19,Monthly,26-07-2024
101268,49,Female,Hyderabad,Home Decor,Wall Art,1844.48,1,Credit Card,Spring,Yes,No,Yes,Express,3.4,9,Yearly,03-06-2025
101269,49,Female,Mysuru,Grocery,Rice,1814.58,2,Cash,Winter,Yes,Yes,No,Same Day,4.0,10,Quarterly,28-02-2025
101270,68,Male,Pune,Beauty,Perfume,2753.74,5,Credit Card,Spring,No,No,Yes,Express,4.0,39,Weekly,12-02-2025
101271,54,Male,Delhi,Grocery,Snacks,1562.82,1,UPI,Autumn,Yes,Yes,Yes,Express,4.3,46,Quarterly,19-11-2024
101272,69,Male,Kochi,Sports,Cricket Bat,2730.44,5,Debit Card,Summer,No,No,No,Standard,4.5,14,Yearly,21-01-2025
101273,59,Female,Mumbai,Clothing,Jacket,1375.39,1,Credit Card,Spring,No,No,No,Standard,4.1,19,Monthly,22-12-2025
101274,29,Male,Indore,Footwear,Sneakers,5419.85,5,UPI,Autumn,Yes,Yes,No,Same Day,4.8,2,Monthly,21-03-2025
101275,66,Male,Surat,Sports,Tennis Racket,4459.23,5,Net Banking,Spring,Yes,Yes,No,Express,4.0,12,Monthly,20-11-2025
101276,50,Female,Coimbatore,Electronics,Laptop,17765.62,4,Credit Card,Autumn,No,No,No,Same Day,4.6,5,Quarterly,01-02-2025
101277,67,Male,Mysuru,Sports,Yoga Mat,5675.86,2,Credit Card,Autumn,No,No,No,Same Day,4.5,12,Yearly,28-05-2024
101278,36,Male,Mysuru,Footwear,Sneakers,2293.49,2,UPI,Autumn,Yes,Yes,Yes,Same Day,4.8,9,Yearly,07-06-2025
101279,44,Female,Vijayawada,Clothing,T-Shirt,3607.95,1,Credit Card,Summer,Yes,No,No,Standard,4.2,19,Monthly,18-03-2025
101280,21,Male,Indore,Sports,Dumbbells,11285.96,2,Net Banking,Autumn,No,No,Yes,Standard,4.1,18,Yearly,12-07-2024
101281,33,Male,Patna,Clothing,T-Shirt,3694.03,3,Net Banking,Summer,Yes,Yes,Yes,Express,4.6,10,Weekly,02-03-2024
101282,45,Male,Kolkata,Books,Programming Book,648.95,5,Credit Card,Winter,Yes,Yes,No,Same Day,3.6,13,Monthly,07-08-2024
101283,58,Male,Patna,Books,Programming Book,2304.36,4,Credit Card,Winter,No,No,No,Express,4.6,2,Quarterly,21-04-2024
101284,28,Male,Kolkata,Electronics,Laptop,19337.93,2,UPI,Summer,No,No,Yes,Express,4.5,50,Monthly,17-04-2025
101285,49,Female,Mumbai,Clothing,Dress,3427.89,4,Debit Card,Summer,Yes,No,No,Standard,3.4,0,Weekly,31-10-2025
101286,44,Male,Coimbatore,Home Decor,Curtains,5533.86,1,Debit Card,Winter,Yes,Yes,No,Same Day,3.3,19,Monthly,08-07-2025
101287,19,Male,Bhopal,Home Decor,Wall Art,2448.16,4,Net Banking,Winter,No,No,No,Standard,3.8,5,Weekly,21-05-2024
101288,54,Male,Lucknow,Grocery,Tea,950.15,5,Debit Card,Winter,No,No,Yes,Same Day,3.9,47,Weekly,31-03-2025
101289,48,Male,Mysuru,Home Decor,Curtains,2648.43,5,Debit Card,Spring,Yes,Yes,No,Express,3.8,19,Weekly,29-07-2025
101290,34,Female,Mysuru,Electronics,Headphones,22012.16,3,Cash,Autumn,Yes,Yes,No,Standard,4.0,14,Monthly,14-09-2025
101291,58,Female,Visakhapatnam,Home Decor,Lamp,2572.41,5,Net Banking,Spring,Yes,Yes,No,Express,4.0,7,Weekly,28-09-2024
101292,69,Female,Hyderabad,Home Decor,Wall Art,2162.0,2,UPI,Spring,Yes,Yes,Yes,Standard,4.8,46,Yearly,22-05-2024
101293,21,Male,Patna,Books,Novel,653.07,5,Debit Card,Autumn,No,No,No,Same Day,4.5,9,Monthly,12-11-2025
101294,57,Female,Ahmedabad,Electronics,Tablet,21668.15,1,Net Banking,Autumn,No,No,No,Express,4.4,17,Monthly,15-01-2024
101295,61,Female,Bhopal,Footwear,Running Shoes,5486.57,4,UPI,Autumn,Yes,Yes,No,Same Day,4.5,0,Quarterly,31-01-2025
101296,52,Female,Kochi,Home Decor,Lamp,2858.31,1,Net Banking,Winter,Yes,Yes,No,Same Day,5,18,Weekly,31-10-2025
101297,69,Male,Hyderabad,Clothing,Dress,1008.49,2,Cash,Autumn,No,No,No,Same Day,4.5,13,Quarterly,06-11-2024
101298,39,Female,Patna,Home Decor,Curtains,5443.61,4,Debit Card,Summer,Yes,Yes,No,Express,4.5,1,Weekly,21-01-2025
101299,45,Female,Delhi,Footwear,Sandals,2687.19,4,Credit Card,Summer,No,No,Yes,Standard,4.2,30,Monthly,08-08-2024
101300,48,Female,Jaipur,Home Decor,Carpet,3384.75,3,Debit Card,Summer,No,No,No,Same Day,4.2,8,Yearly,30-11-2024
101301,38,Male,Nagpur,Footwear,Sneakers,5931.75,2,Debit Card,Autumn,No,No,No,Same Day,4.1,7,Weekly,04-01-2024
101302,22,Female,Kolkata,Beauty,Moisturizer,2784.78,2,Cash,Winter,No,No,Yes,Standard,4.4,19,Yearly,04-10-2024
101303,38,Female,Pune,Beauty,Shampoo,706.64,3,Credit Card,Autumn,No,No,Yes,Standard,4.1,28,Yearly,28-04-2024
101304,21,Male,Indore,Grocery,Tea,909.58,1,Debit Card,Winter,Yes,Yes,No,Express,3.8,2,Quarterly,02-10-2024
101305,37,Female,Surat,Books,Biography,1896.55,3,UPI,Winter,Yes,No,No,Standard,3.9,20,Yearly,23-07-2024
101306,49,Male,Kolkata,Home Decor,Wall Art,1412.84,5,Credit Card,Winter,Yes,Yes,No,Standard,4.5,19,Weekly,05-12-2025
101307,29,Female,Bengaluru,Beauty,Face Wash,1636.34,5,Net Banking,Summer,No,No,No,Same Day,5,16,Yearly,10-07-2025
101308,22,Female,Pune,Books,Biography,525.01,3,Cash,Autumn,Yes,Yes,Yes,Same Day,4.6,43,Monthly,01-12-2024
101309,24,Female,Kochi,Beauty,Moisturizer,2119.57,2,Debit Card,Autumn,Yes,Yes,No,Express,3.4,16,Yearly,22-01-2025
101310,37,Male,Visakhapatnam,Footwear,Flip Flops,5825.89,2,Net Banking,Autumn,No,No,No,Express,4.2,18,Yearly,25-09-2024
101311,19,Male,Mumbai,Grocery,Rice,310.92,5,Net Banking,Autumn,No,No,No,Express,4.2,18,Monthly,01-12-2025
101312,44,Female,Jaipur,Grocery,Oil,591.46,3,Cash,Autumn,No,No,Yes,Same Day,4.3,13,Quarterly,26-09-2025
101313,41,Female,Lucknow,Books,Comics,1679.0,5,Debit Card,Summer,No,No,No,Same Day,4.2,5,Weekly,02-07-2024
101314,52,Male,Delhi,Footwear,Sneakers,2585.21,5,Credit Card,Winter,No,No,No,Standard,3.2,18,Yearly,15-01-2024
101315,69,Male,Ahmedabad,Grocery,Snacks,2028.05,2,Cash,Winter,No,No,No,Standard,3.7,8,Weekly,25-03-2024
101316,39,Female,Patna,Footwear,Sandals,1418.68,1,Net Banking,Summer,No,No,No,Same Day,4.1,6,Yearly,05-07-2025
101317,70,Male,Mysuru,Clothing,Jacket,3455.11,5,Credit Card,Spring,No,No,No,Express,4.0,10,Quarterly,31-05-2024
101318,41,Male,Lucknow,Sports,Dumbbells,9138.55,5,UPI,Winter,No,No,No,Same Day,4.2,7,Weekly,15-11-2025
101319,25,Male,Vijayawada,Grocery,Oil,383.59,2,Net Banking,Summer,Yes,No,Yes,Same Day,4.6,33,Quarterly,23-12-2024
101320,62,Female,Patna,Clothing,Jeans,4089.2,5,UPI,Spring,No,No,No,Express,4.2,1,Quarterly,03-03-2024
101321,39,Female,Visakhapatnam,Footwear,Boots,3088.42,4,Credit Card,Winter,Yes,Yes,Yes,Standard,4.3,37,Yearly,04-08-2025
101322,39,Female,Kochi,Beauty,Face Wash,452.97,3,Cash,Summer,Yes,Yes,No,Standard,4.7,19,Quarterly,30-01-2025
101323,25,Male,Bhopal,Sports,Cricket Bat,4049.99,4,Net Banking,Spring,Yes,Yes,No,Same Day,4.6,18,Monthly,27-04-2025
101324,44,Female,Kochi,Books,Biography,260.54,2,Debit Card,Summer,No,No,No,Same Day,4.6,5,Weekly,21-01-2025
101325,57,Female,Lucknow,Home Decor,Wall Art,3917.25,2,Debit Card,Autumn,Yes,No,Yes,Express,4.3,34,Quarterly,07-05-2024
101326,31,Male,Ahmedabad,Electronics,Smartphone,7854.2,4,Credit Card,Winter,Yes,Yes,No,Standard,4.1,17,Weekly,26-09-2024
101327,32,Female,Visakhapatnam,Home Decor,Wall Art,5581.42,5,Cash,Spring,No,No,No,Express,3.8,16,Weekly,06-08-2025
101328,50,Female,Ahmedabad,Footwear,Sandals,6188.36,3,UPI,Summer,No,No,No,Express,4.2,8,Yearly,19-05-2024
101329,69,Male,Mumbai,Books,Novel,1954.51,3,UPI,Summer,Yes,No,No,Express,4.8,6,Weekly,03-06-2025
101330,40,Male,Kolkata,Books,Biography,732.51,3,Cash,Winter,No,No,No,Standard,4.0,14,Quarterly,06-04-2024
101331,40,Male,Surat,Beauty,Lipstick,2512.53,4,UPI,Summer,No,No,No,Same Day,4.4,19,Quarterly,19-06-2024
101332,32,Male,Mysuru,Electronics,Tablet,5697.0,3,Cash,Winter,No,No,Yes,Standard,4.4,18,Weekly,01-10-2024
101333,63,Female,Mumbai,Home Decor,Lamp,3520.65,2,Debit Card,Autumn,No,No,Yes,Standard,4.6,39,Weekly,28-09-2025
101334,27,Female,Patna,Books,Comics,2392.27,1,Net Banking,Winter,No,No,Yes,Standard,3.6,48,Yearly,18-09-2024
101335,37,Male,Pune,Sports,Cricket Bat,4043.66,3,Credit Card,Summer,Yes,Yes,Yes,Express,4.7,31,Weekly,06-02-2024
101336,21,Female,Hyderabad,Beauty,Perfume,618.07,4,Cash,Summer,Yes,Yes,No,Standard,4.6,13,Monthly,05-02-2024
101337,64,Male,Chennai,Electronics,Headphones,16424.82,2,Cash,Spring,Yes,No,Yes,Standard,3.9,23,Quarterly,31-01-2024
101338,18,Male,Coimbatore,Electronics,Laptop,9323.76,4,UPI,Summer,Yes,No,No,Standard,4.7,4,Yearly,24-06-2024
101339,54,Male,Surat,Footwear,Sneakers,3677.47,1,Cash,Winter,No,No,Yes,Standard,4.2,42,Quarterly,19-11-2024
101340,69,Male,Nagpur,Home Decor,Carpet,5055.14,4,Debit Card,Autumn,Yes,Yes,No,Standard,4.3,15,Yearly,25-02-2024
101341,26,Male,Indore,Footwear,Sandals,1608.62,4,UPI,Summer,No,No,No,Express,4.7,9,Quarterly,25-03-2024
101342,46,Female,Pune,Footwear,Sneakers,3067.71,1,Credit Card,Summer,No,No,No,Express,5,9,Quarterly,19-11-2024
101343,56,Female,Patna,Clothing,Jeans,608.48,2,Debit Card,Autumn,Yes,Yes,No,Same Day,3.8,15,Weekly,26-01-2025
101344,38,Male,Pune,Electronics,Smartphone,21108.46,5,Cash,Autumn,No,No,Yes,Same Day,4.7,44,Yearly,18-09-2024
101345,26,Male,Coimbatore,Books,Comics,1103.58,1,UPI,Autumn,No,No,No,Express,4.1,16,Monthly,24-03-2025
101346,57,Male,Chennai,Clothing,Dress,2467.32,1,UPI,Winter,No,No,Yes,Same Day,4.2,10,Monthly,06-02-2025
101347,45,Female,Coimbatore,Footwear,Sandals,6650.66,1,Net Banking,Summer,Yes,Yes,No,Standard,4.4,7,Yearly,22-11-2024
101348,30,Female,Delhi,Home Decor,Carpet,5237.45,3,Debit Card,Spring,Yes,No,Yes,Standard,5,8,Monthly,03-01-2024
101349,65,Female,Coimbatore,Electronics,Laptop,9785.45,1,Net Banking,Spring,Yes,No,Yes,Standard,3.6,41,Weekly,04-05-2024
101350,23,Female,Vijayawada,Home Decor,Lamp,4591.92,2,Credit Card,Summer,Yes,No,No,Same Day,4.1,0,Yearly,25-07-2024
101351,65,Male,Bhopal,Books,Comics,270.04,3,Debit Card,Spring,No,No,No,Same Day,2.1,18,Yearly,07-09-2024
101352,55,Female,Kolkata,Electronics,Laptop,9980.82,1,UPI,Summer,No,No,Yes,Express,5,46,Weekly,08-04-2024
101353,41,Female,Lucknow,Clothing,Jacket,2755.62,5,Debit Card,Summer,No,No,Yes,Standard,4.3,46,Weekly,11-03-2024
101354,46,Female,Bhopal,Grocery,Oil,2369.93,5,Net Banking,Autumn,Yes,Yes,Yes,Express,4.6,23,Quarterly,18-02-2025
101355,35,Male,Delhi,Sports,Dumbbells,8711.01,5,UPI,Summer,Yes,Yes,Yes,Standard,3.9,11,Quarterly,02-01-2024
101356,49,Female,Lucknow,Footwear,Running Shoes,6400.46,4,Credit Card,Autumn,Yes,No,Yes,Same Day,3.7,41,Monthly,25-02-2025
101357,18,Female,Chennai,Home Decor,Curtains,1208.98,1,Net Banking,Summer,Yes,Yes,No,Same Day,4.1,7,Weekly,04-12-2025
101358,40,Male,Jaipur,Sports,Football,8254.26,4,UPI,Spring,No,No,No,Standard,4.0,20,Yearly,08-09-2025
101359,26,Male,Surat,Footwear,Sandals,1602.94,1,UPI,Spring,Yes,Yes,Yes,Same Day,5.0,35,Monthly,10-05-2024
101360,52,Female,Hyderabad,Sports,Football,6374.9,4,Cash,Autumn,Yes,No,No,Standard,3.4,4,Quarterly,15-11-2024
101361,27,Female,Kochi,Sports,Football,11860.85,3,Cash,Spring,No,No,No,Standard,3.9,9,Weekly,09-01-2025
101362,27,Female,Kolkata,Books,Biography,1036.88,4,UPI,Winter,No,No,No,Express,3.9,9,Monthly,16-06-2024
101363,60,Male,Bhopal,Grocery,Rice,1242.05,1,Net Banking,Winter,No,No,No,Express,4.1,4,Quarterly,16-12-2025
101364,57,Female,Kochi,Sports,Cricket Bat,10345.77,4,Net Banking,Autumn,No,No,No,Same Day,3.7,8,Quarterly,29-04-2025
101365,18,Male,Kochi,Books,Novel,2443.68,1,Net Banking,Autumn,Yes,Yes,No,Same Day,2.7,18,Monthly,08-05-2024
101366,44,Female,Patna,Beauty,Perfume,626.61,1,Credit Card,Spring,Yes,Yes,No,Express,3.6,6,Yearly,15-09-2024
101367,19,Female,Ahmedabad,Grocery,Oil,2042.37,1,UPI,Spring,No,No,No,Same Day,4.1,18,Monthly,13-07-2025
101368,32,Female,Kolkata,Clothing,Dress,2018.13,5,Debit Card,Summer,Yes,Yes,Yes,Same Day,3.6,23,Weekly,24-06-2025
101369,34,Male,Indore,Home Decor,Vase,5126.43,1,UPI,Summer,Yes,Yes,No,Standard,4.7,17,Quarterly,19-07-2024
101370,63,Female,Bengaluru,Home Decor,Lamp,2072.45,5,Cash,Spring,Yes,Yes,No,Standard,5,5,Yearly,25-05-2024
101371,30,Male,Bengaluru,Clothing,Hoodie,4997.76,2,UPI,Winter,Yes,No,No,Same Day,4.5,16,Weekly,23-03-2024
101372,48,Male,Kolkata,Clothing,Jacket,981.22,4,UPI,Winter,Yes,No,Yes,Same Day,3.6,8,Yearly,16-02-2024
101373,40,Male,Surat,Clothing,Hoodie,1662.67,5,Debit Card,Winter,No,No,No,Same Day,4.0,4,Weekly,05-10-2025
101374,28,Male,Hyderabad,Clothing,T-Shirt,2626.47,2,Net Banking,Winter,Yes,Yes,Yes,Same Day,4.6,36,Weekly,27-04-2025
101375,47,Male,Kochi,Footwear,Running Shoes,1366.44,1,Net Banking,Spring,No,No,No,Same Day,3.3,1,Monthly,26-07-2024
101376,49,Female,Kolkata,Sports,Yoga Mat,1251.57,4,Net Banking,Spring,No,No,No,Standard,4.4,3,Monthly,20-10-2024
101377,50,Male,Hyderabad,Electronics,Camera,8394.33,3,Debit Card,Summer,Yes,Yes,No,Standard,4.3,17,Monthly,15-06-2024
101378,66,Female,Patna,Clothing,Kurta,2085.85,4,Debit Card,Winter,No,No,No,Same Day,4.7,12,Yearly,21-01-2024
101379,25,Male,Vijayawada,Sports,Dumbbells,10316.69,3,Credit Card,Spring,Yes,Yes,No,Express,4.4,11,Yearly,01-11-2024
101380,31,Male,Indore,Footwear,Running Shoes,992.45,5,Debit Card,Summer,No,No,Yes,Express,4.3,38,Monthly,20-12-2025
101381,36,Female,Surat,Clothing,Dress,796.81,1,UPI,Autumn,No,No,No,Standard,4.2,7,Weekly,16-01-2024
101382,48,Female,Patna,Grocery,Oil,2475.07,3,Cash,Summer,Yes,Yes,Yes,Standard,3.5,14,Quarterly,26-08-2024
101383,66,Female,Nagpur,Home Decor,Vase,2697.48,2,Cash,Winter,Yes,No,Yes,Standard,4.0,8,Quarterly,24-11-2024
101384,49,Female,Mumbai,Clothing,Jeans,1102.94,5,Debit Card,Winter,No,No,No,Same Day,4.5,2,Weekly,15-12-2024
101385,56,Female,Pune,Grocery,Coffee,722.29,4,UPI,Summer,Yes,Yes,Yes,Express,4.3,48,Quarterly,13-10-2024
101386,19,Female,Visakhapatnam,Sports,Dumbbells,1484.84,5,Cash,Spring,Yes,Yes,No,Express,3.7,1,Yearly,26-09-2024
101387,64,Male,Visakhapatnam,Books,Comics,469.83,3,Debit Card,Summer,No,No,No,Same Day,4.5,7,Yearly,30-10-2024
101388,60,Male,Bhopal,Clothing,Jacket,724.15,5,Credit Card,Autumn,No,No,No,Express,4.2,10,Yearly,02-12-2025
101389,37,Male,Coimbatore,Sports,Cricket Bat,5466.14,3,Credit Card,Spring,No,No,No,Express,3.9,5,Monthly,27-05-2024
101390,31,Female,Nagpur,Books,Novel,1189.53,2,Debit Card,Summer,No,No,No,Standard,3.8,6,Yearly,31-05-2025
101391,69,Female,Surat,Books,Comics,2316.68,5,Cash,Summer,No,No,Yes,Standard,4.6,50,Quarterly,28-08-2024
101392,56,Male,Nagpur,Home Decor,Lamp,1440.08,4,UPI,Autumn,No,No,Yes,Same Day,4.4,9,Yearly,15-03-2025
101393,44,Female,Bengaluru,Home Decor,Lamp,4499.45,5,Net Banking,Winter,No,No,Yes,Express,4.1,49,Monthly,22-03-2025
101394,34,Male,Pune,Clothing,Dress,2645.86,4,Credit Card,Winter,Yes,No,No,Same Day,3.8,0,Monthly,03-07-2024
101395,66,Male,Coimbatore,Electronics,Camera,21602.65,4,Cash,Spring,Yes,Yes,Yes,Express,4.4,49,Quarterly,10-06-2024
101396,20,Female,Pune,Grocery,Rice,2361.99,4,Net Banking,Spring,Yes,Yes,Yes,Standard,4.4,43,Monthly,10-07-2024
101397,18,Male,Ahmedabad,Electronics,Smartphone,8687.69,4,Debit Card,Winter,No,No,No,Standard,4.8,18,Weekly,06-04-2025
101398,67,Male,Lucknow,Books,Novel,1791.81,1,Debit Card,Summer,Yes,Yes,No,Standard,4.4,2,Monthly,27-02-2025
101399,25,Female,Pune,Books,Biography,1517.2,4,Cash,Summer,Yes,Yes,Yes,Same Day,4.6,25,Weekly,11-02-2025
101400,57,Female,Mumbai,Grocery,Coffee,1807.43,2,Net Banking,Summer,No,No,Yes,Standard,4.2,30,Yearly,18-12-2025
101401,70,Female,Kolkata,Footwear,Running Shoes,2892.79,1,Debit Card,Winter,Yes,Yes,Yes,Standard,4.6,13,Yearly,08-04-2025
101402,53,Female,Indore,Sports,Yoga Mat,11744.98,5,Cash,Autumn,No,No,No,Same Day,4.6,14,Quarterly,24-01-2024
101403,44,Female,Indore,Books,Novel,1945.46,1,Credit Card,Spring,Yes,No,No,Same Day,5.0,17,Weekly,01-08-2025
101404,41,Female,Kolkata,Footwear,Flip Flops,4604.09,3,Debit Card,Spring,No,No,Yes,Same Day,4.3,19,Monthly,26-06-2024
101405,28,Male,Indore,Footwear,Boots,1123.58,2,Debit Card,Autumn,Yes,Yes,No,Express,4.3,7,Monthly,11-12-2024
101406,50,Female,Visakhapatnam,Home Decor,Wall Art,3855.56,2,Credit Card,Summer,Yes,Yes,No,Express,4.1,1,Monthly,07-02-2025
101407,19,Female,Vijayawada,Footwear,Flip Flops,5403.71,5,Credit Card,Spring,No,No,No,Standard,4.6,0,Quarterly,02-04-2024
101408,43,Female,Mysuru,Footwear,Flip Flops,4487.2,2,UPI,Spring,No,No,Yes,Standard,3.4,29,Monthly,23-05-2025
101409,28,Male,Hyderabad,Sports,Cricket Bat,5100.02,5,Debit Card,Spring,Yes,Yes,Yes,Same Day,4.4,37,Weekly,23-08-2025
101410,24,Female,Indore,Footwear,Sandals,2162.35,4,Credit Card,Winter,No,No,No,Express,4.7,2,Yearly,22-11-2024
101411,27,Male,Mysuru,Footwear,Flip Flops,3382.06,4,Credit Card,Spring,Yes,Yes,No,Standard,3.9,12,Quarterly,18-11-2024
101412,22,Female,Kolkata,Footwear,Boots,6118.38,3,UPI,Autumn,No,No,Yes,Standard,4.1,18,Quarterly,02-08-2024
101413,21,Female,Nagpur,Footwear,Sneakers,6479.15,4,Credit Card,Autumn,Yes,Yes,No,Express,4.0,3,Quarterly,14-05-2024
101414,34,Female,Patna,Footwear,Sneakers,5684.67,5,Credit Card,Spring,No,No,No,Express,4.0,7,Yearly,19-05-2025
101415,30,Male,Kolkata,Electronics,Smart Watch,20151.07,5,Net Banking,Winter,No,No,No,Express,5,12,Weekly,18-06-2024
101416,35,Male,Surat,Grocery,Tea,967.15,5,Debit Card,Summer,No,No,No,Same Day,4.8,9,Monthly,24-11-2024
101417,43,Female,Delhi,Sports,Dumbbells,8174.78,2,Debit Card,Autumn,Yes,Yes,Yes,Standard,4.7,19,Quarterly,17-01-2025
101418,40,Male,Mumbai,Clothing,Dress,2899.78,3,Cash,Summer,Yes,Yes,No,Express,3.7,17,Yearly,25-06-2024
101419,59,Male,Chennai,Sports,Cricket Bat,10332.11,2,Credit Card,Summer,No,No,No,Express,4.8,8,Monthly,31-08-2025
101420,62,Female,Bengaluru,Electronics,Laptop,7687.58,4,UPI,Autumn,Yes,Yes,No,Express,4.5,20,Weekly,17-08-2025
101421,36,Male,Hyderabad,Grocery,Tea,1849.51,5,UPI,Spring,No,No,Yes,Same Day,4.2,12,Monthly,14-01-2025
101422,23,Male,Vijayawada,Beauty,Shampoo,822.14,1,UPI,Winter,Yes,No,No,Standard,3.5,4,Monthly,17-04-2025
101423,65,Female,Bengaluru,Books,Novel,1316.5,4,Credit Card,Winter,Yes,No,Yes,Express,4.3,25,Quarterly,11-01-2024
101424,23,Female,Kochi,Electronics,Headphones,18180.7,2,UPI,Summer,Yes,Yes,Yes,Standard,4.8,37,Yearly,27-04-2024
101425,45,Female,Delhi,Electronics,Camera,23773.82,1,Cash,Autumn,Yes,No,No,Express,4.5,19,Monthly,15-04-2025
101426,48,Female,Bengaluru,Footwear,Running Shoes,3358.54,2,Debit Card,Autumn,No,No,No,Standard,4.0,12,Weekly,11-10-2024
101427,19,Male,Nagpur,Sports,Football,7740.89,5,Credit Card,Summer,Yes,Yes,No,Express,4.2,10,Monthly,20-10-2024
101428,32,Female,Indore,Beauty,Moisturizer,1399.52,3,Credit Card,Winter,Yes,Yes,Yes,Same Day,4.1,25,Quarterly,04-04-2025
101429,41,Male,Bhopal,Electronics,Smartphone,21841.33,2,Cash,Spring,No,No,No,Express,4.1,9,Yearly,24-12-2025
101430,32,Female,Lucknow,Home Decor,Lamp,3045.74,3,Credit Card,Spring,No,No,No,Express,3.9,0,Quarterly,28-08-2024
101431,32,Female,Patna,Grocery,Snacks,378.6,4,UPI,Autumn,No,No,No,Express,4.6,1,Weekly,27-10-2024
101432,21,Female,Bhopal,Beauty,Moisturizer,430.59,4,Debit Card,Winter,Yes,Yes,No,Express,3.6,16,Yearly,23-04-2025
101433,69,Male,Indore,Footwear,Running Shoes,4852.47,1,Net Banking,Autumn,No,No,No,Same Day,4.2,12,Weekly,01-06-2024
101434,25,Male,Surat,Books,Programming Book,943.15,1,Cash,Winter,No,No,No,Standard,3.5,5,Quarterly,29-08-2024
101435,32,Male,Coimbatore,Grocery,Tea,814.12,4,Net Banking,Summer,Yes,No,No,Standard,4.8,13,Yearly,12-11-2025
101436,25,Male,Pune,Beauty,Lipstick,2257.71,4,Cash,Winter,No,No,No,Same Day,4.3,15,Quarterly,24-03-2024
101437,39,Male,Surat,Electronics,Headphones,20198.55,5,UPI,Winter,No,No,No,Express,4.2,20,Monthly,07-11-2024
101438,43,Male,Lucknow,Footwear,Flip Flops,5732.57,3,UPI,Autumn,No,No,No,Same Day,3.5,16,Monthly,22-05-2024
101439,53,Female,Chennai,Clothing,Hoodie,2952.79,4,Cash,Spring,No,No,No,Express,4.0,8,Weekly,12-03-2024
101440,69,Male,Surat,Sports,Cricket Bat,10200.22,1,Net Banking,Summer,No,No,No,Express,4.4,0,Weekly,29-07-2025
101441,32,Female,Chennai,Footwear,Running Shoes,3582.51,1,Net Banking,Winter,No,No,No,Express,4.0,6,Quarterly,10-06-2024
101442,60,Male,Chennai,Electronics,Smartphone,18491.44,2,Debit Card,Autumn,No,No,No,Same Day,4.0,18,Weekly,25-04-2024
101443,46,Male,Bhopal,Home Decor,Wall Art,3713.24,1,Net Banking,Autumn,No,No,No,Same Day,4.2,19,Quarterly,13-09-2025
101444,35,Male,Bengaluru,Footwear,Boots,5093.46,1,Cash,Spring,No,No,Yes,Express,4.2,40,Yearly,29-05-2025
101445,25,Female,Surat,Electronics,Smart Watch,16597.97,1,UPI,Winter,Yes,Yes,No,Same Day,4.8,20,Monthly,31-10-2025
101446,25,Female,Bengaluru,Clothing,Jacket,4716.12,2,Cash,Autumn,No,No,Yes,Standard,3.4,36,Yearly,19-02-2024
101447,22,Female,Pune,Beauty,Lipstick,1325.91,5,Credit Card,Winter,Yes,Yes,No,Same Day,4.7,17,Quarterly,02-11-2024
101448,51,Female,Vijayawada,Grocery,Rice,622.86,4,Debit Card,Spring,No,No,No,Standard,5,0,Yearly,06-07-2025
101449,42,Male,Pune,Electronics,Smart Watch,20996.18,4,Cash,Summer,No,No,No,Standard,3.6,3,Weekly,02-09-2024
101450,44,Male,Ahmedabad,Clothing,Kurta,1762.75,2,Debit Card,Winter,No,No,Yes,Same Day,4.0,19,Monthly,19-10-2025
101451,23,Male,Hyderabad,Home Decor,Wall Art,4493.97,3,Credit Card,Autumn,No,No,No,Standard,3.9,15,Yearly,02-09-2025
101452,47,Female,Kolkata,Electronics,Headphones,5179.1,5,Debit Card,Winter,No,No,Yes,Express,3.8,17,Weekly,12-09-2024
101453,66,Female,Bengaluru,Sports,Dumbbells,4741.62,2,Cash,Autumn,Yes,Yes,Yes,Same Day,4.2,26,Yearly,11-01-2025
101454,35,Male,Mumbai,Home Decor,Lamp,2307.99,5,Cash,Winter,No,No,No,Standard,3.4,12,Quarterly,10-10-2024
101455,32,Female,Bengaluru,Sports,Dumbbells,5068.99,4,Net Banking,Winter,No,No,Yes,Express,4.0,20,Quarterly,03-08-2025
101456,29,Female,Pune,Books,Biography,623.02,4,Net Banking,Summer,No,No,Yes,Standard,4.1,11,Yearly,02-03-2025
101457,29,Male,Indore,Sports,Football,5021.9,5,Net Banking,Summer,No,No,No,Same Day,4.8,18,Monthly,08-08-2024
101458,47,Female,Coimbatore,Grocery,Snacks,1605.1,3,Cash,Spring,No,No,No,Express,3.9,12,Weekly,09-09-2024
101459,69,Female,Mysuru,Home Decor,Vase,4934.66,1,Debit Card,Summer,No,No,Yes,Same Day,3.9,41,Weekly,07-06-2024
101460,36,Female,Bengaluru,Footwear,Running Shoes,4809.94,4,Cash,Summer,No,No,Yes,Same Day,4.1,8,Weekly,08-11-2024
101461,19,Male,Surat,Beauty,Lipstick,2472.28,4,Debit Card,Summer,Yes,Yes,No,Same Day,4.5,18,Weekly,28-08-2025
101462,60,Male,Jaipur,Sports,Yoga Mat,10976.22,3,Net Banking,Summer,Yes,No,No,Standard,3.7,12,Monthly,27-08-2024
101463,45,Male,Mysuru,Grocery,Oil,2369.54,5,Net Banking,Winter,No,No,Yes,Standard,4.8,39,Weekly,26-10-2025
101464,33,Male,Coimbatore,Grocery,Tea,1616.08,4,UPI,Winter,Yes,Yes,No,Same Day,3.9,0,Quarterly,06-05-2025
101465,37,Female,Ahmedabad,Footwear,Boots,1459.25,2,Debit Card,Summer,Yes,No,No,Standard,3.9,0,Quarterly,18-02-2025
101466,59,Male,Chennai,Clothing,T-Shirt,2733.48,3,UPI,Summer,No,No,Yes,Express,3.7,39,Weekly,12-08-2025
101467,65,Male,Vijayawada,Footwear,Sneakers,1949.14,4,Credit Card,Summer,No,No,Yes,Express,4.6,29,Monthly,27-10-2024
101468,18,Female,Nagpur,Home Decor,Wall Art,2758.14,4,Net Banking,Winter,No,No,No,Standard,4.3,9,Monthly,18-11-2024
101469,66,Male,Nagpur,Clothing,T-Shirt,3334.44,5,Debit Card,Spring,Yes,Yes,No,Express,3.8,15,Monthly,05-07-2025
101470,56,Male,Patna,Grocery,Rice,2028.01,5,UPI,Autumn,Yes,Yes,Yes,Express,3.0,32,Weekly,07-04-2024
101471,56,Male,Bhopal,Grocery,Tea,307.85,4,Cash,Spring,Yes,Yes,Yes,Standard,4.1,47,Weekly,14-11-2024
101472,66,Male,Mysuru,Grocery,Coffee,2323.17,5,Credit Card,Summer,No,No,Yes,Standard,4.8,25,Weekly,28-11-2025
101473,65,Male,Kolkata,Beauty,Shampoo,1638.48,5,Net Banking,Winter,No,No,No,Same Day,4.9,5,Weekly,06-11-2025
101474,62,Female,Chennai,Books,Comics,2434.36,4,Debit Card,Winter,Yes,Yes,No,Same Day,4.0,4,Monthly,27-07-2024
101475,56,Female,Jaipur,Beauty,Perfume,938.21,1,Net Banking,Spring,Yes,No,No,Express,3.6,4,Yearly,13-02-2024
101476,57,Male,Patna,Footwear,Sneakers,5986.3,3,Credit Card,Spring,No,No,No,Standard,4.2,3,Monthly,28-11-2025
101477,39,Male,Lucknow,Footwear,Running Shoes,1726.96,4,Credit Card,Summer,Yes,Yes,No,Same Day,4.7,3,Yearly,03-02-2024
101478,56,Female,Hyderabad,Home Decor,Carpet,3013.48,3,Debit Card,Autumn,Yes,Yes,No,Express,4.7,5,Yearly,15-12-2025
101479,30,Male,Coimbatore,Electronics,Headphones,20014.3,3,Cash,Spring,No,No,No,Same Day,3.5,4,Quarterly,07-03-2025
101480,29,Male,Lucknow,Books,Programming Book,1832.03,5,Cash,Spring,No,No,No,Express,3.8,4,Monthly,14-01-2024
101481,49,Female,Hyderabad,Footwear,Running Shoes,2061.32,4,Net Banking,Winter,Yes,Yes,Yes,Standard,3.8,42,Yearly,30-08-2024
101482,41,Male,Delhi,Electronics,Smart Watch,19618.68,1,Cash,Autumn,No,No,No,Standard,5,13,Weekly,12-01-2024
101483,21,Male,Hyderabad,Beauty,Shampoo,600.85,2,UPI,Autumn,No,No,Yes,Express,4.4,15,Yearly,14-01-2025
101484,70,Male,Bhopal,Books,Comics,343.74,5,Net Banking,Winter,No,No,No,Standard,4.5,3,Monthly,19-04-2025
101485,58,Male,Bengaluru,Grocery,Tea,933.75,5,Net Banking,Autumn,Yes,Yes,No,Same Day,4.1,10,Weekly,07-05-2024
101486,40,Female,Surat,Electronics,Camera,9227.23,3,Debit Card,Winter,No,No,No,Express,4.6,17,Monthly,20-06-2024
101487,38,Female,Bhopal,Grocery,Oil,227.76,4,UPI,Winter,No,No,Yes,Standard,4.0,47,Yearly,11-01-2024
101488,43,Male,Delhi,Home Decor,Carpet,1421.42,1,Debit Card,Autumn,No,No,No,Standard,4.7,4,Weekly,18-01-2025
101489,58,Male,Kochi,Beauty,Lipstick,1591.74,1,Debit Card,Winter,No,No,Yes,Standard,3.9,22,Weekly,17-01-2025
101490,37,Female,Vijayawada,Footwear,Sandals,2371.69,4,Debit Card,Autumn,Yes,Yes,Yes,Standard,4.6,12,Weekly,27-11-2025
101491,38,Female,Mumbai,Grocery,Milk,1517.14,1,Net Banking,Winter,No,No,No,Express,5,14,Yearly,17-08-2025
101492,30,Female,Mysuru,Beauty,Moisturizer,1585.71,5,Cash,Winter,No,No,Yes,Same Day,3.9,15,Weekly,18-01-2025
101493,62,Female,Nagpur,Books,Novel,2052.9,1,Net Banking,Autumn,No,No,No,Standard,4.8,7,Weekly,31-07-2025
101494,30,Male,Mysuru,Footwear,Sandals,5101.2,2,Credit Card,Summer,Yes,Yes,Yes,Same Day,3.5,31,Yearly,23-10-2024
101495,38,Male,Pune,Home Decor,Lamp,4948.22,4,Cash,Summer,No,No,Yes,Express,4.5,43,Monthly,28-09-2025
101496,20,Male,Kolkata,Footwear,Sandals,5021.87,1,Net Banking,Spring,No,No,No,Express,4.7,10,Weekly,07-03-2024
101497,36,Male,Visakhapatnam,Sports,Tennis Racket,11569.11,4,UPI,Summer,No,No,Yes,Same Day,4.9,19,Quarterly,24-11-2024
101498,46,Female,Kochi,Clothing,Jacket,3057.77,5,Net Banking,Spring,Yes,Yes,No,Standard,4.2,10,Monthly,07-05-2024
101499,33,Male,Delhi,Electronics,Laptop,8686.1,4,Credit Card,Summer,No,No,No,Express,3.7,12,Monthly,18-03-2024
101500,43,Female,Nagpur,Sports,Tennis Racket,1116.7,4,UPI,Summer,No,No,No,Same Day,4.4,1,Quarterly,23-02-2024
101501,28,Female,Delhi,Beauty,Moisturizer,1964.49,1,UPI,Winter,No,No,No,Same Day,4.2,10,Yearly,03-10-2024
101502,66,Female,Surat,Electronics,Camera,8340.09,4,Cash,Summer,No,No,No,Express,4.4,13,Weekly,16-03-2025
101503,30,Female,Bhopal,Footwear,Sneakers,6263.14,3,Cash,Spring,No,No,No,Express,3.8,7,Yearly,23-10-2025
101504,62,Female,Vijayawada,Beauty,Lipstick,2548.2,3,Net Banking,Spring,No,No,No,Express,4.0,6,Yearly,05-02-2024
101505,69,Male,Delhi,Grocery,Coffee,2094.16,4,Debit Card,Summer,No,No,Yes,Standard,4.4,26,Quarterly,25-01-2025
101506,52,Male,Mumbai,Clothing,Jeans,1982.95,3,Net Banking,Autumn,No,No,Yes,Standard,4.5,43,Quarterly,17-01-2024
101507,28,Male,Visakhapatnam,Electronics,Camera,21332.41,5,Debit Card,Winter,Yes,Yes,Yes,Express,4.7,36,Monthly,15-12-2024
101508,50,Male,Delhi,Sports,Dumbbells,3096.33,5,Net Banking,Winter,Yes,Yes,No,Standard,5,15,Quarterly,04-11-2025
101509,64,Male,Ahmedabad,Home Decor,Lamp,3580.55,3,Cash,Autumn,Yes,Yes,No,Express,4.2,1,Quarterly,04-02-2025
101510,57,Female,Vijayawada,Electronics,Camera,20500.89,4,Credit Card,Summer,No,No,Yes,Standard,3.5,35,Yearly,06-06-2024
101511,21,Male,Kochi,Beauty,Moisturizer,434.29,4,Credit Card,Spring,No,No,No,Standard,3.8,1,Quarterly,05-04-2025
101512,43,Female,Lucknow,Sports,Yoga Mat,9218.01,3,Cash,Autumn,No,No,Yes,Standard,4.4,50,Monthly,17-09-2024
101513,39,Female,Surat,Books,Programming Book,2175.63,3,UPI,Autumn,Yes,Yes,Yes,Standard,3.8,8,Quarterly,19-04-2024
101514,55,Female,Jaipur,Footwear,Sandals,731.11,2,Credit Card,Winter,Yes,No,No,Same Day,4.4,9,Yearly,18-01-2024
101515,46,Male,Kolkata,Beauty,Perfume,1342.99,1,Net Banking,Autumn,No,No,No,Express,4.4,1,Yearly,03-03-2024
101516,52,Male,Hyderabad,Footwear,Sneakers,6893.65,3,UPI,Summer,No,No,No,Express,4.5,10,Weekly,20-08-2025
101517,70,Female,Delhi,Sports,Football,10215.84,3,Credit Card,Autumn,No,No,No,Standard,4.3,15,Quarterly,23-06-2025
101518,40,Female,Nagpur,Electronics,Tablet,10983.1,5,UPI,Autumn,No,No,Yes,Express,4.7,10,Monthly,09-08-2025
101519,66,Male,Delhi,Home Decor,Lamp,4049.81,4,UPI,Summer,No,No,No,Same Day,3.9,18,Weekly,26-08-2024
101520,26,Female,Surat,Clothing,Jacket,1761.65,1,Cash,Summer,No,No,No,Express,3.9,19,Monthly,11-02-2024
101521,48,Female,Patna,Beauty,Lipstick,1423.0,3,Net Banking,Autumn,No,No,No,Standard,4.1,14,Yearly,30-09-2024
101522,26,Female,Surat,Footwear,Sandals,6204.89,5,Debit Card,Spring,No,No,Yes,Same Day,4.0,41,Yearly,11-06-2024
101523,64,Female,Mysuru,Beauty,Face Wash,2318.88,2,Cash,Winter,Yes,Yes,Yes,Express,4.0,35,Weekly,30-03-2025
101524,31,Male,Indore,Beauty,Lipstick,458.36,5,UPI,Winter,No,No,No,Same Day,4.8,5,Monthly,28-10-2024
101525,44,Male,Kochi,Footwear,Running Shoes,6545.46,2,Credit Card,Winter,No,No,No,Same Day,4.6,10,Weekly,06-04-2025
101526,70,Male,Bengaluru,Electronics,Smartphone,19168.59,4,Debit Card,Autumn,No,No,No,Same Day,4.8,7,Yearly,26-02-2024
101527,58,Female,Kochi,Home Decor,Carpet,3129.48,3,Credit Card,Spring,Yes,Yes,No,Same Day,3.5,18,Yearly,03-08-2024
101528,21,Female,Indore,Books,Comics,1397.34,5,Cash,Summer,Yes,Yes,Yes,Express,4.0,45,Monthly,01-06-2025
101529,27,Male,Nagpur,Home Decor,Vase,2571.98,2,Credit Card,Winter,Yes,Yes,No,Same Day,4.4,13,Weekly,09-10-2025
101530,59,Female,Mumbai,Grocery,Milk,1374.71,2,UPI,Winter,Yes,No,Yes,Standard,4.4,42,Yearly,01-02-2025
101531,27,Male,Bhopal,Electronics,Laptop,16065.59,2,Credit Card,Autumn,Yes,Yes,Yes,Same Day,3.1,45,Yearly,08-11-2025
101532,44,Female,Lucknow,Home Decor,Vase,2923.38,5,Cash,Summer,Yes,Yes,No,Standard,4.1,1,Quarterly,28-12-2024
101533,28,Male,Mumbai,Books,Novel,976.54,3,UPI,Autumn,Yes,Yes,No,Express,4.1,14,Monthly,21-10-2025
101534,65,Male,Surat,Clothing,Dress,1732.32,3,Debit Card,Spring,No,No,No,Express,4.1,19,Quarterly,05-06-2025
101535,21,Male,Delhi,Beauty,Lipstick,2821.39,3,UPI,Summer,Yes,No,No,Express,3.7,9,Quarterly,04-10-2025
101536,46,Female,Mysuru,Sports,Tennis Racket,5799.78,1,Credit Card,Summer,No,No,No,Same Day,4.1,1,Quarterly,04-10-2025
101537,54,Female,Hyderabad,Home Decor,Wall Art,5515.38,2,Cash,Winter,Yes,No,No,Express,4.3,9,Monthly,17-05-2024
101538,31,Male,Indore,Grocery,Tea,1539.27,4,Debit Card,Winter,No,No,Yes,Same Day,4.0,39,Monthly,07-09-2025
101539,65,Male,Bengaluru,Footwear,Running Shoes,1561.24,1,Debit Card,Autumn,Yes,Yes,Yes,Same Day,3.8,40,Monthly,20-08-2024
101540,65,Female,Patna,Footwear,Boots,2258.87,4,Cash,Spring,Yes,Yes,Yes,Express,3.6,31,Monthly,03-11-2024
101541,40,Female,Patna,Home Decor,Carpet,1915.58,1,Cash,Autumn,Yes,No,No,Same Day,5,8,Weekly,10-03-2025
101542,28,Male,Surat,Clothing,Kurta,3489.82,4,Net Banking,Spring,No,No,Yes,Same Day,3.7,8,Quarterly,11-04-2024
101543,63,Female,Patna,Beauty,Perfume,769.51,4,Cash,Autumn,Yes,No,No,Standard,4.2,15,Monthly,02-07-2025
101544,67,Male,Delhi,Sports,Yoga Mat,5557.23,3,UPI,Winter,No,No,No,Same Day,3.9,7,Monthly,29-04-2024
101545,44,Female,Kochi,Beauty,Moisturizer,2867.13,1,Credit Card,Autumn,Yes,No,No,Same Day,3.9,14,Monthly,02-02-2024
101546,20,Male,Visakhapatnam,Footwear,Sandals,5268.75,4,Net Banking,Summer,Yes,Yes,Yes,Express,4.4,22,Yearly,01-01-2025
101547,38,Male,Jaipur,Electronics,Laptop,10521.56,4,UPI,Autumn,No,No,No,Express,4.5,14,Monthly,24-12-2024
101548,45,Female,Delhi,Clothing,Kurta,4408.49,4,UPI,Spring,No,No,Yes,Same Day,4.3,33,Yearly,09-09-2024
101549,68,Female,Bhopal,Books,Biography,2260.66,3,Debit Card,Summer,No,No,No,Same Day,4.5,2,Yearly,26-09-2024
101550,68,Female,Hyderabad,Clothing,Jacket,4877.61,3,Debit Card,Spring,Yes,No,No,Same Day,4.9,0,Monthly,04-10-2024
101551,29,Male,Vijayawada,Home Decor,Wall Art,304.52,4,Credit Card,Summer,No,No,No,Standard,4.2,12,Yearly,13-12-2025
101552,30,Male,Indore,Clothing,Jacket,917.58,3,Net Banking,Winter,No,No,No,Same Day,4.7,9,Yearly,26-08-2025
101553,36,Male,Coimbatore,Grocery,Oil,1339.76,4,Cash,Spring,Yes,Yes,Yes,Same Day,4.5,8,Quarterly,29-05-2025
101554,33,Male,Jaipur,Electronics,Laptop,9122.61,1,Debit Card,Spring,No,No,Yes,Standard,4.9,42,Quarterly,22-08-2024
101555,69,Male,Nagpur,Sports,Dumbbells,9742.44,1,Net Banking,Winter,No,No,No,Standard,4.9,5,Quarterly,09-03-2025
101556,44,Male,Delhi,Home Decor,Curtains,5223.23,5,Credit Card,Summer,No,No,Yes,Same Day,4.4,37,Weekly,16-01-2025
101557,29,Male,Bengaluru,Home Decor,Curtains,1354.61,5,Cash,Autumn,Yes,Yes,No,Same Day,4.0,6,Weekly,22-11-2025
101558,19,Female,Kochi,Grocery,Oil,1304.92,1,Debit Card,Spring,Yes,No,Yes,Express,3.8,14,Quarterly,25-08-2025
101559,65,Male,Delhi,Footwear,Sneakers,1554.81,2,Debit Card,Spring,Yes,Yes,Yes,Standard,4.6,33,Monthly,07-07-2024
101560,24,Male,Chennai,Footwear,Sneakers,1417.39,2,Debit Card,Autumn,No,No,No,Standard,4.2,4,Monthly,12-08-2025
101561,25,Male,Pune,Clothing,Jeans,1594.66,5,Debit Card,Autumn,Yes,Yes,Yes,Express,4.0,19,Monthly,07-11-2024
101562,45,Male,Pune,Footwear,Flip Flops,2361.37,5,Cash,Winter,No,No,No,Standard,3.8,9,Quarterly,27-06-2024
101563,58,Female,Kolkata,Electronics,Camera,10534.56,5,Net Banking,Autumn,Yes,No,No,Standard,3.5,11,Quarterly,18-02-2025
101564,43,Female,Lucknow,Clothing,Jacket,3032.24,1,Debit Card,Winter,No,No,No,Express,3.5,12,Monthly,13-01-2025
101565,48,Female,Kolkata,Beauty,Shampoo,897.8,5,Debit Card,Summer,Yes,Yes,Yes,Express,4.8,34,Quarterly,07-02-2025
101566,62,Female,Delhi,Sports,Yoga Mat,9333.16,5,Net Banking,Autumn,Yes,Yes,No,Same Day,3.6,10,Monthly,06-06-2024
101567,55,Male,Jaipur,Home Decor,Curtains,888.57,4,UPI,Summer,No,No,No,Same Day,3.5,12,Yearly,20-07-2024
101568,50,Female,Kolkata,Beauty,Perfume,2072.52,1,Cash,Spring,Yes,Yes,Yes,Express,4.4,50,Monthly,30-10-2024
101569,66,Male,Kochi,Books,Comics,466.41,2,Net Banking,Spring,No,No,No,Standard,3.5,19,Monthly,12-12-2025
101570,31,Female,Delhi,Books,Novel,1103.96,4,Credit Card,Spring,No,No,Yes,Standard,4.7,9,Quarterly,03-07-2025
101571,26,Female,Ahmedabad,Sports,Dumbbells,7227.02,1,Credit Card,Spring,No,No,No,Express,3.9,0,Quarterly,28-03-2025
101572,65,Male,Bhopal,Sports,Cricket Bat,10235.42,3,Debit Card,Winter,No,No,Yes,Standard,4.4,25,Monthly,04-09-2025
101573,55,Female,Hyderabad,Clothing,Kurta,1468.54,5,Debit Card,Spring,No,No,Yes,Same Day,4.8,45,Yearly,26-10-2024
101574,19,Female,Patna,Books,Novel,754.44,3,Credit Card,Spring,No,No,No,Standard,4.7,14,Weekly,02-02-2025
101575,63,Male,Vijayawada,Clothing,Jeans,3207.34,5,UPI,Spring,Yes,Yes,Yes,Standard,4.3,44,Quarterly,08-08-2024
101576,35,Male,Jaipur,Books,Programming Book,352.58,5,Net Banking,Autumn,No,No,No,Standard,4.6,6,Weekly,13-03-2024
101577,52,Male,Mumbai,Sports,Dumbbells,5285.12,3,Net Banking,Spring,Yes,Yes,No,Standard,4.6,1,Monthly,09-02-2024
101578,25,Female,Patna,Footwear,Flip Flops,6995.29,1,Net Banking,Spring,No,No,No,Standard,4.3,13,Quarterly,27-05-2024
101579,27,Male,Visakhapatnam,Clothing,Jeans,1936.63,1,Cash,Spring,Yes,Yes,Yes,Same Day,2.8,29,Weekly,12-05-2025
101580,48,Male,Chennai,Clothing,Jeans,4058.22,1,Credit Card,Summer,Yes,Yes,No,Same Day,4.4,12,Weekly,19-08-2025
101581,60,Male,Pune,Home Decor,Lamp,5832.7,5,Net Banking,Spring,No,No,No,Express,4.4,9,Yearly,09-10-2025
101582,22,Male,Kochi,Home Decor,Wall Art,3015.69,5,Debit Card,Winter,No,No,Yes,Express,4.3,39,Quarterly,14-03-2025
101583,23,Male,Nagpur,Beauty,Shampoo,1044.66,1,Cash,Spring,No,No,Yes,Same Day,4.5,43,Monthly,01-05-2024
101584,23,Female,Visakhapatnam,Grocery,Coffee,962.44,4,Net Banking,Winter,No,No,No,Same Day,4.2,2,Monthly,01-02-2025
101585,29,Female,Jaipur,Clothing,Kurta,4520.4,1,Credit Card,Autumn,Yes,No,No,Express,3.3,11,Yearly,20-08-2025
101586,50,Male,Bengaluru,Home Decor,Vase,474.57,1,Net Banking,Autumn,Yes,Yes,No,Express,4.3,11,Yearly,22-12-2024
101587,29,Female,Chennai,Sports,Cricket Bat,5903.67,4,Cash,Summer,Yes,Yes,No,Same Day,3.9,16,Quarterly,26-01-2025
101588,59,Female,Mumbai,Electronics,Smart Watch,21776.64,1,Cash,Winter,Yes,No,Yes,Standard,4.6,10,Quarterly,11-02-2024
101589,70,Female,Kochi,Books,Novel,1468.36,1,Debit Card,Spring,No,No,No,Express,4.4,0,Yearly,21-02-2025
101590,60,Male,Delhi,Footwear,Sandals,2145.02,5,Credit Card,Summer,Yes,No,No,Standard,4.4,3,Monthly,17-10-2024
101591,51,Male,Indore,Electronics,Headphones,24998.47,5,Net Banking,Autumn,No,No,Yes,Standard,4.4,28,Quarterly,08-04-2025
101592,33,Female,Hyderabad,Clothing,Jeans,4217.19,3,Credit Card,Autumn,No,No,No,Express,4.2,3,Monthly,17-06-2024
101593,60,Female,Nagpur,Footwear,Sneakers,4206.1,1,Net Banking,Winter,Yes,Yes,No,Same Day,4.2,13,Weekly,15-03-2024
101594,63,Female,Kolkata,Electronics,Tablet,11025.65,5,Debit Card,Summer,No,No,Yes,Same Day,4.5,26,Weekly,02-11-2025
101595,36,Male,Patna,Home Decor,Wall Art,507.55,1,Net Banking,Summer,No,No,No,Standard,3.6,13,Yearly,26-07-2025
101596,67,Male,Delhi,Electronics,Camera,6946.94,5,Cash,Autumn,No,No,No,Standard,4.8,14,Yearly,02-09-2025
101597,49,Female,Vijayawada,Electronics,Tablet,16443.3,1,Net Banking,Autumn,Yes,Yes,No,Standard,3.5,17,Yearly,09-09-2025
101598,56,Female,Hyderabad,Sports,Tennis Racket,5025.34,1,Cash,Autumn,Yes,Yes,No,Express,3.8,9,Yearly,03-09-2024
101599,43,Female,Delhi,Beauty,Moisturizer,1443.65,1,Credit Card,Winter,Yes,Yes,No,Same Day,3.8,11,Weekly,23-05-2024
101600,43,Male,Mysuru,Grocery,Oil,2152.42,3,Debit Card,Autumn,Yes,Yes,No,Express,4.0,16,Yearly,03-07-2024
101601,34,Male,Visakhapatnam,Grocery,Rice,893.41,1,UPI,Autumn,Yes,Yes,No,Standard,4.0,5,Weekly,04-12-2024
101602,38,Female,Lucknow,Grocery,Oil,1254.63,5,UPI,Winter,No,No,No,Standard,4.3,12,Yearly,30-07-2025
101603,66,Male,Kolkata,Sports,Football,8160.18,5,Debit Card,Autumn,Yes,Yes,Yes,Express,4.3,18,Weekly,25-11-2024
101604,26,Female,Bhopal,Footwear,Flip Flops,1858.07,5,Net Banking,Spring,Yes,No,No,Express,4.5,1,Monthly,11-04-2024
101605,37,Male,Kochi,Books,Science Book,1294.02,2,UPI,Autumn,Yes,Yes,No,Same Day,4.2,19,Yearly,26-01-2025
101606,70,Female,Bengaluru,Beauty,Moisturizer,2919.29,1,Credit Card,Summer,Yes,No,No,Same Day,4.5,0,Weekly,05-11-2024
101607,21,Male,Vijayawada,Grocery,Rice,750.53,2,Credit Card,Autumn,Yes,Yes,Yes,Same Day,4.3,10,Weekly,10-09-2025
101608,39,Female,Mumbai,Electronics,Laptop,12535.66,2,Debit Card,Winter,Yes,Yes,Yes,Same Day,4.9,9,Quarterly,17-12-2025
101609,18,Female,Vijayawada,Books,Novel,2494.38,2,Credit Card,Spring,Yes,Yes,No,Express,4.3,11,Monthly,19-05-2024
101610,47,Male,Jaipur,Beauty,Lipstick,1128.19,3,Cash,Autumn,No,No,No,Standard,3.8,20,Yearly,14-01-2024
101611,24,Male,Coimbatore,Clothing,Dress,4883.16,4,Cash,Winter,Yes,Yes,Yes,Express,4.5,30,Yearly,25-10-2025
101612,62,Female,Nagpur,Sports,Football,6931.33,4,UPI,Spring,Yes,Yes,Yes,Standard,4.3,44,Monthly,08-09-2024
101613,61,Female,Hyderabad,Clothing,Hoodie,2238.72,4,Cash,Summer,No,No,Yes,Express,4.2,38,Yearly,06-05-2024
101614,64,Female,Surat,Grocery,Snacks,1045.56,2,Cash,Spring,Yes,Yes,Yes,Standard,4.5,16,Quarterly,04-06-2024
101615,33,Female,Lucknow,Home Decor,Curtains,4705.58,2,Net Banking,Summer,No,No,Yes,Standard,4.1,9,Monthly,22-09-2024
101616,42,Female,Mysuru,Sports,Yoga Mat,3137.35,4,Net Banking,Autumn,No,No,No,Standard,4.0,20,Yearly,05-11-2025
101617,31,Male,Bengaluru,Beauty,Moisturizer,463.89,3,UPI,Winter,Yes,No,No,Express,4.5,18,Quarterly,07-07-2024
101618,41,Male,Delhi,Sports,Dumbbells,6263.94,3,Debit Card,Autumn,No,No,No,Standard,4.7,7,Monthly,15-05-2025
101619,44,Female,Surat,Grocery,Milk,1214.96,3,Net Banking,Winter,No,No,No,Standard,4.7,12,Quarterly,26-12-2025
101620,38,Male,Kochi,Grocery,Rice,1530.77,5,Cash,Autumn,No,No,Yes,Express,5.0,34,Quarterly,22-04-2024
101621,44,Female,Pune,Footwear,Sneakers,4462.85,2,Debit Card,Spring,No,No,No,Same Day,3.4,4,Quarterly,02-12-2025
101622,68,Female,Hyderabad,Home Decor,Curtains,1360.46,2,Debit Card,Winter,Yes,Yes,Yes,Express,4.5,44,Weekly,20-10-2024
101623,26,Female,Mumbai,Grocery,Tea,2187.24,3,UPI,Winter,No,No,No,Standard,4.4,14,Monthly,05-04-2024
101624,30,Female,Delhi,Home Decor,Carpet,4252.47,5,Debit Card,Autumn,No,No,No,Standard,4.9,4,Yearly,14-05-2025
101625,26,Female,Visakhapatnam,Sports,Dumbbells,848.66,1,Credit Card,Summer,Yes,Yes,Yes,Standard,4.6,20,Quarterly,30-05-2025
101626,52,Male,Visakhapatnam,Home Decor,Curtains,5959.25,2,Cash,Winter,No,No,No,Same Day,3.3,8,Yearly,24-01-2024
101627,58,Male,Visakhapatnam,Footwear,Flip Flops,3101.5,3,Debit Card,Autumn,No,No,No,Express,4.7,15,Weekly,29-07-2025
101628,34,Female,Chennai,Grocery,Tea,2288.62,2,Debit Card,Spring,Yes,Yes,Yes,Same Day,3.7,11,Weekly,20-03-2024
101629,68,Male,Patna,Clothing,Jacket,4449.99,2,Net Banking,Spring,No,No,Yes,Express,4.2,15,Quarterly,03-03-2024
101630,22,Male,Lucknow,Home Decor,Curtains,1388.31,1,Debit Card,Summer,Yes,Yes,Yes,Express,4.4,33,Quarterly,14-04-2025
101631,24,Female,Surat,Grocery,Coffee,2342.21,4,Debit Card,Winter,Yes,Yes,No,Standard,3.3,6,Quarterly,06-02-2024
101632,60,Male,Bhopal,Clothing,Dress,4538.56,5,Net Banking,Summer,No,No,Yes,Express,4.3,37,Weekly,22-03-2025
101633,45,Male,Chennai,Clothing,T-Shirt,3059.38,4,Cash,Winter,Yes,No,No,Express,3.5,12,Monthly,10-11-2025
101634,64,Female,Hyderabad,Beauty,Face Wash,1131.95,5,Credit Card,Autumn,No,No,No,Standard,3.8,15,Quarterly,31-12-2024
101635,41,Male,Indore,Clothing,Dress,4783.35,2,Net Banking,Summer,Yes,Yes,Yes,Express,4.5,28,Monthly,06-04-2024
101636,70,Female,Kochi,Books,Programming Book,1212.45,4,Net Banking,Summer,Yes,Yes,Yes,Standard,4.6,10,Monthly,07-01-2024
101637,47,Male,Nagpur,Footwear,Flip Flops,5449.88,4,Net Banking,Summer,No,No,Yes,Express,3.9,18,Weekly,17-06-2024
101638,45,Male,Kolkata,Grocery,Oil,210.16,5,Cash,Summer,No,No,No,Standard,4.9,11,Yearly,08-05-2024
101639,63,Male,Nagpur,Electronics,Camera,20867.16,4,Cash,Spring,No,No,No,Standard,4.6,7,Monthly,22-11-2024
101640,21,Male,Coimbatore,Footwear,Running Shoes,6416.62,2,UPI,Spring,Yes,No,No,Standard,3.8,12,Quarterly,24-05-2024
101641,21,Female,Nagpur,Beauty,Perfume,2576.55,4,Cash,Spring,Yes,Yes,No,Same Day,4.6,15,Yearly,03-05-2024
101642,43,Female,Kochi,Books,Novel,915.99,5,Net Banking,Winter,Yes,No,No,Same Day,3.4,19,Monthly,18-07-2024
101643,27,Male,Jaipur,Home Decor,Wall Art,5686.37,4,Debit Card,Summer,No,No,Yes,Express,3.3,47,Monthly,10-05-2024
101644,18,Female,Hyderabad,Clothing,Dress,2128.31,3,Cash,Summer,Yes,Yes,Yes,Express,3.3,24,Weekly,26-04-2024
101645,39,Male,Mumbai,Grocery,Tea,300.87,4,Credit Card,Winter,Yes,No,No,Standard,4.3,18,Yearly,23-12-2024
101646,53,Male,Kolkata,Beauty,Perfume,1092.2,5,Net Banking,Summer,No,No,No,Express,4.2,10,Yearly,01-04-2024
101647,23,Female,Bhopal,Footwear,Sneakers,2227.54,5,Cash,Winter,No,No,Yes,Express,4.0,33,Monthly,24-01-2024
101648,70,Female,Kochi,Beauty,Lipstick,1221.63,5,Credit Card,Autumn,No,No,No,Express,3.9,15,Quarterly,27-09-2024
101649,62,Male,Hyderabad,Footwear,Running Shoes,4140.46,1,UPI,Autumn,Yes,No,No,Same Day,4.2,9,Quarterly,29-03-2024
101650,25,Female,Visakhapatnam,Electronics,Headphones,19592.66,2,Credit Card,Autumn,Yes,Yes,No,Express,3.3,8,Monthly,25-01-2025
101651,21,Male,Chennai,Beauty,Lipstick,1748.52,5,UPI,Spring,Yes,Yes,Yes,Express,4.6,11,Weekly,26-06-2024
101652,56,Male,Mysuru,Beauty,Perfume,2112.24,5,Credit Card,Spring,Yes,Yes,No,Express,3.7,8,Monthly,10-10-2025
101653,43,Male,Patna,Books,Programming Book,2311.43,1,Net Banking,Spring,No,No,No,Standard,4.9,7,Yearly,16-06-2025
101654,62,Female,Coimbatore,Clothing,Jacket,4310.62,3,Credit Card,Spring,Yes,Yes,No,Standard,4.1,18,Weekly,23-12-2024
101655,56,Female,Mysuru,Beauty,Face Wash,1610.75,2,UPI,Spring,Yes,No,Yes,Same Day,3.9,47,Monthly,30-04-2025
101656,48,Male,Surat,Sports,Yoga Mat,6346.68,4,Credit Card,Summer,Yes,Yes,No,Express,4.9,3,Monthly,18-03-2025
101657,58,Male,Coimbatore,Grocery,Rice,2325.93,2,Net Banking,Summer,Yes,No,Yes,Standard,3.7,49,Weekly,06-08-2025
101658,70,Female,Pune,Beauty,Moisturizer,724.33,5,Net Banking,Spring,No,No,No,Express,4.4,2,Quarterly,17-08-2025
101659,48,Female,Coimbatore,Beauty,Perfume,626.42,3,Net Banking,Winter,Yes,Yes,No,Express,4.0,3,Monthly,24-07-2025
101660,63,Female,Mumbai,Grocery,Milk,1978.38,1,Cash,Autumn,Yes,Yes,No,Express,4.8,10,Monthly,08-08-2025
101661,40,Male,Patna,Clothing,Jeans,2897.95,1,UPI,Autumn,No,No,No,Same Day,4.0,11,Quarterly,14-02-2024
101662,29,Female,Patna,Electronics,Camera,21705.41,4,Debit Card,Winter,Yes,No,No,Standard,4.3,8,Monthly,19-10-2025
101663,27,Female,Hyderabad,Electronics,Smartphone,6276.16,5,Cash,Spring,Yes,No,No,Express,4.1,0,Weekly,15-02-2025
101664,56,Male,Mumbai,Grocery,Oil,1658.17,1,Cash,Summer,Yes,Yes,No,Standard,4.8,5,Weekly,25-05-2025
101665,42,Female,Delhi,Beauty,Lipstick,926.77,5,Cash,Autumn,No,No,No,Standard,3.3,8,Quarterly,26-01-2024
101666,66,Female,Jaipur,Grocery,Tea,1099.37,5,Debit Card,Winter,No,No,No,Same Day,4.4,2,Yearly,18-09-2024
101667,41,Female,Ahmedabad,Electronics,Camera,23794.89,2,Debit Card,Autumn,No,No,No,Same Day,4.6,15,Yearly,16-07-2025
101668,35,Male,Jaipur,Sports,Yoga Mat,7089.52,2,Debit Card,Winter,Yes,No,No,Same Day,4.4,16,Monthly,02-03-2025
101669,51,Female,Kolkata,Books,Biography,597.08,4,Cash,Autumn,No,No,No,Same Day,3.1,12,Quarterly,06-09-2024
101670,60,Female,Jaipur,Footwear,Running Shoes,2236.29,4,Net Banking,Autumn,No,No,No,Same Day,4.4,19,Weekly,30-12-2024
101671,41,Male,Mysuru,Electronics,Camera,8497.37,3,Cash,Winter,No,No,No,Standard,4.2,10,Yearly,20-07-2024
101672,54,Male,Coimbatore,Home Decor,Curtains,2846.97,4,Credit Card,Autumn,No,No,No,Express,4.1,19,Quarterly,13-11-2025
101673,53,Female,Mumbai,Electronics,Smartphone,12086.95,2,UPI,Autumn,Yes,Yes,No,Express,4.5,0,Weekly,15-11-2024
101674,34,Male,Kolkata,Beauty,Perfume,2301.67,5,Debit Card,Summer,Yes,Yes,Yes,Standard,4.2,12,Weekly,24-04-2024
101675,28,Female,Indore,Footwear,Sandals,1863.3,4,Debit Card,Summer,Yes,No,No,Same Day,3.5,18,Monthly,14-11-2025
101676,30,Female,Indore,Grocery,Rice,872.88,1,Debit Card,Winter,Yes,Yes,No,Standard,4.5,16,Weekly,21-08-2025
101677,37,Female,Indore,Beauty,Perfume,1075.46,2,Cash,Spring,No,No,Yes,Express,4.4,38,Weekly,01-03-2025
101678,26,Male,Lucknow,Books,Biography,2118.52,3,Cash,Summer,Yes,No,Yes,Express,4.4,24,Quarterly,13-04-2024
101679,50,Female,Bhopal,Footwear,Running Shoes,1706.64,5,Net Banking,Spring,No,No,Yes,Express,4.0,24,Yearly,03-09-2024
101680,65,Female,Bengaluru,Electronics,Smartphone,11215.29,1,Debit Card,Summer,Yes,Yes,No,Standard,4.1,19,Yearly,27-03-2025
101681,67,Male,Jaipur,Beauty,Lipstick,1605.83,1,Debit Card,Summer,Yes,Yes,No,Standard,4.6,6,Monthly,14-02-2025
101682,68,Male,Mumbai,Home Decor,Wall Art,1704.0,2,Cash,Autumn,No,No,Yes,Express,4.7,17,Yearly,22-01-2025
101683,55,Male,Jaipur,Books,Biography,1664.6,2,UPI,Summer,Yes,Yes,No,Same Day,4.0,2,Quarterly,18-08-2024
101684,55,Female,Nagpur,Clothing,T-Shirt,1034.16,1,Debit Card,Spring,No,No,No,Express,4.7,5,Monthly,30-11-2025
101685,39,Male,Coimbatore,Clothing,Hoodie,1461.33,2,Net Banking,Spring,Yes,No,No,Express,4.6,19,Weekly,30-05-2025
101686,33,Female,Vijayawada,Books,Biography,2274.76,3,Cash,Summer,Yes,Yes,No,Same Day,4.7,4,Yearly,21-03-2025
101687,46,Female,Hyderabad,Books,Novel,1244.66,3,Debit Card,Spring,Yes,Yes,No,Express,4.3,11,Quarterly,21-11-2024
101688,42,Male,Patna,Electronics,Laptop,14887.35,5,UPI,Summer,Yes,No,No,Same Day,4.1,5,Quarterly,15-10-2025
101689,46,Female,Bengaluru,Grocery,Rice,746.8,1,Debit Card,Spring,No,No,Yes,Same Day,4.4,28,Quarterly,21-02-2025
101690,64,Male,Kolkata,Books,Science Book,2024.82,5,Net Banking,Spring,No,No,Yes,Standard,3.3,12,Weekly,06-09-2024
101691,38,Male,Kolkata,Footwear,Running Shoes,2240.77,4,UPI,Spring,No,No,Yes,Same Day,4.1,11,Weekly,28-08-2024
101692,30,Male,Bhopal,Footwear,Boots,3994.72,4,Credit Card,Winter,Yes,Yes,No,Standard,4.5,5,Monthly,04-07-2025
101693,65,Female,Mysuru,Clothing,Hoodie,556.84,5,Net Banking,Autumn,No,No,No,Same Day,3.6,15,Weekly,13-02-2024
101694,24,Male,Nagpur,Electronics,Tablet,23266.49,4,UPI,Winter,No,No,Yes,Standard,4.3,24,Quarterly,28-07-2025
101695,38,Male,Pune,Grocery,Rice,698.39,1,Net Banking,Autumn,No,No,No,Standard,4.3,17,Weekly,29-09-2025
101696,57,Female,Indore,Home Decor,Wall Art,2229.06,1,Net Banking,Summer,Yes,Yes,No,Express,3.2,11,Yearly,25-05-2025
101697,61,Female,Delhi,Clothing,Jeans,4309.06,2,Net Banking,Autumn,No,No,No,Express,4.8,3,Yearly,27-03-2025
101698,52,Female,Jaipur,Beauty,Lipstick,2504.86,1,Credit Card,Summer,Yes,Yes,No,Standard,4.7,15,Quarterly,14-11-2025
101699,29,Female,Kochi,Sports,Football,3093.69,2,UPI,Autumn,No,No,Yes,Same Day,4.9,33,Yearly,09-04-2024
101700,32,Male,Mysuru,Home Decor,Curtains,2561.66,5,Cash,Summer,Yes,Yes,No,Express,4.8,3,Quarterly,05-05-2025
101701,54,Female,Vijayawada,Electronics,Tablet,15210.28,4,UPI,Summer,No,No,No,Express,3.4,12,Monthly,04-01-2024
101702,59,Male,Bhopal,Electronics,Tablet,19578.73,1,Debit Card,Summer,No,No,No,Same Day,3.9,15,Monthly,24-12-2025
101703,42,Female,Mysuru,Clothing,Hoodie,1503.74,1,UPI,Autumn,No,No,No,Standard,3.4,15,Monthly,15-08-2025
101704,48,Male,Surat,Clothing,T-Shirt,1366.61,1,Net Banking,Spring,Yes,Yes,No,Express,5,5,Yearly,29-10-2025
101705,64,Female,Vijayawada,Electronics,Smart Watch,14541.29,3,Net Banking,Winter,No,No,Yes,Same Day,3.8,36,Monthly,19-04-2024
101706,68,Female,Kochi,Books,Novel,1050.88,1,Net Banking,Spring,No,No,Yes,Standard,3.9,42,Yearly,19-03-2024
101707,44,Male,Mumbai,Books,Biography,628.37,4,Debit Card,Autumn,Yes,Yes,No,Express,4.5,10,Yearly,15-04-2024
101708,50,Male,Chennai,Sports,Tennis Racket,7228.34,2,Net Banking,Spring,Yes,No,Yes,Express,3.4,34,Monthly,15-12-2025
101709,49,Male,Kochi,Electronics,Laptop,24822.16,3,Credit Card,Summer,No,No,No,Standard,3.5,20,Monthly,07-03-2025
101710,39,Female,Vijayawada,Clothing,Jeans,664.84,1,Debit Card,Spring,No,No,Yes,Standard,4.8,47,Yearly,19-11-2025
101711,50,Male,Lucknow,Footwear,Flip Flops,5077.52,2,Net Banking,Spring,Yes,No,No,Standard,3.8,9,Monthly,10-09-2025
101712,22,Male,Lucknow,Footwear,Sandals,4213.2,1,Debit Card,Winter,Yes,No,No,Express,4.2,10,Monthly,18-04-2024
101713,32,Female,Indore,Footwear,Sandals,2326.71,2,Net Banking,Autumn,Yes,Yes,No,Express,4.2,1,Monthly,23-02-2024
101714,51,Female,Mysuru,Beauty,Lipstick,329.2,5,Cash,Autumn,No,No,No,Express,4.6,15,Yearly,18-05-2024
101715,29,Male,Coimbatore,Home Decor,Lamp,3055.69,2,Debit Card,Spring,No,No,No,Express,4.1,19,Monthly,08-08-2024
101716,25,Female,Kolkata,Books,Biography,1839.88,1,Credit Card,Autumn,Yes,Yes,No,Standard,4.3,14,Monthly,23-10-2025
101717,68,Male,Bengaluru,Footwear,Boots,3294.31,2,Credit Card,Summer,No,No,Yes,Express,3.8,47,Weekly,11-07-2025
101718,53,Female,Delhi,Clothing,Hoodie,3512.31,1,Credit Card,Autumn,Yes,Yes,No,Standard,5,9,Quarterly,08-01-2024
101719,45,Male,Lucknow,Home Decor,Carpet,2674.21,3,UPI,Autumn,Yes,No,No,Standard,4.0,2,Weekly,16-07-2024
101720,23,Male,Surat,Books,Novel,2295.92,2,Cash,Spring,Yes,No,Yes,Same Day,4.6,48,Weekly,28-01-2024
101721,55,Male,Bengaluru,Beauty,Perfume,1975.69,2,Credit Card,Winter,Yes,No,No,Express,4.1,19,Yearly,06-09-2025
101722,54,Female,Chennai,Footwear,Sandals,5959.02,5,Credit Card,Spring,Yes,Yes,No,Same Day,3.7,7,Monthly,08-11-2024
101723,61,Male,Surat,Footwear,Boots,5391.48,3,Cash,Summer,Yes,Yes,No,Standard,4.5,4,Monthly,31-08-2024
101724,65,Female,Kochi,Home Decor,Curtains,5444.42,3,UPI,Winter,No,No,No,Express,3.5,3,Quarterly,28-06-2024
101725,26,Female,Lucknow,Home Decor,Curtains,418.69,3,Credit Card,Autumn,Yes,Yes,No,Standard,3.8,5,Quarterly,15-09-2025
101726,56,Female,Jaipur,Home Decor,Carpet,2162.53,3,Net Banking,Spring,Yes,Yes,No,Express,4.0,0,Yearly,02-12-2024
101727,18,Male,Vijayawada,Electronics,Tablet,20963.39,3,Debit Card,Summer,No,No,No,Same Day,3.6,17,Quarterly,18-10-2024
101728,57,Female,Coimbatore,Sports,Dumbbells,983.69,1,Cash,Spring,Yes,Yes,No,Express,4.2,13,Weekly,28-03-2024
101729,31,Female,Coimbatore,Home Decor,Vase,884.99,4,Cash,Autumn,Yes,No,No,Express,3.8,2,Quarterly,19-03-2024
101730,36,Female,Vijayawada,Sports,Football,10732.37,2,Credit Card,Autumn,No,No,No,Same Day,4.4,12,Monthly,11-01-2025
101731,35,Female,Hyderabad,Sports,Tennis Racket,8031.99,4,Cash,Summer,No,No,No,Express,4.1,0,Quarterly,01-07-2024
101732,39,Female,Mumbai,Sports,Football,4167.42,1,Credit Card,Autumn,No,No,No,Standard,4.3,17,Monthly,05-07-2025
101733,66,Female,Jaipur,Grocery,Milk,1382.57,1,Cash,Summer,No,No,No,Same Day,3.8,13,Yearly,26-07-2025
101734,32,Male,Chennai,Electronics,Camera,5434.71,1,Credit Card,Winter,No,No,No,Same Day,3.7,10,Yearly,07-09-2025
101735,18,Female,Surat,Grocery,Rice,2177.21,2,Cash,Winter,No,No,No,Express,3.4,19,Weekly,09-08-2024
101736,65,Female,Visakhapatnam,Sports,Yoga Mat,3641.77,3,Credit Card,Autumn,No,No,No,Express,4.1,1,Yearly,07-09-2024
101737,61,Female,Chennai,Beauty,Lipstick,1534.98,1,Cash,Summer,Yes,Yes,No,Standard,4.5,4,Quarterly,17-04-2025
101738,42,Male,Bhopal,Books,Programming Book,1250.12,3,UPI,Winter,No,No,Yes,Express,3.9,34,Quarterly,22-05-2025
101739,36,Female,Delhi,Grocery,Snacks,1551.1,2,Cash,Winter,No,No,Yes,Express,4.9,26,Monthly,02-05-2025
101740,27,Male,Nagpur,Sports,Dumbbells,5518.0,3,UPI,Autumn,Yes,Yes,No,Same Day,3.5,15,Yearly,25-12-2024
101741,67,Male,Visakhapatnam,Beauty,Perfume,366.31,5,UPI,Spring,No,No,Yes,Same Day,4.1,28,Quarterly,04-02-2024
101742,64,Female,Lucknow,Sports,Yoga Mat,3534.66,3,Cash,Autumn,Yes,No,No,Standard,3.6,16,Quarterly,03-07-2024
101743,58,Male,Bengaluru,Beauty,Face Wash,928.64,1,Net Banking,Spring,No,No,No,Standard,4.5,13,Quarterly,21-08-2025
101744,56,Female,Lucknow,Grocery,Tea,2485.32,1,Net Banking,Spring,No,No,Yes,Same Day,4.3,46,Quarterly,29-05-2025
101745,64,Female,Nagpur,Beauty,Moisturizer,1456.3,1,Net Banking,Winter,Yes,Yes,No,Same Day,4.2,8,Yearly,20-08-2025
101746,27,Male,Indore,Sports,Dumbbells,8774.57,3,Cash,Autumn,No,No,No,Same Day,4.2,12,Quarterly,18-01-2024
101747,18,Male,Vijayawada,Clothing,Jacket,3669.67,4,Cash,Autumn,No,No,No,Standard,3.8,7,Monthly,30-09-2025
101748,31,Male,Patna,Sports,Cricket Bat,5151.76,1,Debit Card,Winter,Yes,Yes,No,Express,5,2,Yearly,06-09-2024
101749,50,Female,Pune,Beauty,Shampoo,931.22,3,Debit Card,Summer,Yes,No,No,Standard,4.5,2,Quarterly,15-04-2024
101750,32,Female,Kolkata,Electronics,Camera,21766.05,1,Net Banking,Winter,No,No,No,Express,4.8,5,Quarterly,23-05-2025
101751,41,Male,Surat,Books,Science Book,1767.21,1,Credit Card,Autumn,No,No,Yes,Same Day,3.9,13,Yearly,21-11-2024
101752,67,Female,Pune,Clothing,Jacket,3621.95,4,Net Banking,Autumn,No,No,Yes,Express,4.5,47,Weekly,14-08-2025
101753,39,Female,Surat,Home Decor,Lamp,5085.17,1,Cash,Winter,No,No,No,Express,4.2,17,Monthly,09-04-2024
101754,66,Male,Bengaluru,Beauty,Perfume,2979.71,5,UPI,Autumn,Yes,No,No,Express,3.9,18,Monthly,22-09-2024
101755,62,Female,Vijayawada,Footwear,Flip Flops,3618.85,2,UPI,Spring,Yes,Yes,No,Standard,4.6,5,Yearly,16-07-2024
101756,23,Male,Kolkata,Home Decor,Lamp,777.93,3,Debit Card,Summer,No,No,No,Standard,4.4,9,Weekly,24-11-2024
101757,52,Male,Mumbai,Beauty,Lipstick,2702.37,5,Cash,Autumn,Yes,Yes,Yes,Same Day,3.5,27,Quarterly,23-11-2024
101758,38,Female,Mumbai,Books,Programming Book,2011.94,2,Net Banking,Spring,Yes,No,No,Standard,4.0,13,Yearly,20-09-2025
101759,57,Male,Hyderabad,Home Decor,Wall Art,2690.3,1,Cash,Winter,Yes,Yes,Yes,Same Day,4.1,34,Monthly,12-06-2024
101760,70,Male,Delhi,Home Decor,Curtains,4215.98,4,Debit Card,Winter,Yes,Yes,No,Standard,4.1,3,Yearly,25-09-2025
101761,49,Male,Hyderabad,Sports,Cricket Bat,924.57,5,Credit Card,Summer,No,No,Yes,Same Day,4.4,20,Quarterly,19-05-2025
101762,27,Male,Bengaluru,Footwear,Sandals,6749.03,4,Debit Card,Autumn,Yes,Yes,No,Same Day,3.5,14,Yearly,11-05-2024
101763,36,Female,Pune,Home Decor,Curtains,5435.52,1,Debit Card,Spring,Yes,Yes,No,Same Day,5,3,Yearly,17-01-2024
101764,29,Female,Hyderabad,Sports,Football,5487.3,3,Debit Card,Winter,Yes,No,Yes,Express,3.7,9,Yearly,12-02-2025
101765,50,Female,Kochi,Grocery,Rice,1101.93,3,Credit Card,Spring,Yes,Yes,No,Standard,4.6,0,Quarterly,17-03-2025
101766,50,Female,Bhopal,Footwear,Sandals,2889.85,5,Net Banking,Summer,No,No,No,Standard,3.9,15,Monthly,02-02-2025
101767,19,Male,Mumbai,Electronics,Smart Watch,20987.29,2,Net Banking,Winter,No,No,No,Standard,4.7,4,Quarterly,12-11-2025
101768,31,Female,Mumbai,Books,Novel,1959.84,3,Net Banking,Autumn,Yes,Yes,No,Same Day,3.9,19,Monthly,27-07-2025
101769,66,Male,Ahmedabad,Footwear,Flip Flops,3595.49,5,UPI,Autumn,No,No,Yes,Standard,4.1,12,Monthly,25-08-2025
101770,58,Male,Vijayawada,Grocery,Rice,962.18,2,Credit Card,Winter,No,No,No,Express,4.4,13,Weekly,23-07-2025
101771,51,Female,Lucknow,Home Decor,Vase,2465.99,2,Net Banking,Summer,No,No,No,Express,4.4,12,Monthly,11-06-2024
101772,27,Male,Indore,Footwear,Flip Flops,2020.91,4,Net Banking,Autumn,No,No,No,Express,3.0,3,Quarterly,28-11-2025
101773,19,Female,Ahmedabad,Sports,Dumbbells,4428.22,5,Credit Card,Winter,No,No,No,Express,4.1,20,Yearly,08-12-2024
101774,38,Female,Lucknow,Footwear,Sneakers,4478.11,2,Net Banking,Winter,Yes,No,Yes,Express,3.5,48,Yearly,10-10-2024
101775,61,Male,Kochi,Clothing,Hoodie,2496.93,1,UPI,Winter,Yes,Yes,Yes,Express,4.2,48,Yearly,30-12-2024
101776,57,Female,Coimbatore,Grocery,Rice,1417.59,4,Credit Card,Spring,Yes,No,No,Standard,4.6,20,Monthly,25-12-2024
101777,20,Male,Lucknow,Footwear,Sneakers,4326.33,2,Credit Card,Autumn,No,No,No,Standard,4.5,12,Monthly,08-11-2024
101778,67,Female,Kochi,Footwear,Running Shoes,4825.91,1,UPI,Spring,Yes,Yes,No,Express,4.5,17,Weekly,27-07-2024
101779,39,Male,Coimbatore,Beauty,Perfume,2293.7,3,Net Banking,Winter,No,No,No,Express,4.8,2,Quarterly,30-11-2024
101780,43,Male,Mysuru,Home Decor,Wall Art,5376.03,4,Debit Card,Winter,Yes,Yes,No,Same Day,4.2,0,Monthly,22-05-2025
101781,68,Female,Mysuru,Footwear,Sneakers,4312.33,1,Net Banking,Summer,Yes,Yes,No,Same Day,2.8,6,Yearly,31-03-2025
101782,40,Female,Visakhapatnam,Footwear,Flip Flops,4209.62,1,Cash,Winter,Yes,Yes,No,Express,3.9,1,Quarterly,16-07-2025
101783,56,Female,Bhopal,Footwear,Sneakers,3709.46,5,Debit Card,Autumn,Yes,Yes,No,Same Day,3.8,12,Weekly,07-05-2025
101784,24,Male,Coimbatore,Grocery,Rice,1311.53,3,UPI,Summer,No,No,No,Same Day,4.5,18,Quarterly,02-11-2024
101785,45,Female,Mysuru,Clothing,Jacket,2936.74,5,Credit Card,Autumn,Yes,Yes,No,Same Day,3.8,5,Yearly,20-03-2025
101786,48,Male,Indore,Grocery,Tea,950.13,5,Debit Card,Summer,No,No,No,Same Day,4.0,18,Quarterly,15-08-2024
101787,69,Male,Delhi,Sports,Tennis Racket,8930.35,5,Debit Card,Spring,Yes,No,No,Express,3.2,15,Monthly,01-11-2024
101788,25,Male,Bengaluru,Clothing,Jacket,994.05,3,Debit Card,Winter,No,No,Yes,Express,4.9,45,Monthly,21-10-2024
101789,48,Male,Pune,Home Decor,Curtains,2308.67,3,Cash,Autumn,No,No,No,Express,4.2,8,Quarterly,25-10-2025
101790,47,Male,Mysuru,Books,Science Book,1746.68,2,Credit Card,Summer,Yes,Yes,Yes,Same Day,4.6,42,Quarterly,16-01-2025
101791,40,Female,Mysuru,Grocery,Snacks,893.25,4,Debit Card,Spring,No,No,Yes,Same Day,4.1,45,Quarterly,05-10-2025
101792,68,Female,Coimbatore,Clothing,Jeans,508.46,1,Cash,Spring,Yes,No,No,Express,4.3,7,Yearly,30-08-2025
101793,49,Male,Jaipur,Books,Novel,530.09,3,Debit Card,Autumn,No,No,Yes,Standard,3.9,39,Quarterly,16-01-2025
101794,24,Male,Chennai,Sports,Football,5953.31,5,UPI,Spring,Yes,No,Yes,Standard,4.2,9,Yearly,06-02-2024
101795,52,Female,Mysuru,Sports,Dumbbells,2794.7,5,Debit Card,Autumn,Yes,Yes,No,Same Day,5,20,Monthly,22-04-2024
101796,67,Female,Coimbatore,Grocery,Snacks,1124.15,2,Debit Card,Summer,No,No,No,Express,4.8,7,Yearly,02-09-2024
101797,20,Female,Bengaluru,Grocery,Milk,1245.25,2,Net Banking,Summer,No,No,No,Express,4.4,16,Monthly,19-12-2024
101798,47,Female,Pune,Clothing,Jeans,2716.25,3,Net Banking,Summer,Yes,Yes,No,Express,2.9,2,Yearly,19-11-2025
101799,22,Female,Surat,Beauty,Perfume,2897.14,2,UPI,Spring,Yes,No,No,Express,4.0,18,Quarterly,05-10-2025
101800,29,Female,Pune,Sports,Yoga Mat,11424.14,4,Credit Card,Winter,Yes,Yes,No,Same Day,3.9,4,Quarterly,25-12-2025
101801,24,Male,Delhi,Clothing,Jeans,3524.99,2,Credit Card,Spring,Yes,No,No,Express,4.0,16,Monthly,21-01-2025
101802,69,Male,Lucknow,Clothing,T-Shirt,4145.05,3,Cash,Autumn,No,No,No,Express,4.0,20,Quarterly,06-10-2025
101803,38,Female,Jaipur,Home Decor,Carpet,5569.85,1,Net Banking,Spring,Yes,Yes,No,Same Day,3.2,6,Quarterly,28-03-2024
101804,19,Female,Delhi,Beauty,Moisturizer,362.23,5,Net Banking,Spring,No,No,No,Same Day,4.0,6,Monthly,31-03-2025
101805,35,Female,Chennai,Sports,Tennis Racket,3713.91,2,Credit Card,Spring,No,No,Yes,Standard,4.2,14,Monthly,05-09-2024
101806,52,Male,Bhopal,Grocery,Coffee,226.26,1,Net Banking,Winter,Yes,Yes,No,Express,4.8,3,Quarterly,24-04-2025
101807,60,Female,Kochi,Books,Novel,493.92,5,Credit Card,Winter,No,No,No,Express,4.6,0,Weekly,09-05-2025
101808,29,Male,Nagpur,Sports,Dumbbells,2449.56,3,Net Banking,Winter,No,No,No,Same Day,4.7,2,Weekly,03-11-2025
101809,70,Male,Bhopal,Home Decor,Lamp,5116.22,3,Cash,Autumn,Yes,Yes,No,Same Day,3.8,18,Weekly,14-02-2025
101810,19,Female,Ahmedabad,Electronics,Tablet,20921.69,5,UPI,Winter,No,No,No,Same Day,4.4,7,Weekly,22-08-2024
101811,63,Female,Bengaluru,Home Decor,Curtains,1003.28,1,Debit Card,Spring,No,No,Yes,Standard,3.7,50,Yearly,20-04-2025
101812,33,Male,Mysuru,Electronics,Smart Watch,9979.36,4,Credit Card,Autumn,No,No,Yes,Standard,4.6,15,Yearly,04-01-2024
101813,66,Male,Patna,Footwear,Sandals,5159.39,4,Debit Card,Autumn,No,No,Yes,Same Day,5,44,Monthly,22-07-2024
101814,30,Male,Hyderabad,Grocery,Snacks,1138.98,4,Credit Card,Autumn,No,No,Yes,Standard,4.3,40,Yearly,14-11-2024
101815,63,Female,Mumbai,Grocery,Coffee,259.8,2,UPI,Autumn,No,No,No,Standard,4.9,6,Monthly,10-07-2025
101816,55,Female,Vijayawada,Beauty,Face Wash,1818.93,2,Debit Card,Winter,Yes,No,Yes,Standard,3.7,29,Yearly,19-05-2025
101817,46,Male,Vijayawada,Clothing,Kurta,1865.59,2,Debit Card,Winter,Yes,Yes,No,Standard,3.6,6,Quarterly,07-07-2025
101818,34,Male,Patna,Beauty,Shampoo,1469.93,4,Cash,Winter,Yes,Yes,No,Same Day,5,6,Yearly,03-03-2024
101819,63,Female,Kolkata,Electronics,Smart Watch,21855.17,4,Credit Card,Spring,Yes,No,Yes,Standard,4.3,27,Yearly,07-04-2025
101820,39,Male,Hyderabad,Grocery,Tea,895.05,3,Net Banking,Spring,No,No,No,Same Day,4.6,8,Quarterly,18-12-2025
101821,19,Female,Jaipur,Books,Biography,614.95,1,Cash,Autumn,Yes,Yes,No,Same Day,4.1,17,Yearly,27-02-2025
101822,54,Female,Bhopal,Clothing,T-Shirt,1880.03,4,Debit Card,Autumn,No,No,Yes,Same Day,3.8,38,Quarterly,04-03-2025
101823,27,Male,Bhopal,Grocery,Tea,1771.18,2,Debit Card,Autumn,No,No,Yes,Express,4.9,44,Monthly,16-08-2025
101824,40,Female,Hyderabad,Electronics,Headphones,21857.02,4,Net Banking,Summer,No,No,No,Same Day,3.9,12,Yearly,10-03-2024
101825,48,Male,Mysuru,Beauty,Shampoo,2349.08,4,Cash,Winter,No,No,Yes,Express,3.7,34,Monthly,06-08-2025
101826,29,Female,Chennai,Sports,Cricket Bat,8304.9,1,UPI,Winter,No,No,No,Standard,3.9,15,Quarterly,06-05-2024
101827,44,Male,Jaipur,Footwear,Flip Flops,1970.81,2,Credit Card,Summer,Yes,No,No,Standard,4.3,5,Monthly,15-09-2024
101828,19,Female,Vijayawada,Home Decor,Carpet,5913.99,3,Credit Card,Spring,No,No,Yes,Express,3.9,33,Quarterly,01-11-2025
101829,38,Male,Mysuru,Footwear,Sandals,2624.78,2,Net Banking,Autumn,No,No,Yes,Standard,3.3,42,Weekly,26-01-2025
101830,67,Female,Kolkata,Home Decor,Wall Art,907.81,5,Net Banking,Spring,Yes,Yes,No,Express,4.3,17,Monthly,05-01-2025
101831,38,Male,Coimbatore,Grocery,Coffee,1143.45,3,Credit Card,Autumn,No,No,No,Express,4.4,16,Yearly,17-07-2025
101832,26,Male,Mumbai,Books,Comics,810.49,1,Cash,Spring,Yes,No,No,Standard,3.7,5,Quarterly,27-07-2025
101833,60,Male,Patna,Sports,Dumbbells,9884.43,5,Net Banking,Winter,No,No,No,Standard,4.7,18,Monthly,17-12-2025
101834,69,Female,Pune,Clothing,Jacket,3093.25,1,Cash,Winter,No,No,No,Express,3.9,9,Quarterly,27-04-2024
101835,50,Male,Nagpur,Sports,Football,850.28,3,UPI,Spring,No,No,Yes,Standard,3.8,19,Weekly,02-06-2024
101836,23,Female,Indore,Electronics,Smartphone,10951.15,3,UPI,Winter,No,No,No,Express,4.1,20,Yearly,26-09-2025
101837,47,Female,Hyderabad,Footwear,Sneakers,5613.49,3,Credit Card,Winter,Yes,Yes,Yes,Same Day,4.0,25,Quarterly,23-06-2024
101838,67,Female,Jaipur,Electronics,Smartphone,19698.89,2,Credit Card,Spring,Yes,Yes,No,Same Day,3.7,12,Quarterly,03-06-2025
101839,59,Male,Kochi,Books,Biography,360.19,1,Debit Card,Autumn,Yes,Yes,No,Express,4.5,17,Monthly,14-02-2025
101840,50,Male,Mysuru,Books,Novel,1677.1,1,UPI,Autumn,No,No,Yes,Standard,4.2,50,Weekly,02-08-2025
101841,19,Male,Indore,Sports,Dumbbells,1624.48,2,UPI,Spring,No,No,No,Same Day,4.7,15,Quarterly,09-05-2024
101842,35,Male,Nagpur,Beauty,Face Wash,1839.37,5,Credit Card,Spring,Yes,Yes,No,Express,4.9,18,Quarterly,26-11-2024
101843,59,Female,Chennai,Clothing,T-Shirt,1770.9,2,UPI,Winter,No,No,No,Express,4.5,6,Weekly,13-11-2024
101844,55,Female,Pune,Footwear,Boots,3128.52,3,Net Banking,Spring,No,No,No,Same Day,3.7,14,Monthly,10-12-2025
101845,68,Female,Coimbatore,Clothing,Jeans,1560.35,4,Cash,Winter,No,No,Yes,Standard,4.5,44,Monthly,12-10-2025
101846,57,Female,Surat,Home Decor,Curtains,3123.82,5,Cash,Autumn,No,No,No,Express,3.9,10,Weekly,11-12-2024
101847,59,Male,Pune,Sports,Yoga Mat,7669.89,5,UPI,Summer,No,No,Yes,Express,4.8,41,Quarterly,08-05-2024
101848,58,Male,Bengaluru,Home Decor,Carpet,3535.46,1,Net Banking,Spring,No,No,No,Express,3.9,13,Quarterly,09-05-2025
101849,43,Female,Delhi,Beauty,Moisturizer,552.49,3,Net Banking,Summer,No,No,No,Standard,4.4,9,Monthly,24-02-2024
101850,24,Female,Delhi,Clothing,Hoodie,2600.42,1,UPI,Winter,No,No,No,Standard,5,20,Monthly,09-02-2025
101851,18,Male,Chennai,Home Decor,Lamp,3273.71,2,Net Banking,Summer,Yes,No,Yes,Standard,4.9,29,Quarterly,04-04-2025
101852,68,Female,Mysuru,Home Decor,Curtains,2678.36,4,Cash,Winter,No,No,Yes,Standard,4.1,42,Quarterly,12-09-2024
101853,47,Male,Bhopal,Electronics,Smartphone,11488.94,1,Credit Card,Summer,No,No,Yes,Same Day,3.6,18,Weekly,18-03-2025
101854,50,Female,Kolkata,Home Decor,Carpet,5099.6,3,Debit Card,Autumn,Yes,Yes,No,Same Day,3.9,20,Weekly,17-10-2024
101855,27,Male,Kochi,Footwear,Sandals,3490.11,3,Debit Card,Summer,No,No,Yes,Same Day,4.6,47,Yearly,24-08-2025
101856,60,Male,Indore,Electronics,Tablet,8490.35,4,Net Banking,Summer,No,No,Yes,Express,5,21,Yearly,21-07-2024
101857,32,Female,Lucknow,Beauty,Shampoo,895.95,2,UPI,Summer,Yes,No,Yes,Standard,4.0,22,Monthly,05-06-2024
101858,52,Female,Visakhapatnam,Home Decor,Carpet,4373.1,4,Credit Card,Spring,No,No,No,Standard,4.3,0,Monthly,21-12-2024
101859,26,Female,Mumbai,Electronics,Tablet,21377.07,4,UPI,Autumn,Yes,Yes,No,Express,3.8,12,Weekly,24-08-2025
101860,70,Female,Lucknow,Home Decor,Lamp,2541.64,1,UPI,Summer,No,No,Yes,Express,5,17,Quarterly,30-03-2024
101861,67,Male,Vijayawada,Footwear,Boots,1274.14,2,Debit Card,Spring,No,No,Yes,Express,4.1,10,Quarterly,17-09-2025
101862,66,Female,Indore,Home Decor,Lamp,3128.21,1,Cash,Winter,Yes,Yes,No,Standard,3.9,15,Monthly,11-06-2025
101863,45,Male,Kochi,Footwear,Boots,1545.01,1,Net Banking,Autumn,No,No,No,Same Day,3.8,0,Weekly,01-01-2024
101864,38,Female,Surat,Books,Programming Book,2069.52,4,Net Banking,Winter,Yes,Yes,No,Express,4.4,10,Weekly,09-11-2024
101865,20,Male,Mumbai,Beauty,Face Wash,323.57,3,Cash,Spring,Yes,No,No,Standard,4.1,13,Yearly,09-06-2025
101866,43,Male,Bhopal,Clothing,Dress,4722.22,5,Net Banking,Spring,Yes,No,No,Express,3.5,1,Yearly,25-12-2025
101867,56,Male,Indore,Grocery,Rice,1643.73,5,Cash,Autumn,No,No,No,Express,4.2,11,Monthly,24-01-2025
101868,27,Female,Pune,Books,Biography,2104.27,5,UPI,Autumn,No,No,No,Express,3.6,0,Monthly,09-10-2025
101869,32,Male,Patna,Beauty,Moisturizer,821.45,4,Net Banking,Winter,Yes,Yes,Yes,Same Day,4.2,34,Quarterly,15-04-2024
101870,44,Female,Chennai,Home Decor,Wall Art,1783.21,4,Debit Card,Spring,No,No,No,Express,3.5,19,Yearly,23-06-2025
101871,24,Male,Kochi,Sports,Dumbbells,4208.41,4,UPI,Autumn,Yes,Yes,No,Same Day,3.8,17,Yearly,31-07-2024
101872,58,Female,Visakhapatnam,Home Decor,Curtains,3654.86,2,UPI,Spring,No,No,No,Standard,3.9,2,Quarterly,25-06-2025
101873,48,Female,Kolkata,Grocery,Tea,242.39,2,UPI,Winter,Yes,Yes,Yes,Express,4.0,21,Monthly,01-03-2025
101874,18,Male,Delhi,Clothing,Jacket,1681.8,1,Credit Card,Autumn,No,No,Yes,Express,3.7,38,Quarterly,24-11-2024
101875,50,Male,Vijayawada,Electronics,Camera,16722.98,5,Credit Card,Winter,Yes,No,Yes,Express,4.0,29,Yearly,18-05-2024
101876,67,Female,Kolkata,Home Decor,Carpet,3299.07,1,UPI,Spring,Yes,No,Yes,Same Day,3.9,21,Weekly,25-10-2024
101877,32,Male,Nagpur,Beauty,Perfume,2136.6,3,UPI,Winter,No,No,Yes,Same Day,3.5,27,Quarterly,04-10-2024
101878,30,Female,Mumbai,Sports,Dumbbells,6644.93,4,Credit Card,Summer,No,No,Yes,Express,3.9,47,Monthly,08-04-2025
101879,26,Male,Jaipur,Grocery,Milk,289.59,4,Cash,Winter,Yes,Yes,No,Standard,4.3,0,Quarterly,15-06-2025
101880,28,Male,Lucknow,Electronics,Tablet,6388.99,4,Cash,Spring,No,No,Yes,Same Day,4.4,41,Weekly,03-07-2024
101881,67,Female,Nagpur,Beauty,Shampoo,1977.68,1,Net Banking,Winter,No,No,Yes,Standard,3.8,41,Yearly,04-02-2025
101882,27,Male,Ahmedabad,Grocery,Snacks,1796.38,2,Debit Card,Winter,Yes,Yes,No,Standard,4.4,9,Weekly,07-09-2024
101883,22,Male,Patna,Books,Biography,321.02,2,Cash,Winter,Yes,Yes,No,Same Day,4.0,9,Quarterly,04-05-2024
101884,68,Male,Surat,Beauty,Shampoo,1790.01,1,UPI,Summer,Yes,Yes,No,Same Day,4.1,12,Quarterly,22-01-2025
101885,60,Male,Jaipur,Footwear,Boots,1099.36,1,Credit Card,Autumn,No,No,No,Standard,4.1,13,Weekly,12-06-2025
101886,37,Male,Lucknow,Clothing,T-Shirt,4647.33,2,Credit Card,Autumn,No,No,No,Same Day,4.5,17,Weekly,31-03-2025
101887,44,Male,Vijayawada,Electronics,Tablet,19896.8,1,Cash,Winter,No,No,Yes,Standard,3.9,10,Yearly,23-06-2025
101888,66,Female,Ahmedabad,Beauty,Lipstick,1081.17,2,Credit Card,Winter,Yes,No,Yes,Express,5,14,Yearly,06-09-2025
101889,46,Female,Ahmedabad,Home Decor,Lamp,3823.95,5,Net Banking,Winter,Yes,Yes,No,Standard,3.9,8,Weekly,26-12-2025
101890,58,Female,Jaipur,Beauty,Moisturizer,398.26,4,UPI,Summer,Yes,Yes,No,Standard,4.0,19,Yearly,06-04-2025
101891,40,Female,Bhopal,Grocery,Oil,755.3,1,UPI,Spring,No,No,No,Same Day,3.6,20,Quarterly,20-02-2025
101892,19,Male,Ahmedabad,Clothing,Jeans,2483.66,5,Cash,Winter,Yes,No,Yes,Same Day,3.8,33,Quarterly,28-07-2025
101893,22,Female,Hyderabad,Sports,Tennis Racket,10859.65,2,Cash,Spring,Yes,Yes,No,Standard,5,18,Yearly,24-04-2025
101894,38,Female,Mysuru,Electronics,Laptop,8945.41,2,UPI,Winter,No,No,No,Same Day,4.1,7,Weekly,23-04-2024
101895,20,Female,Mysuru,Clothing,Kurta,606.32,1,Debit Card,Autumn,No,No,Yes,Express,5,35,Quarterly,08-12-2024
101896,37,Female,Lucknow,Sports,Dumbbells,4989.09,2,Credit Card,Spring,Yes,Yes,Yes,Express,4.9,22,Weekly,04-08-2024
101897,66,Male,Jaipur,Beauty,Perfume,1928.13,5,Net Banking,Summer,No,No,Yes,Express,3.2,8,Monthly,30-01-2025
101898,33,Male,Coimbatore,Clothing,Hoodie,1474.05,5,Debit Card,Winter,No,No,No,Same Day,3.2,20,Monthly,06-10-2024
101899,69,Female,Surat,Books,Biography,1096.26,3,Credit Card,Summer,No,No,No,Express,3.9,6,Yearly,10-11-2025
101900,25,Female,Mysuru,Clothing,Jacket,2257.33,1,Cash,Spring,Yes,Yes,No,Express,3.8,7,Quarterly,26-07-2025
101901,26,Male,Mumbai,Clothing,Kurta,2248.62,3,UPI,Winter,No,No,No,Same Day,4.4,10,Monthly,14-01-2025
101902,52,Female,Hyderabad,Home Decor,Carpet,879.26,3,Debit Card,Autumn,No,No,Yes,Express,3.6,21,Weekly,24-08-2024
101903,24,Female,Bhopal,Beauty,Perfume,2870.54,5,Credit Card,Autumn,No,No,No,Express,4.9,15,Weekly,03-12-2024
101904,18,Male,Chennai,Electronics,Headphones,20675.43,1,UPI,Spring,No,No,No,Express,4.9,12,Yearly,16-03-2024
101905,34,Male,Delhi,Sports,Football,11412.66,2,UPI,Spring,Yes,Yes,No,Same Day,4.2,14,Monthly,27-06-2025
101906,63,Female,Nagpur,Home Decor,Carpet,1028.78,2,UPI,Spring,Yes,Yes,No,Express,3.6,19,Quarterly,25-06-2025
101907,33,Female,Indore,Clothing,Kurta,4862.42,4,UPI,Summer,No,No,No,Standard,5,14,Monthly,23-05-2024
101908,43,Female,Mumbai,Electronics,Smart Watch,14613.85,1,Credit Card,Spring,No,No,Yes,Standard,4.1,13,Monthly,27-02-2025
101909,45,Male,Lucknow,Home Decor,Lamp,5504.45,5,Net Banking,Spring,No,No,No,Express,4.5,13,Weekly,06-09-2024
101910,64,Male,Pune,Footwear,Sandals,6858.32,2,Net Banking,Summer,No,No,No,Same Day,3.8,2,Yearly,10-04-2025
101911,56,Female,Pune,Clothing,Jeans,4713.27,3,Credit Card,Winter,Yes,Yes,No,Express,4.2,19,Quarterly,11-09-2024
101912,25,Male,Jaipur,Sports,Tennis Racket,9571.32,2,Credit Card,Spring,No,No,No,Express,5.0,3,Quarterly,25-01-2024
101913,62,Female,Mysuru,Electronics,Tablet,18496.28,1,Cash,Summer,Yes,Yes,No,Express,3.1,15,Weekly,24-06-2024
101914,42,Male,Coimbatore,Grocery,Snacks,587.09,4,Credit Card,Winter,Yes,No,Yes,Express,4.0,17,Weekly,09-08-2024
101915,29,Female,Indore,Footwear,Sandals,4844.73,5,Net Banking,Winter,Yes,No,Yes,Express,4.3,27,Monthly,08-09-2025
101916,22,Male,Ahmedabad,Grocery,Tea,1855.57,3,UPI,Spring,No,No,No,Standard,3.4,10,Yearly,22-11-2025
101917,45,Male,Indore,Beauty,Moisturizer,1300.25,4,Cash,Spring,Yes,No,No,Standard,4.8,14,Quarterly,13-06-2024
101918,41,Female,Kolkata,Beauty,Face Wash,289.81,5,Credit Card,Summer,No,No,Yes,Same Day,5,8,Quarterly,14-10-2025
101919,20,Female,Surat,Footwear,Flip Flops,4006.01,1,Credit Card,Winter,No,No,No,Standard,3.9,5,Quarterly,11-07-2025
101920,46,Male,Patna,Grocery,Oil,878.33,5,Cash,Autumn,Yes,Yes,Yes,Same Day,2.8,38,Weekly,23-03-2025
101921,31,Female,Lucknow,Footwear,Running Shoes,1117.2,5,Debit Card,Autumn,No,No,No,Express,4.9,13,Weekly,07-01-2025
101922,34,Male,Delhi,Clothing,T-Shirt,2431.73,2,Credit Card,Spring,Yes,Yes,No,Standard,4.6,19,Monthly,04-03-2025
101923,59,Male,Hyderabad,Electronics,Smart Watch,19107.79,2,Debit Card,Summer,Yes,Yes,Yes,Same Day,3.9,23,Quarterly,28-07-2024
101924,53,Male,Mysuru,Clothing,Kurta,1003.36,4,Cash,Summer,No,No,No,Standard,5,4,Yearly,12-03-2025
101925,18,Female,Indore,Sports,Tennis Racket,3918.62,3,UPI,Spring,Yes,Yes,No,Express,4.6,9,Yearly,05-01-2024
101926,39,Male,Mumbai,Electronics,Camera,11583.96,1,Cash,Winter,No,No,No,Express,4.5,9,Monthly,17-08-2025
101927,40,Male,Lucknow,Sports,Cricket Bat,9962.9,5,Cash,Winter,Yes,Yes,No,Standard,4.1,18,Weekly,03-12-2024
101928,26,Male,Lucknow,Footwear,Boots,3870.25,5,Credit Card,Winter,No,No,No,Same Day,3.3,7,Yearly,13-10-2025
101929,62,Female,Nagpur,Home Decor,Curtains,5971.83,2,Debit Card,Summer,No,No,Yes,Same Day,3.6,25,Weekly,28-04-2024
101930,45,Male,Coimbatore,Grocery,Oil,1224.24,5,Net Banking,Summer,No,No,No,Express,4.8,10,Weekly,14-08-2024
101931,34,Female,Patna,Clothing,Kurta,4509.02,5,UPI,Winter,Yes,Yes,Yes,Standard,4.5,45,Quarterly,14-05-2024
101932,62,Female,Indore,Footwear,Flip Flops,4456.42,2,UPI,Autumn,Yes,No,No,Same Day,3.7,7,Quarterly,31-07-2025
101933,23,Male,Visakhapatnam,Sports,Dumbbells,9594.85,5,Net Banking,Summer,No,No,Yes,Standard,4.0,39,Yearly,25-02-2025
101934,61,Male,Chennai,Footwear,Running Shoes,6983.12,1,Net Banking,Autumn,No,No,No,Same Day,3.4,10,Yearly,09-02-2024
101935,30,Female,Surat,Clothing,Jacket,3178.01,4,UPI,Spring,Yes,No,No,Same Day,4.4,5,Weekly,13-05-2024
101936,65,Male,Kolkata,Beauty,Lipstick,2245.46,5,Net Banking,Winter,Yes,No,No,Same Day,4.7,15,Monthly,22-04-2025
101937,21,Male,Visakhapatnam,Clothing,Hoodie,2843.92,4,Net Banking,Autumn,No,No,No,Standard,3.4,10,Yearly,08-06-2025
101938,54,Female,Bhopal,Clothing,Dress,3635.04,1,Net Banking,Spring,No,No,No,Same Day,4.1,8,Weekly,26-04-2025
101939,57,Female,Ahmedabad,Beauty,Moisturizer,1075.37,3,Debit Card,Autumn,No,No,No,Standard,4.3,19,Yearly,18-08-2025
101940,39,Female,Kolkata,Footwear,Running Shoes,2575.62,4,Debit Card,Spring,No,No,Yes,Same Day,4.1,48,Yearly,01-02-2024
101941,31,Female,Vijayawada,Home Decor,Curtains,4522.4,4,Net Banking,Winter,No,No,Yes,Express,3.8,49,Monthly,19-11-2025
101942,37,Male,Jaipur,Books,Science Book,1773.68,4,Credit Card,Spring,Yes,Yes,No,Express,4.2,17,Weekly,04-12-2025
101943,61,Male,Lucknow,Books,Programming Book,1729.58,1,Cash,Summer,No,No,No,Express,4.0,3,Monthly,29-12-2025
101944,39,Male,Patna,Grocery,Coffee,965.97,1,Credit Card,Summer,Yes,Yes,Yes,Standard,4.1,20,Monthly,30-11-2025
101945,63,Female,Mumbai,Sports,Yoga Mat,3989.13,4,Credit Card,Autumn,Yes,Yes,Yes,Same Day,4.1,37,Monthly,08-09-2024
101946,20,Male,Indore,Home Decor,Carpet,2089.59,3,Cash,Spring,Yes,Yes,No,Standard,3.9,9,Weekly,11-02-2024
101947,34,Female,Vijayawada,Sports,Football,3869.86,4,Cash,Spring,Yes,No,No,Standard,4.7,2,Weekly,12-10-2025
101948,38,Male,Coimbatore,Footwear,Running Shoes,5330.14,1,Credit Card,Summer,No,No,No,Standard,4.6,0,Monthly,02-11-2025
101949,33,Male,Ahmedabad,Electronics,Tablet,12419.57,3,Debit Card,Autumn,Yes,Yes,No,Standard,4.6,9,Quarterly,14-03-2025
101950,61,Female,Visakhapatnam,Electronics,Smart Watch,9641.74,2,Cash,Winter,No,No,No,Standard,4.6,17,Weekly,26-09-2024
101951,70,Male,Bhopal,Sports,Football,7134.33,2,Cash,Spring,No,No,Yes,Standard,4.5,19,Weekly,31-07-2025
101952,56,Male,Kochi,Books,Science Book,1697.46,4,UPI,Spring,Yes,Yes,No,Express,4.1,0,Weekly,25-06-2024
101953,47,Female,Mysuru,Electronics,Laptop,14512.47,2,UPI,Winter,Yes,Yes,Yes,Standard,4.1,21,Monthly,03-12-2025
101954,22,Male,Vijayawada,Beauty,Face Wash,2775.62,5,Credit Card,Spring,No,No,No,Standard,3.6,20,Quarterly,17-08-2024
101955,20,Male,Patna,Electronics,Smart Watch,7518.47,2,Net Banking,Summer,No,No,Yes,Same Day,3.4,19,Monthly,09-04-2025
101956,52,Female,Pune,Electronics,Tablet,22813.28,2,UPI,Winter,Yes,No,Yes,Standard,4.4,43,Monthly,11-06-2024
101957,21,Female,Ahmedabad,Electronics,Laptop,13319.15,4,Debit Card,Autumn,Yes,Yes,No,Standard,4.2,5,Yearly,14-01-2024
101958,34,Female,Pune,Sports,Football,4852.02,2,Cash,Winter,Yes,Yes,No,Same Day,3.8,8,Quarterly,25-04-2025
101959,62,Female,Kochi,Books,Comics,965.68,4,Cash,Spring,Yes,Yes,No,Express,5,8,Yearly,05-06-2024
101960,26,Male,Bhopal,Home Decor,Curtains,4216.0,1,Cash,Autumn,No,No,No,Standard,4.8,1,Yearly,28-01-2024
101961,45,Male,Lucknow,Electronics,Tablet,12743.85,4,Net Banking,Spring,Yes,Yes,Yes,Standard,5,39,Yearly,22-01-2025
101962,58,Male,Delhi,Home Decor,Carpet,2957.41,5,Credit Card,Spring,No,No,No,Standard,4.6,18,Quarterly,16-05-2024
101963,19,Male,Vijayawada,Grocery,Oil,1589.04,5,Net Banking,Autumn,Yes,Yes,No,Same Day,4.7,8,Weekly,27-04-2025
101964,24,Female,Pune,Electronics,Camera,5788.19,4,UPI,Spring,No,No,No,Express,4.3,12,Quarterly,29-02-2024
101965,64,Female,Mysuru,Home Decor,Curtains,2462.05,2,Debit Card,Winter,No,No,Yes,Standard,4.0,43,Weekly,03-04-2024
101966,21,Male,Nagpur,Electronics,Headphones,16105.35,3,UPI,Summer,No,No,No,Standard,3.8,1,Quarterly,19-02-2024
101967,61,Male,Mysuru,Footwear,Boots,1806.44,1,UPI,Summer,No,No,No,Same Day,4.7,18,Yearly,02-10-2024
101968,65,Female,Jaipur,Books,Science Book,822.41,2,Debit Card,Summer,Yes,Yes,No,Express,3.9,19,Quarterly,16-11-2025
101969,64,Male,Coimbatore,Footwear,Sneakers,2537.84,3,UPI,Summer,Yes,Yes,Yes,Standard,3.4,33,Monthly,30-03-2025
101970,65,Female,Hyderabad,Sports,Dumbbells,10179.81,3,Debit Card,Winter,Yes,Yes,No,Standard,4.4,19,Yearly,04-11-2024
101971,51,Male,Ahmedabad,Electronics,Tablet,10457.4,5,UPI,Spring,No,No,No,Standard,5,19,Yearly,24-06-2024
101972,54,Female,Visakhapatnam,Home Decor,Lamp,1341.15,3,Credit Card,Autumn,Yes,Yes,No,Standard,4.0,14,Yearly,28-08-2025
101973,21,Female,Chennai,Clothing,T-Shirt,4829.72,3,Cash,Winter,No,No,No,Same Day,3.6,2,Quarterly,02-09-2025
101974,44,Male,Surat,Beauty,Face Wash,2064.82,1,Cash,Summer,No,No,Yes,Same Day,3.7,30,Quarterly,10-12-2025
101975,44,Female,Delhi,Electronics,Laptop,11923.31,4,Credit Card,Spring,No,No,No,Express,4.4,4,Monthly,11-08-2025
101976,66,Female,Nagpur,Books,Comics,2436.42,3,Net Banking,Autumn,Yes,Yes,No,Express,3.9,19,Quarterly,30-01-2025
101977,24,Female,Patna,Electronics,Tablet,23377.02,4,Credit Card,Spring,No,No,Yes,Express,3.7,23,Yearly,10-12-2024
101978,29,Female,Coimbatore,Electronics,Tablet,22285.45,4,Net Banking,Winter,No,No,Yes,Same Day,4.4,17,Yearly,26-04-2025
101979,36,Male,Kolkata,Grocery,Coffee,838.56,1,Net Banking,Summer,Yes,Yes,Yes,Same Day,5,40,Monthly,01-03-2025
101980,39,Male,Vijayawada,Electronics,Camera,9175.9,4,Credit Card,Spring,Yes,Yes,Yes,Standard,3.6,46,Monthly,12-10-2024
101981,40,Female,Mumbai,Home Decor,Wall Art,5550.39,1,Debit Card,Winter,Yes,No,No,Same Day,4.3,7,Monthly,19-12-2025
101982,57,Female,Surat,Beauty,Lipstick,284.72,3,Credit Card,Spring,Yes,Yes,No,Express,3.9,14,Weekly,14-05-2024
101983,46,Male,Nagpur,Footwear,Running Shoes,1124.66,4,Credit Card,Autumn,Yes,Yes,No,Express,3.2,9,Yearly,11-07-2024
101984,49,Male,Patna,Clothing,T-Shirt,4568.35,5,UPI,Winter,Yes,Yes,Yes,Express,4.5,12,Weekly,22-11-2024
101985,32,Female,Kochi,Home Decor,Wall Art,2158.79,3,UPI,Spring,Yes,Yes,No,Standard,3.8,16,Monthly,12-12-2024
101986,42,Female,Vijayawada,Footwear,Sneakers,961.47,3,Net Banking,Autumn,No,No,No,Express,3.7,16,Quarterly,28-06-2024
101987,39,Male,Bengaluru,Footwear,Flip Flops,2228.0,2,Credit Card,Winter,No,No,No,Standard,4.4,14,Monthly,02-08-2024
101988,51,Female,Jaipur,Footwear,Sneakers,1498.69,4,Cash,Winter,No,No,Yes,Standard,3.4,35,Yearly,08-07-2025
101989,42,Male,Kolkata,Grocery,Oil,543.95,5,Cash,Winter,No,No,No,Same Day,4.3,16,Weekly,08-01-2024
101990,35,Female,Indore,Sports,Cricket Bat,6179.79,3,Cash,Summer,No,No,No,Standard,4.6,7,Monthly,08-04-2025
101991,63,Female,Visakhapatnam,Books,Novel,387.02,2,Cash,Summer,Yes,Yes,Yes,Same Day,3.6,29,Monthly,17-07-2025
101992,34,Male,Delhi,Grocery,Tea,961.45,3,Debit Card,Winter,Yes,Yes,No,Same Day,3.5,0,Monthly,15-08-2025
101993,53,Male,Indore,Books,Programming Book,2024.61,4,Debit Card,Winter,Yes,Yes,No,Same Day,3.6,9,Quarterly,24-01-2025
101994,34,Female,Nagpur,Electronics,Tablet,19922.22,2,Credit Card,Summer,No,No,No,Same Day,4.4,8,Weekly,07-12-2025
101995,62,Female,Hyderabad,Footwear,Boots,766.57,4,Credit Card,Summer,Yes,Yes,No,Same Day,3.3,10,Quarterly,12-06-2024
101996,38,Male,Bengaluru,Sports,Yoga Mat,1753.6,1,Credit Card,Summer,Yes,Yes,Yes,Same Day,3.4,34,Weekly,11-12-2025
101997,66,Female,Delhi,Clothing,Jeans,2949.36,2,Debit Card,Winter,No,No,No,Same Day,3.9,16,Weekly,09-02-2024
101998,69,Male,Lucknow,Electronics,Laptop,13074.0,1,Credit Card,Winter,Yes,Yes,No,Express,3.9,6,Monthly,07-06-2025
101999,57,Female,Coimbatore,Books,Novel,1817.88,5,Debit Card,Autumn,Yes,Yes,No,Express,4.0,12,Quarterly,11-01-2025
102000,26,Male,Coimbatore,Electronics,Tablet,7294.66,5,Debit Card,Autumn,Yes,Yes,Yes,Standard,4.6,49,Monthly,01-10-2025
102001,60,Female,Delhi,Grocery,Oil,2060.71,1,Cash,Summer,No,No,No,Standard,3.9,4,Weekly,16-09-2025
102002,63,Female,Lucknow,Footwear,Sneakers,1638.31,2,UPI,Summer,No,No,Yes,Express,4.5,31,Yearly,29-09-2025
102003,53,Male,Jaipur,Home Decor,Carpet,5721.11,2,Debit Card,Summer,No,No,Yes,Standard,4.2,40,Monthly,18-10-2024
102004,67,Female,Kolkata,Home Decor,Lamp,1950.5,1,Net Banking,Autumn,No,No,No,Standard,4.0,5,Monthly,31-03-2024
102005,55,Male,Hyderabad,Electronics,Tablet,10646.26,4,Net Banking,Autumn,Yes,Yes,No,Standard,4.9,5,Monthly,06-06-2024
102006,56,Male,Mumbai,Grocery,Coffee,669.08,3,Credit Card,Autumn,No,No,No,Same Day,5,2,Quarterly,29-04-2025
102007,47,Female,Patna,Clothing,Jeans,2372.05,2,Cash,Summer,Yes,Yes,Yes,Express,4.3,47,Weekly,03-06-2024
102008,32,Male,Chennai,Electronics,Smartphone,10799.98,3,Net Banking,Spring,No,No,No,Standard,4.0,6,Weekly,23-07-2025
102009,30,Male,Vijayawada,Clothing,Dress,984.62,5,Net Banking,Spring,Yes,Yes,No,Same Day,4.6,13,Monthly,24-11-2024
102010,32,Female,Bhopal,Sports,Tennis Racket,6277.43,3,UPI,Winter,Yes,No,No,Standard,4.8,6,Weekly,01-11-2025
102011,50,Female,Jaipur,Beauty,Shampoo,300.14,1,UPI,Summer,No,No,No,Same Day,4.3,2,Monthly,05-10-2024
102012,22,Female,Surat,Home Decor,Vase,3006.07,4,Debit Card,Spring,No,No,No,Same Day,4.5,0,Yearly,09-04-2025
102013,32,Male,Bhopal,Grocery,Milk,1938.58,2,UPI,Winter,No,No,Yes,Standard,4.6,49,Weekly,05-04-2024
102014,19,Male,Vijayawada,Electronics,Tablet,17241.03,2,UPI,Winter,No,No,No,Express,3.6,14,Yearly,24-01-2024
102015,43,Female,Mysuru,Electronics,Tablet,9911.29,2,Credit Card,Summer,Yes,Yes,No,Same Day,4.1,8,Weekly,28-11-2025
102016,22,Female,Bengaluru,Grocery,Snacks,1486.7,2,Credit Card,Summer,No,No,No,Standard,4.2,0,Quarterly,08-08-2024
102017,36,Female,Patna,Electronics,Smart Watch,18869.79,5,Credit Card,Summer,No,No,Yes,Standard,3.5,42,Weekly,14-08-2025
102018,62,Male,Indore,Books,Biography,1488.42,3,Debit Card,Autumn,No,No,Yes,Express,4.3,28,Weekly,04-08-2024
102019,37,Male,Kolkata,Clothing,Dress,2427.64,5,Net Banking,Summer,No,No,No,Same Day,4.1,0,Monthly,28-05-2024
102020,44,Female,Coimbatore,Beauty,Shampoo,1219.46,3,Cash,Winter,No,No,Yes,Express,3.9,24,Yearly,06-05-2025
102021,26,Male,Bhopal,Home Decor,Lamp,1599.51,4,Debit Card,Autumn,No,No,No,Standard,3.7,15,Weekly,04-05-2024
102022,25,Female,Ahmedabad,Home Decor,Wall Art,4855.74,3,Cash,Summer,No,No,No,Same Day,3.9,0,Weekly,24-12-2025
102023,25,Male,Jaipur,Home Decor,Curtains,2504.25,1,Credit Card,Winter,Yes,Yes,No,Standard,4.8,2,Yearly,23-01-2024
102024,34,Male,Bhopal,Grocery,Coffee,1351.79,2,Cash,Autumn,Yes,No,Yes,Standard,4.6,48,Yearly,07-04-2025
102025,35,Female,Ahmedabad,Clothing,Jacket,4963.46,5,Debit Card,Winter,Yes,No,No,Express,4.6,6,Weekly,29-03-2024
102026,27,Female,Delhi,Clothing,Dress,4804.08,5,Cash,Winter,No,No,No,Express,4.3,20,Monthly,08-12-2025
102027,69,Male,Bhopal,Clothing,Hoodie,4090.29,2,Net Banking,Autumn,No,No,No,Same Day,4.2,14,Quarterly,26-11-2025
102028,63,Male,Kochi,Books,Novel,1786.68,3,UPI,Spring,Yes,Yes,No,Standard,4.0,18,Monthly,25-02-2025
102029,53,Female,Visakhapatnam,Home Decor,Lamp,5268.15,4,Cash,Spring,No,No,Yes,Standard,4.1,41,Yearly,07-08-2025
102030,25,Female,Pune,Grocery,Milk,1566.01,3,Debit Card,Autumn,No,No,No,Same Day,3.9,10,Yearly,14-03-2025
102031,66,Female,Indore,Grocery,Coffee,2142.9,2,Cash,Autumn,No,No,Yes,Standard,2.9,13,Weekly,28-02-2025
102032,60,Female,Lucknow,Clothing,Hoodie,3132.84,2,Debit Card,Spring,Yes,Yes,No,Express,4.2,6,Monthly,18-07-2025
102033,63,Male,Bengaluru,Beauty,Face Wash,348.46,4,UPI,Winter,No,No,No,Same Day,4.4,16,Quarterly,13-10-2025
102034,33,Male,Ahmedabad,Grocery,Tea,2210.1,5,Debit Card,Autumn,No,No,No,Standard,4.2,2,Quarterly,26-06-2024
102035,70,Male,Visakhapatnam,Beauty,Perfume,1553.5,5,Cash,Autumn,No,No,No,Express,3.8,4,Weekly,06-11-2025
102036,42,Female,Coimbatore,Beauty,Lipstick,2861.64,4,UPI,Spring,No,No,No,Express,3.7,13,Monthly,07-03-2024
102037,35,Male,Hyderabad,Books,Novel,1347.19,5,UPI,Spring,No,No,No,Express,4.5,16,Yearly,20-09-2024
102038,55,Male,Bengaluru,Home Decor,Carpet,4622.02,4,Debit Card,Autumn,No,No,No,Standard,4.5,2,Quarterly,16-05-2025
102039,63,Male,Kolkata,Beauty,Shampoo,1591.72,4,Debit Card,Winter,No,No,No,Express,4.8,20,Weekly,09-10-2025
102040,28,Male,Patna,Footwear,Boots,5918.37,5,Credit Card,Summer,No,No,Yes,Express,4.2,29,Yearly,08-08-2025
102041,52,Female,Indore,Electronics,Headphones,23211.29,2,Net Banking,Summer,Yes,Yes,No,Same Day,3.9,12,Weekly,23-02-2025
102042,63,Male,Hyderabad,Home Decor,Carpet,1376.8,4,UPI,Spring,Yes,Yes,No,Express,3.8,16,Weekly,08-09-2024
102043,66,Female,Kochi,Books,Comics,1940.79,5,Credit Card,Summer,No,No,No,Standard,3.2,16,Weekly,07-08-2025
102044,45,Female,Jaipur,Beauty,Perfume,1714.31,4,Credit Card,Winter,Yes,Yes,No,Express,4.2,19,Weekly,01-05-2025
102045,48,Female,Indore,Home Decor,Wall Art,4158.8,1,Net Banking,Summer,Yes,Yes,No,Same Day,5,12,Quarterly,25-05-2025
102046,26,Male,Bengaluru,Books,Comics,668.28,2,Cash,Summer,Yes,Yes,No,Standard,5,1,Monthly,08-05-2024
102047,32,Male,Hyderabad,Sports,Yoga Mat,7652.02,1,Cash,Autumn,No,No,Yes,Standard,4.2,31,Weekly,19-03-2025
102048,65,Female,Indore,Grocery,Oil,480.99,3,Net Banking,Summer,No,No,No,Express,3.8,8,Weekly,04-03-2024
102049,31,Male,Delhi,Grocery,Oil,1332.9,2,Credit Card,Autumn,No,No,No,Standard,4.9,13,Yearly,12-06-2024
102050,29,Male,Lucknow,Beauty,Moisturizer,2302.56,2,UPI,Spring,No,No,Yes,Standard,5,22,Monthly,27-04-2025
102051,34,Male,Visakhapatnam,Electronics,Laptop,19861.27,1,Debit Card,Summer,Yes,Yes,No,Standard,4.3,18,Weekly,09-10-2025
102052,23,Male,Indore,Beauty,Shampoo,2007.88,5,UPI,Autumn,No,No,Yes,Express,5,33,Monthly,26-03-2025
102053,66,Male,Nagpur,Clothing,Dress,4772.65,5,Cash,Spring,No,No,No,Same Day,3.9,20,Quarterly,10-11-2024
102054,52,Male,Coimbatore,Home Decor,Curtains,3838.13,2,Cash,Autumn,No,No,Yes,Standard,3.9,39,Quarterly,30-07-2024
102055,57,Male,Ahmedabad,Footwear,Running Shoes,5272.71,2,Net Banking,Summer,Yes,Yes,Yes,Same Day,4.2,46,Yearly,20-09-2025
102056,33,Male,Mumbai,Books,Comics,1586.19,3,Net Banking,Winter,Yes,Yes,No,Express,4.1,6,Quarterly,23-03-2024
102057,65,Female,Bengaluru,Electronics,Smartphone,13065.45,4,Credit Card,Autumn,Yes,No,Yes,Express,4.0,33,Quarterly,04-08-2025
102058,64,Male,Kolkata,Sports,Cricket Bat,6710.66,2,Debit Card,Summer,Yes,Yes,Yes,Express,4.3,45,Yearly,21-06-2024
102059,33,Female,Jaipur,Footwear,Sneakers,1997.16,4,Credit Card,Autumn,No,No,Yes,Same Day,3.9,44,Weekly,24-07-2024
102060,60,Female,Visakhapatnam,Grocery,Coffee,371.32,1,Net Banking,Winter,Yes,Yes,No,Standard,4.8,9,Weekly,24-02-2024
102061,47,Male,Bhopal,Footwear,Sneakers,4930.33,2,Credit Card,Autumn,No,No,Yes,Same Day,3.5,17,Monthly,22-12-2025
102062,35,Male,Mysuru,Footwear,Sandals,6872.04,4,Cash,Spring,Yes,Yes,No,Standard,4.8,6,Weekly,04-02-2024
102063,19,Female,Visakhapatnam,Electronics,Tablet,24523.25,2,Cash,Autumn,Yes,No,No,Express,4.7,13,Monthly,11-11-2025
102064,35,Male,Nagpur,Books,Comics,2481.37,1,Net Banking,Spring,No,No,No,Same Day,3.9,11,Monthly,22-05-2025
102065,58,Male,Hyderabad,Clothing,Kurta,1785.04,4,Credit Card,Autumn,No,No,Yes,Express,3.6,50,Quarterly,18-09-2024
102066,67,Male,Lucknow,Books,Biography,544.23,5,UPI,Autumn,No,No,No,Express,4.5,7,Yearly,19-12-2024
102067,37,Female,Coimbatore,Clothing,Dress,907.57,5,Net Banking,Summer,No,No,Yes,Express,4.1,42,Quarterly,14-02-2024
102068,43,Male,Lucknow,Sports,Tennis Racket,1446.89,2,UPI,Winter,No,No,Yes,Express,5,21,Yearly,14-09-2025
102069,32,Female,Ahmedabad,Footwear,Boots,4028.86,5,Debit Card,Summer,No,No,No,Standard,4.3,9,Quarterly,02-02-2025
102070,31,Female,Jaipur,Electronics,Smartphone,13392.15,3,Cash,Winter,Yes,Yes,No,Standard,4.4,2,Quarterly,24-08-2025
102071,65,Male,Chennai,Electronics,Smartphone,13520.58,2,Credit Card,Spring,Yes,Yes,No,Express,5,8,Yearly,16-12-2025
102072,63,Male,Vijayawada,Grocery,Coffee,2276.76,1,UPI,Autumn,No,No,No,Standard,4.4,13,Quarterly,17-06-2025
102073,44,Female,Hyderabad,Beauty,Face Wash,481.17,2,Net Banking,Autumn,No,No,Yes,Express,4.2,16,Weekly,20-06-2024
102074,19,Male,Pune,Grocery,Tea,2167.8,3,Cash,Spring,Yes,No,Yes,Same Day,3.3,41,Weekly,18-01-2025
102075,56,Female,Mysuru,Electronics,Smart Watch,16364.09,5,UPI,Summer,No,No,No,Express,3.6,20,Weekly,30-12-2024
102076,44,Female,Chennai,Grocery,Rice,1353.83,4,UPI,Winter,Yes,No,No,Standard,3.6,18,Weekly,19-10-2025
102077,63,Male,Patna,Home Decor,Vase,5470.88,3,UPI,Winter,No,No,No,Same Day,4.6,19,Monthly,28-08-2025
102078,35,Female,Pune,Beauty,Face Wash,2892.82,1,Net Banking,Autumn,No,No,No,Standard,4.5,2,Weekly,06-08-2024
102079,51,Female,Bhopal,Books,Novel,597.62,4,Debit Card,Spring,No,No,No,Express,4.0,15,Monthly,28-02-2025
102080,55,Female,Chennai,Footwear,Sneakers,3404.76,4,UPI,Summer,No,No,No,Standard,4.3,1,Weekly,21-07-2025
102081,25,Male,Kolkata,Sports,Football,10597.78,5,Net Banking,Summer,No,No,No,Standard,4.6,2,Yearly,17-08-2025
102082,70,Female,Mysuru,Footwear,Sneakers,3411.99,5,Net Banking,Spring,Yes,No,No,Standard,4.4,4,Yearly,10-10-2025
102083,19,Female,Pune,Clothing,Dress,900.74,2,UPI,Summer,Yes,Yes,No,Express,4.5,17,Quarterly,15-04-2024
102084,52,Male,Mysuru,Electronics,Tablet,14991.26,1,Debit Card,Spring,No,No,Yes,Same Day,4.2,34,Monthly,06-10-2024
102085,40,Male,Bhopal,Sports,Tennis Racket,929.41,3,Net Banking,Spring,No,No,Yes,Express,4.6,25,Yearly,25-09-2024
102086,52,Female,Vijayawada,Grocery,Tea,1703.88,4,Debit Card,Summer,Yes,Yes,No,Same Day,3.5,17,Quarterly,21-03-2024
102087,59,Female,Kochi,Home Decor,Curtains,1321.11,2,Net Banking,Autumn,Yes,Yes,No,Express,3.8,0,Weekly,06-09-2025
102088,36,Female,Delhi,Grocery,Oil,1406.2,4,UPI,Winter,No,No,Yes,Express,4.5,33,Yearly,15-06-2025
102089,61,Female,Delhi,Grocery,Snacks,1600.13,4,Cash,Spring,No,No,No,Standard,4.2,4,Yearly,21-03-2025
102090,43,Female,Nagpur,Electronics,Smartphone,18009.34,1,Cash,Autumn,Yes,No,Yes,Express,3.7,41,Monthly,24-05-2025
102091,70,Female,Delhi,Books,Science Book,714.13,2,Debit Card,Summer,No,No,Yes,Express,4.3,12,Monthly,15-12-2024
102092,51,Female,Mysuru,Sports,Football,5173.36,1,Cash,Summer,No,No,Yes,Standard,4.5,28,Quarterly,27-02-2024
102093,32,Female,Visakhapatnam,Grocery,Oil,1965.35,2,UPI,Autumn,No,No,Yes,Express,4.3,31,Monthly,22-10-2024
102094,27,Female,Ahmedabad,Footwear,Sandals,6301.37,2,UPI,Autumn,Yes,Yes,Yes,Same Day,4.2,15,Weekly,14-10-2024
102095,34,Male,Coimbatore,Electronics,Headphones,22519.02,4,Net Banking,Summer,No,No,No,Same Day,4.3,15,Monthly,08-04-2024
102096,57,Male,Surat,Clothing,Kurta,990.72,1,UPI,Winter,Yes,Yes,No,Standard,4.1,4,Quarterly,15-06-2024
102097,66,Female,Visakhapatnam,Sports,Yoga Mat,8407.97,3,Net Banking,Winter,No,No,No,Express,5,16,Quarterly,10-05-2024
102098,52,Male,Visakhapatnam,Sports,Cricket Bat,9188.64,4,Credit Card,Autumn,No,No,No,Express,4.1,9,Quarterly,09-07-2024
102099,51,Male,Patna,Footwear,Boots,859.03,1,Credit Card,Autumn,Yes,Yes,Yes,Express,3.8,15,Monthly,07-06-2025
102100,42,Female,Bengaluru,Books,Biography,1447.62,5,Net Banking,Winter,Yes,Yes,Yes,Express,4.7,24,Quarterly,24-12-2025
102101,31,Male,Visakhapatnam,Books,Novel,1862.76,4,Net Banking,Autumn,Yes,Yes,No,Same Day,4.4,4,Monthly,09-02-2025
102102,36,Male,Ahmedabad,Footwear,Sneakers,5679.22,3,Credit Card,Spring,No,No,No,Same Day,4.6,1,Weekly,16-01-2024
102103,56,Female,Jaipur,Sports,Football,4748.3,4,Debit Card,Autumn,Yes,Yes,Yes,Standard,4.4,26,Yearly,09-04-2024
102104,35,Female,Pune,Clothing,Hoodie,3300.0,5,Cash,Spring,Yes,Yes,No,Standard,4.9,7,Weekly,16-02-2024
102105,49,Female,Patna,Beauty,Perfume,2162.84,5,Cash,Spring,No,No,Yes,Same Day,3.6,27,Yearly,08-06-2025
102106,27,Female,Mysuru,Sports,Football,3657.42,4,Cash,Summer,Yes,Yes,No,Same Day,4.1,4,Monthly,17-05-2025
102107,29,Male,Mysuru,Home Decor,Vase,2132.51,5,UPI,Winter,Yes,Yes,No,Standard,4.1,6,Weekly,15-11-2024
102108,64,Female,Ahmedabad,Beauty,Moisturizer,217.86,1,Credit Card,Winter,No,No,No,Express,4.5,9,Yearly,27-12-2024
102109,28,Male,Mumbai,Sports,Football,10493.11,2,Net Banking,Summer,Yes,No,Yes,Standard,3.2,36,Yearly,04-07-2025
102110,26,Female,Ahmedabad,Footwear,Running Shoes,5162.38,2,Net Banking,Summer,No,No,No,Standard,3.6,8,Weekly,02-11-2024
102111,60,Male,Bhopal,Grocery,Milk,1122.04,4,UPI,Autumn,No,No,No,Same Day,4.0,13,Monthly,26-07-2024
102112,64,Female,Vijayawada,Home Decor,Wall Art,5306.2,5,UPI,Spring,No,No,Yes,Same Day,4.5,29,Quarterly,19-03-2025
102113,42,Male,Coimbatore,Grocery,Rice,1481.86,1,Cash,Spring,Yes,Yes,Yes,Express,3.5,24,Monthly,20-01-2025
102114,55,Female,Indore,Home Decor,Vase,4507.24,5,Debit Card,Autumn,No,No,Yes,Standard,3.9,34,Weekly,29-09-2025
102115,31,Female,Visakhapatnam,Beauty,Moisturizer,2746.85,4,Debit Card,Winter,No,No,No,Standard,3.6,6,Yearly,02-05-2025
102116,45,Male,Visakhapatnam,Books,Science Book,2125.26,3,UPI,Winter,No,No,No,Express,4.2,11,Weekly,21-08-2025
102117,52,Female,Pune,Grocery,Oil,1194.41,4,Credit Card,Summer,Yes,Yes,No,Standard,4.1,17,Yearly,19-02-2025
102118,57,Male,Lucknow,Clothing,Jacket,1885.77,1,Debit Card,Autumn,Yes,Yes,No,Standard,4.1,1,Monthly,26-02-2025
102119,18,Male,Hyderabad,Home Decor,Carpet,5224.84,5,Cash,Spring,Yes,Yes,No,Express,4.4,2,Quarterly,16-04-2025
102120,23,Female,Nagpur,Electronics,Tablet,9483.43,1,Cash,Winter,No,No,No,Same Day,3.1,19,Yearly,17-04-2025
102121,43,Male,Bengaluru,Beauty,Moisturizer,2442.7,2,Cash,Summer,No,No,No,Express,3.9,1,Weekly,07-01-2025
102122,41,Female,Mumbai,Sports,Tennis Racket,8243.22,3,Debit Card,Winter,No,No,No,Same Day,4.9,5,Monthly,09-06-2024
102123,37,Male,Coimbatore,Books,Programming Book,1770.84,2,Credit Card,Winter,No,No,Yes,Standard,4.5,15,Quarterly,20-02-2025
102124,30,Female,Surat,Sports,Football,5039.23,4,Net Banking,Autumn,Yes,Yes,Yes,Standard,3.6,41,Monthly,24-02-2025
102125,49,Female,Nagpur,Home Decor,Wall Art,4049.76,3,Net Banking,Winter,Yes,Yes,No,Express,4.1,1,Yearly,29-01-2025
102126,40,Female,Kolkata,Home Decor,Vase,1867.93,4,Debit Card,Autumn,No,No,No,Same Day,3.6,14,Weekly,15-10-2025
102127,56,Male,Patna,Footwear,Boots,5267.34,5,Net Banking,Winter,Yes,Yes,Yes,Express,4.7,31,Quarterly,06-12-2024
102128,20,Female,Surat,Electronics,Smartphone,5145.83,2,Net Banking,Summer,Yes,No,No,Standard,3.7,11,Quarterly,16-02-2025
102129,37,Male,Ahmedabad,Beauty,Face Wash,2471.98,1,Cash,Summer,Yes,Yes,No,Express,4.5,3,Quarterly,30-03-2024
102130,63,Female,Hyderabad,Grocery,Rice,922.72,1,Credit Card,Winter,Yes,No,No,Express,5,12,Monthly,29-06-2025
102131,43,Female,Ahmedabad,Books,Comics,1707.37,3,Cash,Winter,No,No,No,Same Day,4.5,6,Monthly,12-05-2025
102132,68,Male,Vijayawada,Beauty,Shampoo,994.3,1,UPI,Spring,Yes,Yes,No,Standard,4.3,8,Monthly,05-10-2025
102133,38,Male,Bhopal,Books,Programming Book,922.82,5,Debit Card,Winter,Yes,No,Yes,Express,3.7,42,Monthly,29-08-2024
102134,59,Female,Ahmedabad,Electronics,Smart Watch,19116.29,4,Net Banking,Summer,Yes,Yes,Yes,Express,4.0,24,Weekly,18-12-2024
102135,51,Female,Lucknow,Footwear,Running Shoes,3426.09,4,UPI,Winter,Yes,Yes,Yes,Standard,3.5,37,Weekly,12-06-2024
102136,31,Male,Delhi,Footwear,Sandals,1881.9,4,Debit Card,Autumn,No,No,No,Same Day,3.4,12,Quarterly,19-11-2025
102137,33,Female,Kochi,Clothing,Hoodie,4708.28,4,UPI,Autumn,No,No,No,Same Day,2.8,6,Yearly,15-08-2025
102138,41,Male,Hyderabad,Clothing,T-Shirt,4184.01,3,UPI,Winter,No,No,No,Standard,4.2,12,Yearly,24-06-2025
102139,50,Male,Hyderabad,Beauty,Shampoo,838.39,5,Debit Card,Winter,Yes,No,No,Standard,3.3,9,Quarterly,07-12-2025
102140,21,Male,Visakhapatnam,Electronics,Tablet,7353.68,4,Net Banking,Summer,Yes,Yes,No,Same Day,4.6,19,Yearly,19-09-2024
102141,35,Female,Ahmedabad,Beauty,Lipstick,2688.52,5,Net Banking,Autumn,Yes,Yes,No,Same Day,4.1,16,Monthly,02-10-2025
102142,70,Female,Delhi,Electronics,Smart Watch,13466.51,5,UPI,Spring,Yes,No,No,Same Day,4.1,11,Quarterly,11-06-2024
102143,60,Female,Bhopal,Beauty,Lipstick,748.33,1,Net Banking,Summer,No,No,No,Standard,3.4,19,Quarterly,28-09-2024
102144,25,Female,Ahmedabad,Electronics,Smartphone,21101.88,1,Credit Card,Winter,No,No,Yes,Standard,5,46,Monthly,27-01-2024
102145,31,Male,Patna,Clothing,Jeans,4893.76,3,UPI,Spring,No,No,No,Express,4.3,20,Monthly,17-12-2025
102146,37,Male,Bengaluru,Electronics,Camera,16332.31,1,Debit Card,Autumn,Yes,No,No,Same Day,4.3,16,Quarterly,26-12-2025
102147,56,Female,Visakhapatnam,Books,Biography,1570.55,5,Credit Card,Autumn,Yes,No,No,Same Day,3.8,11,Monthly,22-06-2025
102148,61,Male,Surat,Clothing,Jacket,4416.53,4,Debit Card,Summer,Yes,Yes,No,Same Day,4.9,17,Quarterly,10-04-2024
102149,61,Female,Surat,Grocery,Oil,2001.92,1,Debit Card,Autumn,No,No,No,Same Day,4.4,11,Weekly,11-08-2025
102150,42,Male,Lucknow,Sports,Tennis Racket,966.8,3,Net Banking,Autumn,Yes,Yes,Yes,Same Day,4.2,27,Weekly,31-12-2025
102151,44,Female,Bengaluru,Grocery,Milk,745.85,3,UPI,Winter,Yes,Yes,Yes,Express,3.8,44,Quarterly,07-09-2025
102152,21,Male,Delhi,Beauty,Perfume,1450.58,3,Debit Card,Winter,No,No,No,Express,3.9,16,Yearly,19-05-2025
102153,25,Male,Visakhapatnam,Home Decor,Wall Art,3231.59,2,Debit Card,Summer,Yes,No,No,Express,3.6,5,Weekly,20-05-2025
102154,56,Female,Patna,Electronics,Camera,21642.56,5,Cash,Winter,No,No,Yes,Express,3.8,29,Weekly,22-03-2025
102155,49,Male,Delhi,Sports,Cricket Bat,4494.79,5,Credit Card,Autumn,Yes,Yes,Yes,Standard,5.0,44,Yearly,02-04-2025
102156,27,Male,Nagpur,Home Decor,Vase,1140.89,4,Cash,Autumn,Yes,Yes,No,Standard,3.8,0,Weekly,16-10-2024
102157,58,Male,Bengaluru,Grocery,Rice,979.67,3,Debit Card,Summer,Yes,Yes,No,Express,3.8,6,Quarterly,07-01-2025
102158,60,Male,Visakhapatnam,Sports,Cricket Bat,4977.73,4,Cash,Winter,No,No,No,Same Day,4.8,13,Weekly,27-07-2025
102159,66,Male,Jaipur,Grocery,Rice,662.12,4,UPI,Autumn,Yes,Yes,Yes,Express,3.9,45,Monthly,05-04-2024
102160,20,Male,Chennai,Books,Comics,1753.52,4,UPI,Autumn,No,No,Yes,Same Day,3.6,33,Weekly,31-03-2024
102161,24,Female,Visakhapatnam,Electronics,Tablet,8464.23,2,Cash,Autumn,Yes,Yes,No,Standard,5.0,17,Monthly,25-12-2025
102162,29,Male,Kolkata,Beauty,Shampoo,1721.36,4,Net Banking,Summer,No,No,No,Same Day,4.4,15,Weekly,27-07-2025
102163,66,Female,Coimbatore,Beauty,Shampoo,1410.38,2,Debit Card,Summer,No,No,Yes,Same Day,4.6,36,Weekly,09-07-2024
102164,27,Female,Jaipur,Home Decor,Curtains,1866.44,1,Debit Card,Winter,Yes,Yes,No,Same Day,4.2,12,Monthly,01-12-2025
102165,68,Female,Surat,Footwear,Running Shoes,1285.42,5,Cash,Winter,Yes,Yes,No,Express,4.1,13,Quarterly,01-02-2025
102166,68,Female,Kolkata,Books,Novel,456.67,3,Debit Card,Winter,Yes,Yes,Yes,Express,4.8,24,Quarterly,31-10-2025
102167,58,Female,Vijayawada,Footwear,Sandals,5481.73,5,Net Banking,Winter,No,No,No,Express,4.3,0,Yearly,04-03-2025
102168,68,Male,Kolkata,Clothing,T-Shirt,3492.45,2,Debit Card,Winter,Yes,Yes,No,Same Day,3.5,17,Yearly,20-05-2024
102169,67,Female,Bengaluru,Footwear,Sneakers,6881.87,1,Credit Card,Winter,Yes,No,Yes,Express,4.9,21,Quarterly,22-05-2025
102170,69,Female,Coimbatore,Beauty,Lipstick,2055.26,3,Cash,Winter,Yes,Yes,No,Same Day,3.8,10,Weekly,25-02-2024
102171,58,Female,Kochi,Grocery,Coffee,800.62,3,Net Banking,Autumn,No,No,Yes,Standard,5,16,Monthly,23-04-2025
102172,40,Male,Ahmedabad,Electronics,Tablet,20992.72,2,UPI,Spring,No,No,No,Express,4.0,8,Monthly,30-03-2024
102173,26,Male,Kolkata,Sports,Dumbbells,4448.93,5,UPI,Autumn,No,No,Yes,Same Day,4.3,14,Quarterly,22-02-2025
102174,38,Male,Patna,Grocery,Milk,401.46,3,Credit Card,Summer,Yes,No,Yes,Standard,4.2,22,Yearly,09-03-2025
102175,62,Male,Ahmedabad,Sports,Cricket Bat,2243.2,2,Net Banking,Spring,No,No,Yes,Standard,3.3,39,Weekly,17-05-2025
102176,51,Female,Indore,Electronics,Laptop,14182.56,3,Net Banking,Winter,No,No,No,Express,4.8,4,Weekly,07-12-2024
102177,24,Male,Jaipur,Footwear,Running Shoes,2058.08,5,Credit Card,Spring,Yes,Yes,Yes,Express,4.3,19,Yearly,05-05-2025
102178,27,Male,Mumbai,Grocery,Rice,1123.34,5,Cash,Autumn,Yes,Yes,Yes,Express,4.2,35,Monthly,15-04-2025
102179,27,Male,Jaipur,Clothing,Jacket,1606.23,5,Credit Card,Winter,No,No,No,Express,4.2,7,Yearly,11-03-2025
102180,23,Female,Indore,Sports,Yoga Mat,4605.23,1,Cash,Summer,Yes,Yes,No,Express,4.4,1,Yearly,29-11-2024
102181,21,Male,Bhopal,Grocery,Coffee,1646.83,4,UPI,Summer,No,No,Yes,Express,4.2,37,Weekly,30-12-2024
102182,38,Female,Chennai,Sports,Tennis Racket,9453.14,2,UPI,Spring,No,No,No,Express,4.0,13,Yearly,05-12-2025
102183,30,Male,Kolkata,Beauty,Face Wash,246.75,3,Debit Card,Autumn,No,No,No,Same Day,3.8,11,Weekly,04-03-2025
102184,30,Male,Mumbai,Grocery,Tea,1824.41,2,UPI,Summer,No,No,No,Express,4.0,14,Monthly,09-02-2025
102185,61,Female,Mumbai,Home Decor,Carpet,3569.16,2,UPI,Autumn,No,No,No,Standard,4.6,10,Weekly,26-11-2024
102186,30,Female,Bhopal,Home Decor,Vase,4715.73,2,Credit Card,Winter,Yes,Yes,No,Standard,3.6,10,Monthly,07-01-2024
102187,30,Female,Bengaluru,Grocery,Tea,206.67,5,Debit Card,Spring,No,No,No,Express,4.3,11,Yearly,04-04-2025
102188,18,Female,Coimbatore,Electronics,Camera,6229.75,2,Debit Card,Summer,No,No,No,Same Day,3.8,3,Monthly,05-08-2024
102189,47,Female,Mysuru,Books,Novel,1250.01,1,Debit Card,Spring,Yes,Yes,No,Express,4.6,17,Monthly,01-02-2024
102190,55,Male,Bhopal,Clothing,T-Shirt,3229.59,5,Credit Card,Summer,No,No,No,Same Day,4.1,11,Weekly,14-05-2025
102191,70,Female,Jaipur,Beauty,Moisturizer,320.85,3,Debit Card,Autumn,Yes,Yes,Yes,Standard,4.6,39,Monthly,12-01-2025
102192,18,Female,Bhopal,Books,Novel,654.83,1,Cash,Autumn,No,No,No,Express,4.1,12,Monthly,30-10-2025
102193,44,Male,Delhi,Footwear,Running Shoes,6862.62,4,UPI,Spring,No,No,Yes,Same Day,3.3,50,Weekly,30-04-2024
102194,59,Male,Vijayawada,Electronics,Headphones,10566.76,5,UPI,Spring,Yes,Yes,No,Same Day,4.6,7,Yearly,20-02-2024
102195,60,Male,Surat,Electronics,Smartphone,5482.46,5,Cash,Winter,No,No,No,Express,4.7,15,Weekly,11-10-2024
102196,24,Female,Kochi,Books,Biography,1706.83,5,Cash,Autumn,Yes,No,No,Express,3.5,16,Weekly,17-05-2025
102197,54,Male,Vijayawada,Books,Biography,2089.23,2,UPI,Autumn,Yes,Yes,No,Standard,4.7,19,Monthly,05-08-2025
102198,49,Female,Mumbai,Books,Science Book,1204.94,3,Net Banking,Winter,Yes,Yes,No,Same Day,4.1,19,Yearly,12-07-2024
102199,49,Female,Ahmedabad,Grocery,Snacks,1372.06,3,Cash,Winter,No,No,Yes,Same Day,4.3,16,Quarterly,01-11-2025
102200,48,Male,Pune,Home Decor,Curtains,2298.81,1,UPI,Summer,Yes,Yes,No,Standard,5,11,Yearly,17-09-2024
102201,25,Male,Vijayawada,Sports,Tennis Racket,5506.56,5,Net Banking,Summer,No,No,Yes,Standard,3.7,32,Monthly,04-10-2025
102202,20,Female,Bhopal,Clothing,Jeans,2886.66,5,Cash,Autumn,No,No,No,Standard,4.8,15,Monthly,03-12-2024
102203,35,Female,Ahmedabad,Grocery,Oil,1304.13,1,UPI,Summer,Yes,Yes,No,Same Day,4.6,5,Monthly,24-10-2024
102204,69,Male,Delhi,Grocery,Rice,1531.72,1,Cash,Winter,No,No,No,Same Day,4.8,18,Yearly,09-12-2024
102205,69,Female,Indore,Electronics,Smartphone,21729.96,1,Debit Card,Autumn,No,No,No,Express,4.0,8,Yearly,30-07-2025
102206,60,Female,Visakhapatnam,Clothing,Kurta,1858.14,3,Credit Card,Autumn,No,No,Yes,Standard,3.7,12,Weekly,11-03-2024
102207,28,Male,Mysuru,Grocery,Tea,824.85,1,Credit Card,Winter,Yes,No,No,Same Day,4.1,18,Quarterly,03-03-2025
102208,44,Female,Coimbatore,Footwear,Flip Flops,6851.83,5,Net Banking,Autumn,No,No,Yes,Express,3.7,20,Weekly,13-02-2025
102209,35,Female,Mumbai,Home Decor,Curtains,644.53,1,UPI,Autumn,No,No,No,Standard,4.7,18,Yearly,23-09-2024
102210,18,Male,Surat,Beauty,Perfume,2439.15,5,Net Banking,Winter,Yes,No,Yes,Same Day,3.5,45,Weekly,07-08-2024
102211,38,Male,Surat,Footwear,Flip Flops,2632.12,5,UPI,Spring,No,No,Yes,Standard,3.9,36,Monthly,02-11-2024
102212,44,Female,Pune,Books,Science Book,1114.78,3,Debit Card,Autumn,Yes,No,No,Express,4.7,20,Yearly,15-06-2024
102213,42,Male,Delhi,Electronics,Smartphone,18272.23,5,Debit Card,Spring,Yes,Yes,No,Express,4.3,7,Yearly,09-09-2024
102214,69,Female,Ahmedabad,Home Decor,Curtains,2992.02,1,UPI,Winter,No,No,Yes,Standard,4.0,32,Monthly,07-08-2025
102215,26,Male,Ahmedabad,Clothing,T-Shirt,3345.83,1,Credit Card,Spring,Yes,Yes,No,Standard,4.6,11,Yearly,12-12-2024
102216,39,Female,Ahmedabad,Sports,Football,8241.92,1,Net Banking,Autumn,No,No,No,Express,4.8,1,Weekly,15-07-2024
102217,18,Male,Surat,Beauty,Face Wash,1153.52,5,UPI,Autumn,No,No,No,Express,3.9,11,Weekly,25-03-2025
102218,54,Male,Lucknow,Clothing,Hoodie,1299.56,3,Net Banking,Summer,No,No,No,Standard,3.2,15,Weekly,21-08-2025
102219,56,Female,Surat,Clothing,Hoodie,1008.06,1,Debit Card,Spring,Yes,Yes,No,Standard,4.3,20,Quarterly,11-12-2025
102220,44,Female,Delhi,Sports,Tennis Racket,864.08,1,Credit Card,Spring,Yes,No,No,Standard,4.8,18,Yearly,05-11-2024
102221,62,Female,Kochi,Electronics,Smartphone,17365.41,5,Net Banking,Winter,No,No,Yes,Express,3.9,40,Weekly,08-12-2025
102222,47,Female,Mysuru,Footwear,Running Shoes,6695.37,4,Debit Card,Autumn,Yes,Yes,Yes,Same Day,4.5,46,Weekly,16-11-2024
102223,24,Male,Visakhapatnam,Beauty,Face Wash,372.58,3,Credit Card,Summer,No,No,No,Standard,3.6,17,Monthly,29-08-2024
102224,27,Female,Bhopal,Home Decor,Curtains,1292.69,4,Cash,Spring,No,No,No,Same Day,4.9,0,Monthly,10-06-2024
102225,46,Male,Coimbatore,Electronics,Smartphone,14481.74,1,Debit Card,Summer,Yes,Yes,Yes,Same Day,4.5,24,Yearly,17-10-2025
102226,49,Female,Delhi,Sports,Dumbbells,1640.43,4,Debit Card,Summer,Yes,Yes,No,Express,4.0,9,Weekly,21-01-2024
102227,19,Female,Delhi,Beauty,Face Wash,994.24,4,Credit Card,Autumn,No,No,No,Express,4.4,11,Weekly,23-03-2025
102228,66,Male,Vijayawada,Beauty,Shampoo,1742.54,2,Credit Card,Spring,No,No,Yes,Same Day,4.6,35,Monthly,07-06-2025
102229,53,Female,Surat,Beauty,Moisturizer,259.76,1,Debit Card,Summer,Yes,No,No,Same Day,4.5,20,Yearly,28-10-2025
102230,70,Male,Kochi,Beauty,Lipstick,2108.74,5,Credit Card,Spring,Yes,Yes,No,Same Day,3.9,19,Monthly,22-11-2024
102231,59,Male,Nagpur,Beauty,Perfume,1542.56,1,Net Banking,Autumn,Yes,No,No,Same Day,4.1,1,Yearly,21-07-2024
102232,44,Male,Chennai,Grocery,Tea,746.66,1,Debit Card,Autumn,No,No,No,Standard,4.8,13,Quarterly,19-07-2025
102233,39,Female,Mumbai,Home Decor,Wall Art,1418.02,2,UPI,Autumn,Yes,Yes,Yes,Same Day,4.6,18,Yearly,01-08-2024
102234,37,Female,Mumbai,Grocery,Rice,1746.81,4,Credit Card,Winter,Yes,Yes,No,Express,4.4,3,Weekly,09-12-2024
102235,27,Male,Kolkata,Electronics,Tablet,10216.3,4,Cash,Winter,No,No,Yes,Standard,4.5,23,Monthly,09-08-2024
102236,51,Male,Indore,Clothing,Jeans,4750.4,3,Cash,Autumn,Yes,No,No,Standard,4.2,14,Weekly,13-03-2024
102237,49,Male,Chennai,Footwear,Running Shoes,1252.38,5,Credit Card,Summer,Yes,No,No,Standard,5,18,Yearly,14-06-2024
102238,55,Female,Hyderabad,Beauty,Lipstick,274.9,5,UPI,Spring,No,No,No,Standard,3.2,10,Yearly,31-10-2024
102239,26,Male,Surat,Grocery,Milk,552.05,1,Debit Card,Spring,No,No,Yes,Same Day,4.3,10,Quarterly,08-03-2025
102240,59,Male,Pune,Clothing,Kurta,3917.7,3,Net Banking,Winter,No,No,No,Standard,4.3,15,Monthly,11-11-2025
102241,31,Male,Jaipur,Footwear,Sneakers,2624.24,1,UPI,Winter,Yes,Yes,Yes,Express,4.3,49,Weekly,28-10-2024
102242,33,Female,Indore,Sports,Football,4540.33,4,Net Banking,Autumn,Yes,Yes,Yes,Standard,4.3,48,Weekly,28-04-2025
102243,45,Female,Delhi,Footwear,Sandals,4838.7,4,Cash,Spring,No,No,No,Same Day,3.4,19,Yearly,21-07-2025
102244,22,Male,Surat,Books,Programming Book,1330.86,1,Credit Card,Summer,No,No,No,Same Day,4.1,14,Weekly,29-06-2025
102245,20,Female,Surat,Beauty,Shampoo,1534.34,1,Debit Card,Autumn,No,No,No,Standard,3.8,20,Yearly,06-06-2025
102246,32,Female,Mumbai,Clothing,Hoodie,2923.48,1,Cash,Winter,No,No,No,Express,4.0,14,Weekly,10-09-2024
102247,57,Male,Vijayawada,Clothing,Jacket,977.19,5,Debit Card,Summer,No,No,No,Same Day,4.0,10,Quarterly,12-10-2024
102248,46,Male,Vijayawada,Home Decor,Vase,2102.34,1,Cash,Summer,No,No,Yes,Same Day,4.4,23,Quarterly,06-03-2025
102249,58,Male,Indore,Books,Novel,693.74,5,Debit Card,Summer,No,No,Yes,Standard,4.0,11,Quarterly,10-12-2024
102250,51,Female,Coimbatore,Beauty,Perfume,1510.36,5,Net Banking,Summer,No,No,Yes,Same Day,3.8,10,Monthly,18-04-2024
102251,18,Female,Hyderabad,Electronics,Camera,20380.57,5,Debit Card,Winter,No,No,Yes,Standard,5,16,Quarterly,16-02-2025
102252,18,Female,Mumbai,Clothing,Hoodie,4741.75,1,Debit Card,Winter,No,No,No,Express,4.1,15,Yearly,24-03-2024
102253,26,Female,Jaipur,Sports,Yoga Mat,10025.73,4,UPI,Autumn,No,No,No,Same Day,3.7,4,Weekly,17-01-2024
102254,47,Male,Jaipur,Clothing,Dress,3468.26,2,UPI,Winter,Yes,Yes,No,Standard,4.0,0,Monthly,11-11-2024
102255,48,Female,Mysuru,Sports,Dumbbells,9886.4,1,Credit Card,Spring,No,No,No,Express,4.3,18,Weekly,20-04-2025
102256,54,Male,Ahmedabad,Books,Comics,1158.87,5,Credit Card,Autumn,No,No,No,Express,3.9,16,Weekly,16-10-2024
102257,67,Female,Kolkata,Clothing,T-Shirt,1111.55,1,Debit Card,Autumn,Yes,Yes,No,Same Day,3.9,6,Weekly,19-06-2024
102258,33,Female,Ahmedabad,Books,Science Book,695.07,2,Debit Card,Winter,Yes,Yes,No,Same Day,4.5,15,Yearly,30-10-2024
102259,59,Male,Visakhapatnam,Electronics,Camera,7469.44,3,Debit Card,Spring,Yes,Yes,Yes,Same Day,4.8,32,Weekly,17-10-2025
102260,59,Male,Bengaluru,Footwear,Sneakers,5639.57,3,Credit Card,Summer,Yes,No,No,Standard,4.5,15,Quarterly,28-09-2024
102261,33,Female,Visakhapatnam,Footwear,Running Shoes,4231.39,2,Debit Card,Winter,No,No,No,Standard,4.6,14,Quarterly,15-11-2025
102262,23,Female,Lucknow,Home Decor,Wall Art,2093.13,4,Debit Card,Summer,No,No,No,Express,4.6,13,Monthly,18-10-2025
102263,55,Female,Bengaluru,Grocery,Rice,620.84,2,Credit Card,Summer,No,No,No,Express,3.6,8,Quarterly,07-06-2025
102264,58,Female,Pune,Electronics,Camera,15159.67,1,Debit Card,Spring,No,No,Yes,Express,4.0,50,Quarterly,16-02-2024
102265,69,Male,Indore,Books,Comics,833.31,3,Credit Card,Autumn,No,No,Yes,Standard,4.1,48,Yearly,15-05-2025
102266,34,Male,Bengaluru,Books,Science Book,938.77,3,UPI,Spring,No,No,Yes,Express,5.0,25,Weekly,30-01-2025
102267,47,Female,Indore,Footwear,Running Shoes,5754.66,4,Cash,Summer,Yes,No,Yes,Same Day,3.8,35,Quarterly,30-10-2025
102268,34,Male,Coimbatore,Sports,Football,2560.19,3,Debit Card,Autumn,Yes,No,No,Same Day,4.8,4,Monthly,09-09-2025
102269,57,Male,Delhi,Sports,Football,10234.96,3,Cash,Spring,Yes,No,Yes,Express,3.7,35,Monthly,04-01-2025
102270,21,Male,Delhi,Clothing,Hoodie,2172.8,2,Net Banking,Autumn,Yes,Yes,No,Standard,4.0,6,Quarterly,30-09-2024
102271,45,Male,Nagpur,Footwear,Running Shoes,4426.64,3,Net Banking,Winter,Yes,No,No,Same Day,4.1,11,Quarterly,11-09-2025
102272,25,Male,Coimbatore,Grocery,Milk,1867.81,1,Cash,Autumn,No,No,No,Same Day,5,14,Monthly,25-03-2025
102273,35,Male,Pune,Clothing,Dress,1459.75,2,Cash,Summer,No,No,Yes,Express,3.8,17,Quarterly,28-12-2025
102274,39,Female,Mumbai,Electronics,Camera,6615.38,5,Cash,Summer,Yes,No,Yes,Same Day,4.6,10,Weekly,05-05-2024
102275,69,Male,Patna,Electronics,Tablet,19369.17,2,UPI,Winter,No,No,Yes,Same Day,4.0,16,Quarterly,22-06-2024
102276,68,Female,Pune,Footwear,Running Shoes,1999.55,2,Debit Card,Autumn,No,No,No,Standard,4.9,13,Monthly,16-10-2025
102277,51,Male,Mysuru,Books,Biography,1191.02,5,Credit Card,Spring,No,No,No,Express,4.3,4,Yearly,02-01-2024
102278,58,Female,Surat,Books,Programming Book,1117.07,5,Cash,Autumn,Yes,No,No,Standard,4.3,2,Yearly,10-03-2024
102279,40,Male,Hyderabad,Grocery,Coffee,1488.72,5,Credit Card,Spring,No,No,No,Same Day,4.1,3,Quarterly,22-02-2024
102280,32,Male,Delhi,Books,Comics,1627.68,2,Debit Card,Spring,No,No,Yes,Same Day,4.2,22,Quarterly,13-06-2025
102281,47,Female,Mysuru,Grocery,Rice,1669.47,1,Net Banking,Summer,No,No,No,Express,4.1,5,Weekly,28-04-2025
102282,23,Male,Mumbai,Footwear,Sandals,3991.41,3,Debit Card,Summer,No,No,Yes,Standard,4.2,49,Quarterly,06-08-2025
102283,57,Female,Indore,Sports,Football,2087.86,3,Cash,Spring,Yes,Yes,Yes,Standard,4.2,21,Weekly,20-03-2025
102284,18,Male,Ahmedabad,Electronics,Headphones,7435.28,2,UPI,Spring,No,No,Yes,Express,4.3,12,Yearly,20-05-2025
102285,39,Male,Vijayawada,Grocery,Snacks,979.19,1,Debit Card,Autumn,Yes,Yes,No,Standard,3.9,15,Yearly,29-06-2024
102286,26,Female,Pune,Beauty,Moisturizer,1604.77,3,UPI,Spring,No,No,No,Express,5,9,Monthly,10-02-2024
102287,38,Male,Ahmedabad,Home Decor,Curtains,5467.99,2,UPI,Winter,No,No,No,Express,4.2,8,Quarterly,11-09-2025
102288,63,Female,Coimbatore,Beauty,Shampoo,917.95,1,Cash,Winter,Yes,No,No,Same Day,4.5,3,Quarterly,29-06-2025
102289,23,Male,Bhopal,Grocery,Tea,1684.95,4,Cash,Summer,No,No,Yes,Express,4.1,12,Yearly,01-10-2025
102290,31,Female,Nagpur,Beauty,Shampoo,346.68,2,Debit Card,Summer,No,No,No,Standard,4.4,19,Yearly,29-09-2024
102291,34,Male,Coimbatore,Grocery,Milk,1457.14,3,Cash,Spring,No,No,No,Express,4.9,16,Monthly,02-02-2025
102292,29,Female,Vijayawada,Grocery,Rice,520.99,1,Credit Card,Summer,Yes,No,No,Express,4.4,14,Monthly,16-12-2024
102293,29,Male,Delhi,Books,Novel,2168.43,1,UPI,Autumn,No,No,Yes,Express,3.7,32,Quarterly,24-08-2025
102294,42,Male,Hyderabad,Clothing,Jacket,3111.5,1,Debit Card,Winter,Yes,No,Yes,Same Day,3.4,27,Monthly,21-02-2025
102295,22,Male,Bhopal,Electronics,Camera,11767.56,2,Credit Card,Autumn,Yes,No,No,Express,4.1,0,Yearly,27-03-2025
102296,35,Female,Mumbai,Electronics,Camera,21631.31,2,Credit Card,Winter,Yes,Yes,No,Standard,3.6,1,Weekly,11-10-2024
102297,36,Male,Bhopal,Clothing,Hoodie,3019.19,1,Cash,Summer,No,No,No,Same Day,4.7,15,Monthly,22-03-2024
102298,65,Female,Ahmedabad,Grocery,Tea,2436.14,5,Cash,Winter,No,No,No,Standard,3.9,9,Monthly,24-10-2024
102299,41,Male,Chennai,Books,Science Book,814.06,5,Net Banking,Winter,No,No,Yes,Standard,3.5,18,Monthly,25-03-2024
102300,55,Male,Mumbai,Footwear,Sandals,2678.47,1,UPI,Winter,No,No,Yes,Same Day,4.6,22,Weekly,04-08-2024
102301,34,Female,Kochi,Footwear,Sneakers,3556.29,4,UPI,Autumn,No,No,Yes,Same Day,4.1,25,Yearly,27-10-2025
102302,32,Male,Mumbai,Sports,Dumbbells,5300.94,3,Debit Card,Winter,Yes,Yes,Yes,Same Day,5,28,Yearly,18-05-2025
102303,42,Female,Ahmedabad,Books,Programming Book,1331.48,4,UPI,Autumn,No,No,No,Standard,4.9,15,Quarterly,18-10-2025
102304,29,Male,Nagpur,Footwear,Flip Flops,2991.67,3,Net Banking,Winter,No,No,No,Same Day,4.2,10,Monthly,30-08-2025
102305,27,Male,Hyderabad,Books,Biography,1220.03,5,Debit Card,Spring,No,No,No,Express,4.4,9,Yearly,26-11-2025
102306,48,Male,Jaipur,Beauty,Shampoo,1361.68,4,Credit Card,Spring,Yes,Yes,No,Standard,4.0,8,Monthly,30-03-2024
102307,30,Male,Kolkata,Home Decor,Curtains,4978.55,1,UPI,Spring,No,No,Yes,Same Day,4.2,13,Quarterly,14-09-2024
102308,40,Male,Vijayawada,Grocery,Coffee,1103.2,3,UPI,Autumn,Yes,Yes,No,Standard,4.3,10,Yearly,15-09-2025
102309,46,Male,Surat,Books,Science Book,1276.62,1,Credit Card,Autumn,Yes,Yes,Yes,Express,5,41,Yearly,10-09-2024
102310,52,Female,Ahmedabad,Beauty,Shampoo,391.22,5,Credit Card,Autumn,Yes,No,No,Same Day,4.0,18,Yearly,17-02-2024
102311,67,Female,Delhi,Clothing,Dress,1686.82,4,Net Banking,Autumn,No,No,No,Same Day,3.4,18,Monthly,29-08-2025
102312,41,Male,Nagpur,Beauty,Moisturizer,2905.08,4,Credit Card,Winter,Yes,Yes,No,Express,4.3,17,Weekly,02-04-2024
102313,56,Male,Mysuru,Electronics,Smartphone,11256.16,2,UPI,Summer,No,No,No,Same Day,4.7,15,Weekly,11-05-2024
102314,40,Female,Pune,Clothing,Jacket,4218.17,3,Cash,Summer,Yes,Yes,No,Standard,4.0,18,Weekly,06-04-2024
102315,33,Male,Indore,Sports,Yoga Mat,1208.46,2,Debit Card,Summer,No,No,No,Same Day,4.4,6,Monthly,20-11-2025
102316,38,Female,Mysuru,Clothing,Jacket,3905.23,3,UPI,Autumn,No,No,Yes,Standard,4.4,11,Weekly,24-05-2024
102317,18,Male,Kolkata,Home Decor,Vase,5667.47,5,UPI,Winter,Yes,Yes,Yes,Standard,4.5,30,Quarterly,26-07-2024
102318,24,Male,Kolkata,Clothing,T-Shirt,3549.55,2,Credit Card,Winter,No,No,No,Express,4.5,0,Monthly,16-05-2025
102319,46,Female,Nagpur,Sports,Yoga Mat,11406.55,3,Debit Card,Autumn,Yes,Yes,Yes,Same Day,4.6,36,Weekly,03-07-2024
102320,33,Male,Vijayawada,Sports,Dumbbells,9143.72,2,Net Banking,Autumn,No,No,No,Standard,4.0,10,Yearly,25-12-2025
102321,31,Female,Kolkata,Electronics,Smartphone,17731.75,5,UPI,Winter,Yes,Yes,No,Standard,3.2,11,Quarterly,31-05-2025
102322,54,Male,Delhi,Footwear,Boots,4499.03,5,UPI,Summer,Yes,No,No,Express,4.4,15,Weekly,06-12-2025
102323,54,Female,Lucknow,Clothing,Jeans,2578.82,1,Debit Card,Summer,No,No,No,Standard,4.3,11,Monthly,30-06-2024
102324,38,Male,Bengaluru,Electronics,Camera,5077.11,3,Debit Card,Summer,No,No,No,Express,4.0,20,Quarterly,08-08-2024
102325,65,Female,Vijayawada,Sports,Yoga Mat,1840.53,2,Credit Card,Spring,No,No,Yes,Same Day,4.9,21,Monthly,28-03-2025
102326,21,Female,Patna,Sports,Tennis Racket,4379.61,4,UPI,Spring,No,No,Yes,Same Day,4.4,18,Monthly,11-07-2024
102327,21,Female,Visakhapatnam,Grocery,Oil,1658.51,2,Debit Card,Winter,No,No,Yes,Same Day,5,10,Quarterly,17-10-2024
102328,53,Female,Coimbatore,Sports,Yoga Mat,8127.29,2,Debit Card,Autumn,No,No,No,Express,3.9,3,Monthly,13-08-2024
102329,66,Female,Surat,Footwear,Boots,2495.79,1,Debit Card,Autumn,No,No,No,Same Day,3.9,11,Weekly,21-04-2025
102330,50,Female,Mumbai,Grocery,Tea,2011.5,4,Cash,Winter,No,No,Yes,Express,4.4,12,Quarterly,16-08-2025
102331,67,Male,Kolkata,Sports,Yoga Mat,5814.28,3,Credit Card,Summer,Yes,No,No,Same Day,4.7,0,Quarterly,14-10-2025
102332,38,Male,Ahmedabad,Footwear,Sneakers,2832.62,4,Net Banking,Autumn,Yes,No,Yes,Same Day,3.5,18,Monthly,09-04-2025
102333,27,Female,Jaipur,Footwear,Sandals,2048.22,2,Net Banking,Winter,Yes,Yes,No,Standard,3.9,13,Yearly,07-06-2024
102334,41,Male,Jaipur,Footwear,Flip Flops,6322.7,2,Net Banking,Summer,Yes,No,No,Standard,4.1,3,Quarterly,03-02-2024
102335,26,Female,Hyderabad,Clothing,Hoodie,2573.89,4,Net Banking,Autumn,No,No,No,Standard,3.3,9,Yearly,05-07-2025
102336,57,Male,Bengaluru,Beauty,Perfume,2862.48,4,Net Banking,Summer,No,No,No,Express,3.5,12,Quarterly,12-02-2025
102337,32,Female,Hyderabad,Sports,Dumbbells,8416.08,5,Debit Card,Summer,No,No,No,Same Day,4.0,9,Quarterly,17-01-2024
102338,45,Male,Vijayawada,Grocery,Coffee,1296.47,2,Cash,Winter,No,No,No,Same Day,4.4,10,Monthly,03-08-2024
102339,58,Female,Kochi,Footwear,Boots,6507.42,5,Credit Card,Winter,No,No,No,Standard,4.1,5,Monthly,16-07-2024
102340,40,Male,Jaipur,Beauty,Perfume,1878.59,4,UPI,Spring,Yes,Yes,No,Express,3.8,13,Yearly,21-06-2024
102341,57,Male,Ahmedabad,Sports,Tennis Racket,11684.87,5,Debit Card,Spring,No,No,No,Standard,3.8,15,Quarterly,26-03-2024
102342,32,Female,Ahmedabad,Sports,Tennis Racket,1326.96,5,Net Banking,Summer,No,No,No,Same Day,3.4,13,Monthly,13-04-2024
102343,30,Female,Nagpur,Beauty,Shampoo,1378.32,1,Credit Card,Summer,No,No,Yes,Express,4.9,33,Monthly,08-10-2025
102344,22,Female,Visakhapatnam,Electronics,Laptop,6916.0,3,Credit Card,Spring,Yes,No,No,Standard,4.1,5,Monthly,03-09-2024
102345,33,Female,Visakhapatnam,Clothing,Jacket,3555.0,3,UPI,Summer,No,No,Yes,Standard,4.3,12,Monthly,05-05-2024
102346,19,Male,Mumbai,Sports,Dumbbells,8226.57,4,Cash,Autumn,Yes,Yes,Yes,Express,4.3,15,Weekly,08-01-2024
102347,66,Male,Coimbatore,Electronics,Camera,12524.36,3,Credit Card,Summer,No,No,Yes,Express,4.6,45,Quarterly,11-08-2024
102348,37,Female,Mysuru,Books,Novel,509.36,4,UPI,Winter,Yes,No,No,Standard,3.7,2,Monthly,09-05-2025
102349,21,Male,Mysuru,Footwear,Flip Flops,2195.72,5,UPI,Summer,No,No,No,Express,3.7,1,Weekly,02-07-2024
102350,19,Female,Mysuru,Beauty,Face Wash,2637.22,2,Credit Card,Autumn,No,No,Yes,Same Day,3.7,50,Weekly,13-07-2025
102351,28,Female,Delhi,Beauty,Face Wash,2035.51,1,Credit Card,Spring,Yes,Yes,No,Standard,4.6,11,Quarterly,24-10-2024
102352,61,Male,Mumbai,Footwear,Flip Flops,5420.59,1,Cash,Winter,Yes,Yes,No,Same Day,4.5,6,Weekly,25-04-2024
102353,56,Male,Pune,Sports,Dumbbells,4382.42,3,Credit Card,Winter,Yes,Yes,No,Express,4.2,17,Monthly,17-01-2024
102354,69,Female,Visakhapatnam,Footwear,Sandals,4736.51,1,Debit Card,Spring,Yes,Yes,Yes,Express,3.7,44,Monthly,20-03-2024
102355,38,Male,Surat,Home Decor,Lamp,1778.91,3,Credit Card,Autumn,Yes,Yes,Yes,Express,4.7,29,Monthly,23-05-2025
102356,59,Male,Hyderabad,Home Decor,Carpet,4007.35,4,Debit Card,Autumn,Yes,Yes,No,Standard,4.0,15,Quarterly,06-06-2025
102357,46,Male,Coimbatore,Beauty,Perfume,1995.47,4,Credit Card,Summer,Yes,No,Yes,Same Day,4.2,8,Monthly,13-05-2024
102358,19,Female,Visakhapatnam,Electronics,Tablet,21996.64,5,UPI,Spring,Yes,Yes,Yes,Same Day,4.3,18,Weekly,07-01-2025
102359,48,Female,Nagpur,Electronics,Smartphone,21039.44,1,Cash,Spring,Yes,Yes,Yes,Same Day,3.7,33,Yearly,03-08-2025
102360,23,Male,Ahmedabad,Sports,Tennis Racket,10089.94,4,Net Banking,Spring,No,No,No,Express,4.6,6,Quarterly,10-07-2025
102361,25,Male,Ahmedabad,Clothing,Jeans,4194.26,3,Cash,Winter,Yes,Yes,No,Same Day,3.8,16,Weekly,21-08-2025
102362,24,Female,Bengaluru,Grocery,Oil,1506.96,1,Cash,Winter,No,No,Yes,Express,4.5,33,Quarterly,17-03-2024
102363,31,Male,Ahmedabad,Books,Programming Book,1833.93,3,Credit Card,Autumn,Yes,Yes,No,Express,3.9,1,Yearly,03-11-2025
102364,58,Male,Patna,Footwear,Boots,2386.97,5,Net Banking,Winter,Yes,No,No,Standard,4.2,4,Quarterly,26-12-2025
102365,30,Male,Lucknow,Books,Biography,1826.32,1,Credit Card,Autumn,No,No,No,Standard,4.7,5,Yearly,12-11-2025
102366,52,Female,Ahmedabad,Sports,Cricket Bat,2315.53,4,Credit Card,Summer,Yes,Yes,No,Express,3.8,16,Yearly,24-11-2025
102367,44,Female,Bhopal,Grocery,Oil,581.85,2,Cash,Summer,Yes,No,No,Express,5,19,Monthly,15-11-2024
102368,44,Female,Visakhapatnam,Electronics,Smart Watch,9916.86,1,UPI,Autumn,No,No,No,Same Day,4.0,1,Monthly,04-04-2024
102369,39,Male,Kochi,Grocery,Tea,687.1,2,Net Banking,Winter,No,No,No,Standard,4.4,8,Yearly,02-02-2024
102370,25,Female,Visakhapatnam,Home Decor,Wall Art,1844.1,3,Credit Card,Spring,No,No,Yes,Standard,4.0,31,Weekly,23-04-2025
102371,48,Female,Pune,Grocery,Coffee,1960.21,1,Net Banking,Autumn,Yes,Yes,No,Standard,4.7,8,Yearly,31-08-2024
102372,44,Female,Nagpur,Clothing,Jacket,3387.57,2,Debit Card,Winter,Yes,No,Yes,Express,3.5,47,Monthly,23-08-2025
102373,57,Female,Indore,Books,Biography,1970.52,5,UPI,Autumn,Yes,Yes,Yes,Standard,4.3,21,Quarterly,02-05-2024
102374,35,Female,Vijayawada,Home Decor,Wall Art,1311.31,2,UPI,Autumn,Yes,Yes,No,Express,4.1,20,Monthly,23-09-2024
102375,26,Female,Bhopal,Grocery,Milk,2453.29,2,Cash,Winter,Yes,Yes,Yes,Standard,3.9,12,Weekly,02-10-2024
102376,42,Female,Kolkata,Sports,Football,9199.46,3,Net Banking,Spring,Yes,No,No,Standard,5.0,18,Weekly,15-06-2025
102377,45,Male,Ahmedabad,Books,Comics,1234.98,3,Net Banking,Spring,Yes,Yes,No,Standard,4.4,20,Weekly,22-05-2024
102378,66,Male,Pune,Beauty,Lipstick,2749.02,4,Credit Card,Winter,No,No,No,Same Day,4.4,0,Monthly,16-10-2025
102379,23,Female,Mysuru,Footwear,Sneakers,4152.37,2,Debit Card,Spring,No,No,No,Express,3.6,1,Yearly,01-06-2025
102380,36,Male,Ahmedabad,Home Decor,Curtains,5077.44,2,Debit Card,Winter,No,No,Yes,Standard,3.6,11,Yearly,16-08-2024
102381,22,Female,Vijayawada,Books,Biography,1078.48,5,Debit Card,Autumn,No,No,Yes,Express,4.9,42,Yearly,06-08-2024
102382,49,Female,Vijayawada,Books,Comics,1305.76,5,Net Banking,Summer,Yes,Yes,No,Express,4.1,18,Yearly,20-03-2025
102383,31,Female,Patna,Electronics,Smart Watch,7067.54,1,Debit Card,Summer,Yes,Yes,Yes,Same Day,4.5,48,Yearly,27-01-2024
102384,57,Female,Kochi,Footwear,Flip Flops,5215.13,5,Cash,Summer,No,No,No,Express,4.3,17,Quarterly,23-11-2025
102385,28,Male,Bengaluru,Books,Programming Book,449.36,3,Credit Card,Winter,Yes,Yes,Yes,Standard,3.9,39,Quarterly,16-04-2024
102386,21,Female,Mysuru,Electronics,Smartphone,17664.05,3,Cash,Autumn,No,No,No,Standard,3.8,11,Quarterly,10-06-2024
102387,55,Female,Bengaluru,Home Decor,Curtains,4990.85,4,Debit Card,Autumn,No,No,No,Express,4.7,14,Quarterly,27-07-2025
102388,39,Female,Kochi,Grocery,Milk,1253.32,5,UPI,Spring,Yes,Yes,No,Same Day,3.8,4,Yearly,28-11-2024
102389,29,Female,Vijayawada,Footwear,Sandals,5019.61,4,Debit Card,Summer,No,No,No,Standard,4.3,18,Quarterly,25-11-2025
102390,39,Female,Bengaluru,Electronics,Smartphone,13753.13,1,Net Banking,Autumn,No,No,Yes,Standard,3.7,22,Quarterly,07-08-2025
102391,38,Female,Lucknow,Clothing,Jeans,1496.19,5,Debit Card,Spring,No,No,Yes,Same Day,4.9,34,Yearly,19-01-2025
102392,64,Female,Pune,Beauty,Perfume,260.94,1,Net Banking,Autumn,Yes,Yes,Yes,Standard,4.2,26,Weekly,11-02-2025
102393,49,Female,Visakhapatnam,Beauty,Face Wash,1456.71,5,Credit Card,Winter,Yes,Yes,Yes,Express,5,34,Monthly,05-11-2025
102394,57,Male,Nagpur,Beauty,Shampoo,438.08,4,UPI,Summer,No,No,Yes,Standard,4.2,14,Monthly,03-03-2024
102395,33,Female,Kochi,Grocery,Coffee,324.71,2,UPI,Summer,No,No,Yes,Standard,4.4,41,Weekly,11-06-2024
102396,64,Female,Nagpur,Clothing,T-Shirt,4727.94,4,Cash,Summer,No,No,No,Express,5,13,Quarterly,12-04-2025
102397,31,Female,Surat,Sports,Yoga Mat,2041.26,3,Debit Card,Summer,Yes,No,No,Express,4.3,9,Weekly,21-02-2024
102398,70,Male,Patna,Footwear,Running Shoes,4595.09,2,Credit Card,Summer,Yes,Yes,No,Standard,3.4,18,Weekly,29-07-2024
102399,38,Female,Hyderabad,Grocery,Milk,1268.37,2,Cash,Autumn,Yes,Yes,No,Standard,3.4,2,Yearly,15-01-2024
102400,65,Female,Jaipur,Sports,Dumbbells,9927.62,4,Cash,Summer,Yes,No,Yes,Standard,4.6,14,Yearly,19-10-2024
102401,55,Female,Kolkata,Beauty,Perfume,352.69,5,Debit Card,Spring,No,No,No,Express,3.3,14,Monthly,19-12-2024
102402,31,Female,Coimbatore,Footwear,Sneakers,5540.99,2,Debit Card,Summer,No,No,Yes,Same Day,3.8,31,Quarterly,27-06-2025
102403,37,Female,Chennai,Clothing,Dress,2228.42,3,Net Banking,Spring,No,No,No,Same Day,4.0,18,Quarterly,07-02-2025
102404,18,Male,Ahmedabad,Home Decor,Wall Art,713.54,3,Credit Card,Autumn,Yes,No,No,Standard,3.6,10,Yearly,22-05-2025
102405,50,Female,Nagpur,Grocery,Coffee,1577.97,3,UPI,Spring,No,No,Yes,Same Day,4.0,8,Weekly,22-09-2025
102406,20,Male,Surat,Beauty,Moisturizer,2153.5,1,Debit Card,Spring,No,No,No,Express,4.7,20,Yearly,29-12-2025
102407,45,Male,Kolkata,Electronics,Camera,7116.92,1,Credit Card,Autumn,No,No,No,Standard,4.2,8,Monthly,02-12-2025
102408,29,Female,Indore,Clothing,Kurta,1798.62,2,Net Banking,Summer,No,No,No,Standard,3.5,11,Yearly,16-05-2025
102409,51,Male,Indore,Grocery,Rice,1024.72,4,UPI,Autumn,Yes,No,No,Express,4.6,1,Weekly,07-03-2025
102410,54,Male,Kochi,Sports,Tennis Racket,11263.29,2,Cash,Autumn,No,No,No,Express,3.6,9,Weekly,15-12-2024
102411,32,Male,Vijayawada,Grocery,Coffee,968.71,2,Credit Card,Summer,Yes,No,Yes,Express,5,34,Monthly,17-01-2025
102412,59,Female,Vijayawada,Sports,Tennis Racket,5851.75,3,Net Banking,Winter,Yes,No,No,Same Day,3.6,18,Yearly,20-07-2025
102413,44,Male,Chennai,Home Decor,Vase,3558.43,2,UPI,Autumn,No,No,No,Standard,4.0,16,Monthly,02-02-2025
102414,45,Female,Delhi,Footwear,Sandals,2180.88,1,Credit Card,Winter,No,No,No,Express,4.2,18,Yearly,23-08-2025
102415,66,Male,Vijayawada,Electronics,Laptop,21509.91,4,Credit Card,Winter,No,No,No,Same Day,3.6,6,Quarterly,14-11-2025
102416,30,Male,Kochi,Grocery,Oil,633.7,4,Cash,Summer,Yes,Yes,No,Same Day,3.4,0,Quarterly,17-05-2025
102417,37,Male,Hyderabad,Books,Science Book,2048.33,1,UPI,Summer,Yes,Yes,No,Same Day,4.4,9,Monthly,10-05-2024
102418,42,Male,Lucknow,Home Decor,Vase,1025.75,2,Debit Card,Winter,Yes,Yes,Yes,Standard,4.5,36,Weekly,24-07-2025
102419,70,Female,Surat,Footwear,Sneakers,4897.04,4,Credit Card,Spring,Yes,No,No,Same Day,3.6,17,Weekly,28-12-2025
102420,23,Female,Nagpur,Clothing,T-Shirt,4078.26,1,Credit Card,Winter,No,No,No,Express,5,5,Yearly,06-02-2025
102421,22,Male,Pune,Beauty,Moisturizer,1359.61,3,Net Banking,Autumn,Yes,Yes,No,Express,4.5,19,Yearly,17-09-2025
102422,19,Male,Nagpur,Electronics,Camera,12224.54,3,Credit Card,Spring,No,No,Yes,Same Day,4.2,50,Monthly,08-06-2024
102423,39,Female,Coimbatore,Home Decor,Wall Art,5033.66,5,Debit Card,Spring,No,No,Yes,Same Day,4.2,36,Yearly,22-07-2025
102424,67,Female,Lucknow,Electronics,Smart Watch,8035.25,5,Debit Card,Spring,No,No,No,Same Day,4.7,4,Quarterly,12-06-2024
102425,63,Male,Lucknow,Beauty,Shampoo,538.25,5,Cash,Winter,No,No,No,Express,3.6,5,Monthly,13-02-2025
102426,50,Male,Delhi,Clothing,Kurta,3664.12,4,UPI,Autumn,Yes,Yes,No,Same Day,4.5,14,Quarterly,26-12-2025
102427,55,Female,Visakhapatnam,Electronics,Smartphone,18418.06,3,Debit Card,Winter,No,No,No,Express,4.9,17,Yearly,19-03-2024
102428,67,Male,Vijayawada,Beauty,Shampoo,2582.28,3,Net Banking,Autumn,Yes,Yes,No,Same Day,2.9,13,Yearly,30-03-2025
102429,65,Female,Vijayawada,Beauty,Face Wash,2318.52,4,UPI,Spring,No,No,No,Same Day,4.2,18,Yearly,01-02-2024
102430,44,Male,Surat,Sports,Dumbbells,6318.49,1,Cash,Summer,No,No,Yes,Standard,4.0,28,Monthly,30-01-2024
102431,18,Female,Bhopal,Beauty,Face Wash,2586.8,4,Credit Card,Winter,Yes,Yes,No,Standard,4.5,17,Yearly,16-08-2024
102432,47,Male,Vijayawada,Home Decor,Wall Art,3884.88,1,Debit Card,Winter,Yes,Yes,No,Same Day,4.1,12,Quarterly,17-05-2025
102433,38,Female,Bhopal,Home Decor,Curtains,4966.59,2,Net Banking,Summer,No,No,No,Standard,3.6,15,Weekly,27-08-2025
102434,49,Male,Bengaluru,Grocery,Coffee,1936.62,5,Net Banking,Winter,No,No,No,Same Day,4.7,17,Weekly,29-02-2024
102435,29,Female,Kochi,Footwear,Boots,1505.01,3,Cash,Spring,Yes,Yes,Yes,Same Day,4.6,14,Weekly,09-11-2024
102436,68,Female,Hyderabad,Electronics,Laptop,5817.71,1,Net Banking,Spring,Yes,Yes,No,Standard,4.3,12,Yearly,02-08-2024
102437,64,Female,Jaipur,Grocery,Coffee,761.23,4,Net Banking,Summer,No,No,No,Same Day,4.1,7,Quarterly,17-04-2024
102438,42,Female,Chennai,Beauty,Lipstick,1666.29,2,UPI,Summer,No,No,No,Standard,4.1,10,Quarterly,27-10-2024
102439,29,Female,Chennai,Footwear,Flip Flops,1352.46,5,UPI,Summer,No,No,No,Express,3.4,20,Weekly,14-08-2025
102440,54,Female,Mysuru,Home Decor,Curtains,3861.68,5,UPI,Summer,Yes,Yes,No,Standard,3.6,9,Monthly,25-07-2025
102441,20,Female,Pune,Books,Programming Book,2143.47,5,Net Banking,Autumn,No,No,No,Standard,4.9,12,Quarterly,18-01-2024
102442,52,Female,Jaipur,Beauty,Shampoo,1012.55,2,UPI,Spring,No,No,No,Same Day,3.7,15,Monthly,21-02-2025
102443,58,Female,Hyderabad,Beauty,Face Wash,705.01,4,Credit Card,Summer,No,No,No,Standard,3.7,18,Quarterly,26-07-2025
102444,22,Female,Surat,Clothing,Dress,2367.33,3,Cash,Winter,Yes,No,Yes,Express,4.3,22,Yearly,20-05-2025
102445,56,Male,Bengaluru,Clothing,Dress,4435.57,1,Credit Card,Winter,No,No,Yes,Express,4.3,50,Quarterly,30-05-2025
102446,46,Female,Surat,Footwear,Sandals,3737.7,5,Credit Card,Autumn,Yes,Yes,No,Same Day,3.8,0,Yearly,09-11-2025
102447,36,Female,Nagpur,Footwear,Running Shoes,6672.56,3,UPI,Autumn,Yes,No,Yes,Express,4.3,37,Monthly,29-12-2024
102448,70,Male,Lucknow,Books,Science Book,563.87,4,Net Banking,Spring,No,No,No,Same Day,4.7,9,Weekly,17-06-2025
102449,38,Female,Nagpur,Grocery,Rice,2254.26,2,Net Banking,Autumn,No,No,No,Standard,4.0,3,Yearly,21-05-2025
102450,52,Male,Mysuru,Electronics,Camera,15891.92,5,Credit Card,Spring,No,No,No,Same Day,4.7,13,Monthly,22-09-2024
102451,38,Female,Bengaluru,Sports,Yoga Mat,3584.59,3,Debit Card,Winter,No,No,No,Standard,3.8,5,Monthly,07-09-2024
102452,46,Male,Lucknow,Home Decor,Vase,739.64,3,Cash,Summer,Yes,No,No,Express,3.3,11,Monthly,02-07-2025
102453,61,Male,Coimbatore,Electronics,Camera,6773.46,1,Net Banking,Winter,No,No,Yes,Standard,4.0,18,Yearly,16-08-2025
102454,31,Female,Hyderabad,Books,Science Book,720.51,5,Debit Card,Autumn,No,No,No,Express,3.5,5,Yearly,12-12-2025
102455,30,Male,Mysuru,Footwear,Running Shoes,1676.61,5,Debit Card,Spring,No,No,No,Same Day,5,18,Monthly,22-05-2024
102456,34,Male,Surat,Electronics,Smart Watch,12210.62,3,Debit Card,Autumn,No,No,Yes,Standard,3.9,23,Monthly,21-11-2024
102457,43,Male,Hyderabad,Beauty,Lipstick,768.47,2,Net Banking,Summer,Yes,Yes,Yes,Express,3.8,8,Quarterly,19-09-2025
102458,52,Female,Indore,Electronics,Tablet,13860.58,4,Net Banking,Winter,No,No,No,Same Day,4.3,18,Monthly,04-04-2024
102459,52,Female,Patna,Beauty,Face Wash,1078.44,3,Credit Card,Autumn,Yes,Yes,No,Express,3.6,11,Monthly,03-08-2024
102460,29,Female,Bhopal,Electronics,Headphones,14336.61,2,Cash,Summer,No,No,Yes,Standard,4.7,31,Yearly,26-07-2024
102461,28,Female,Delhi,Beauty,Lipstick,1639.62,1,Credit Card,Summer,Yes,Yes,No,Same Day,4.5,9,Weekly,11-06-2025
102462,45,Male,Ahmedabad,Home Decor,Carpet,5163.43,2,UPI,Summer,No,No,Yes,Standard,3.9,13,Weekly,31-12-2025
102463,27,Female,Indore,Clothing,Kurta,4266.89,3,UPI,Autumn,Yes,No,No,Standard,3.8,12,Yearly,04-06-2024
102464,50,Female,Surat,Footwear,Flip Flops,3390.03,1,Cash,Winter,No,No,No,Same Day,4.1,3,Weekly,06-11-2025
102465,58,Male,Coimbatore,Electronics,Smartphone,10236.93,3,Credit Card,Spring,Yes,Yes,No,Same Day,3.5,0,Quarterly,11-10-2024
102466,52,Female,Lucknow,Clothing,T-Shirt,4940.38,2,Credit Card,Spring,No,No,No,Express,4.8,20,Quarterly,27-02-2024
102467,54,Male,Indore,Footwear,Boots,2376.28,3,UPI,Winter,No,No,Yes,Standard,4.4,21,Weekly,04-12-2025
102468,60,Male,Indore,Books,Biography,1687.06,1,Cash,Winter,Yes,Yes,No,Express,3.5,11,Weekly,15-09-2024
102469,49,Male,Ahmedabad,Grocery,Oil,1246.69,3,Debit Card,Autumn,No,No,No,Same Day,4.3,6,Monthly,26-10-2024
102470,60,Male,Indore,Footwear,Sandals,5652.67,2,UPI,Autumn,No,No,Yes,Standard,3.9,19,Weekly,27-03-2025
102471,39,Male,Lucknow,Sports,Tennis Racket,9303.53,4,Credit Card,Summer,Yes,Yes,Yes,Express,4.2,18,Monthly,07-09-2025
102472,28,Female,Ahmedabad,Home Decor,Curtains,3722.02,2,Credit Card,Summer,Yes,No,Yes,Same Day,3.5,18,Quarterly,29-10-2024
102473,40,Female,Visakhapatnam,Electronics,Camera,16922.48,5,Debit Card,Summer,No,No,No,Same Day,3.8,15,Weekly,14-07-2024
102474,53,Female,Kolkata,Beauty,Lipstick,2522.57,5,UPI,Autumn,Yes,Yes,No,Standard,4.0,20,Quarterly,28-02-2024
102475,38,Male,Patna,Home Decor,Vase,1013.97,2,Cash,Winter,Yes,Yes,No,Standard,4.7,3,Yearly,16-09-2024
102476,62,Male,Nagpur,Home Decor,Wall Art,1011.78,3,UPI,Spring,No,No,No,Standard,4.6,7,Quarterly,31-12-2024
102477,51,Female,Lucknow,Sports,Tennis Racket,8351.13,4,Credit Card,Winter,No,No,No,Express,4.3,16,Yearly,21-01-2025
102478,36,Female,Ahmedabad,Electronics,Smart Watch,7070.74,1,Net Banking,Spring,Yes,Yes,Yes,Same Day,3.5,33,Weekly,16-07-2024
102479,40,Male,Patna,Sports,Tennis Racket,8397.86,5,Debit Card,Spring,No,No,No,Express,4.3,16,Quarterly,29-04-2024
102480,39,Female,Coimbatore,Sports,Football,4982.84,4,Cash,Autumn,No,No,Yes,Same Day,4.6,46,Weekly,10-08-2024
102481,47,Female,Delhi,Clothing,Kurta,1677.31,5,UPI,Summer,No,No,Yes,Express,4.2,38,Quarterly,09-06-2024
102482,66,Female,Kolkata,Beauty,Shampoo,1878.36,2,Cash,Spring,No,No,Yes,Same Day,4.7,21,Quarterly,11-07-2024
102483,36,Male,Chennai,Footwear,Flip Flops,1229.75,5,Net Banking,Winter,No,No,No,Same Day,3.7,14,Quarterly,16-05-2025
102484,57,Male,Vijayawada,Beauty,Moisturizer,2952.21,4,Net Banking,Spring,Yes,Yes,No,Same Day,5,1,Quarterly,08-01-2025
102485,67,Male,Visakhapatnam,Sports,Yoga Mat,9461.13,3,UPI,Autumn,Yes,Yes,No,Express,4.5,14,Weekly,22-02-2024
102486,38,Female,Mysuru,Electronics,Tablet,17782.54,2,UPI,Winter,No,No,No,Same Day,5,15,Monthly,16-04-2024
102487,54,Male,Bhopal,Books,Programming Book,970.62,4,Credit Card,Summer,No,No,No,Express,4.2,13,Weekly,02-02-2024
102488,63,Female,Coimbatore,Home Decor,Vase,5618.35,1,Credit Card,Winter,No,No,No,Express,5,14,Yearly,11-12-2025
102489,67,Male,Pune,Footwear,Flip Flops,6051.83,5,Net Banking,Autumn,No,No,No,Same Day,4.5,17,Weekly,01-10-2025
102490,61,Female,Indore,Sports,Football,2964.97,2,UPI,Autumn,Yes,Yes,No,Standard,4.8,9,Yearly,02-03-2025
102491,49,Male,Nagpur,Beauty,Lipstick,2500.43,4,Net Banking,Autumn,No,No,No,Express,3.1,11,Weekly,04-10-2024
102492,44,Male,Delhi,Home Decor,Lamp,1659.12,1,UPI,Winter,Yes,Yes,Yes,Express,3.9,25,Weekly,31-03-2025
102493,29,Female,Jaipur,Books,Biography,596.2,2,Debit Card,Autumn,No,No,No,Same Day,4.0,16,Monthly,18-01-2025
102494,69,Female,Kochi,Clothing,Hoodie,3339.81,3,Debit Card,Winter,No,No,No,Same Day,3.6,15,Quarterly,04-06-2025
102495,48,Male,Bengaluru,Books,Comics,2138.89,3,Credit Card,Summer,No,No,No,Express,3.8,7,Yearly,10-12-2025
102496,67,Male,Nagpur,Books,Programming Book,901.32,2,UPI,Autumn,Yes,Yes,Yes,Standard,3.7,28,Monthly,24-12-2024
102497,61,Female,Nagpur,Sports,Football,6006.3,2,Cash,Spring,Yes,Yes,Yes,Express,4.4,15,Yearly,12-08-2025
102498,38,Male,Kochi,Books,Novel,2215.03,3,Credit Card,Winter,No,No,No,Standard,4.4,6,Weekly,05-12-2025
102499,44,Female,Bhopal,Home Decor,Curtains,1072.31,2,Cash,Spring,Yes,No,No,Standard,4.2,20,Weekly,09-02-2025
102500,48,Male,Lucknow,Beauty,Shampoo,1371.92,3,Cash,Winter,Yes,Yes,Yes,Same Day,3.8,40,Monthly,31-10-2025
102501,24,Female,Indore,Electronics,Camera,5656.29,2,Cash,Spring,Yes,Yes,Yes,Standard,4.2,47,Yearly,19-08-2024
102502,63,Female,Bhopal,Clothing,Jeans,2475.74,4,Debit Card,Autumn,No,No,Yes,Same Day,5.0,11,Weekly,28-11-2024
102503,25,Female,Vijayawada,Beauty,Face Wash,977.11,3,Credit Card,Summer,No,No,Yes,Same Day,4.2,48,Yearly,17-07-2025
102504,20,Female,Coimbatore,Electronics,Tablet,9487.03,1,Credit Card,Winter,Yes,No,No,Express,3.1,2,Yearly,30-10-2024
102505,19,Female,Hyderabad,Grocery,Coffee,2483.68,3,Debit Card,Winter,Yes,Yes,No,Standard,3.4,4,Quarterly,06-02-2024
102506,30,Female,Vijayawada,Sports,Tennis Racket,7324.44,5,Net Banking,Winter,Yes,Yes,No,Same Day,5,8,Monthly,21-11-2024
102507,20,Female,Pune,Sports,Tennis Racket,4548.93,3,UPI,Autumn,Yes,Yes,Yes,Standard,3.4,33,Yearly,12-12-2025
102508,51,Female,Vijayawada,Grocery,Rice,969.52,1,Credit Card,Winter,No,No,No,Standard,4.3,6,Quarterly,14-09-2024
102509,49,Female,Pune,Grocery,Snacks,457.6,3,Cash,Spring,No,No,No,Express,4.1,2,Quarterly,01-06-2024
102510,34,Female,Bengaluru,Sports,Yoga Mat,9104.37,5,UPI,Spring,Yes,Yes,Yes,Standard,4.7,17,Quarterly,24-06-2025
102511,35,Male,Patna,Clothing,Jeans,3204.91,3,Credit Card,Winter,Yes,Yes,No,Express,3.4,14,Weekly,19-05-2024
102512,51,Male,Lucknow,Sports,Tennis Racket,6567.83,5,Net Banking,Spring,Yes,No,Yes,Express,3.9,46,Weekly,13-07-2025
102513,39,Male,Patna,Clothing,Jacket,4274.82,1,UPI,Autumn,Yes,No,Yes,Express,5.0,21,Quarterly,18-10-2025
102514,33,Male,Mumbai,Sports,Tennis Racket,5402.44,4,Net Banking,Autumn,Yes,Yes,No,Express,4.1,20,Weekly,20-05-2024
102515,46,Female,Ahmedabad,Clothing,Jeans,1148.84,1,Credit Card,Autumn,No,No,No,Same Day,3.9,9,Monthly,22-02-2024
102516,34,Female,Mysuru,Books,Science Book,418.42,2,Cash,Spring,No,No,No,Same Day,4.2,17,Monthly,01-01-2024
102517,41,Female,Indore,Beauty,Face Wash,1587.22,1,Cash,Winter,No,No,Yes,Express,3.2,24,Weekly,04-08-2024
102518,33,Female,Jaipur,Electronics,Tablet,17984.91,4,Debit Card,Autumn,Yes,Yes,No,Standard,4.3,19,Yearly,27-05-2024
102519,32,Male,Nagpur,Grocery,Oil,2491.2,3,Net Banking,Winter,No,No,No,Express,4.2,4,Yearly,11-04-2024
102520,38,Female,Mumbai,Beauty,Shampoo,1611.16,1,Debit Card,Summer,No,No,No,Same Day,5,11,Monthly,15-11-2024
102521,35,Male,Nagpur,Electronics,Headphones,15299.16,3,Net Banking,Spring,No,No,Yes,Same Day,4.5,25,Yearly,16-01-2025
102522,56,Female,Delhi,Sports,Tennis Racket,11460.97,4,Credit Card,Summer,No,No,Yes,Standard,4.7,31,Yearly,05-07-2025
102523,25,Male,Mysuru,Beauty,Lipstick,2270.68,3,Debit Card,Winter,Yes,No,No,Same Day,4.6,15,Weekly,13-06-2024
102524,61,Male,Kochi,Footwear,Flip Flops,1518.65,3,Debit Card,Spring,No,No,Yes,Standard,3.4,37,Yearly,07-11-2025
102525,35,Male,Jaipur,Home Decor,Wall Art,4270.15,5,UPI,Spring,No,No,No,Same Day,4.5,11,Weekly,25-06-2025
102526,45,Female,Nagpur,Sports,Dumbbells,11548.66,3,Cash,Winter,No,No,No,Same Day,5,18,Monthly,22-02-2024
102527,50,Female,Kolkata,Clothing,T-Shirt,3837.56,5,Credit Card,Winter,Yes,Yes,No,Standard,4.4,1,Yearly,25-04-2025
102528,65,Female,Delhi,Books,Comics,549.81,2,Net Banking,Summer,Yes,No,No,Same Day,3.5,20,Monthly,17-05-2024
102529,67,Male,Coimbatore,Home Decor,Curtains,2900.27,3,Cash,Autumn,No,No,No,Standard,4.3,15,Quarterly,10-07-2024
102530,45,Male,Kolkata,Clothing,T-Shirt,3699.39,2,Net Banking,Summer,No,No,No,Same Day,4.4,9,Yearly,29-12-2025
102531,66,Female,Coimbatore,Books,Comics,995.26,5,Net Banking,Summer,Yes,No,No,Express,3.7,9,Quarterly,02-04-2025
102532,64,Male,Vijayawada,Books,Novel,649.73,3,Credit Card,Summer,No,No,No,Same Day,3.4,18,Weekly,02-06-2024
102533,63,Female,Vijayawada,Grocery,Coffee,2385.59,4,Cash,Winter,No,No,No,Same Day,4.1,13,Yearly,08-08-2024
102534,67,Female,Vijayawada,Sports,Football,2312.76,1,UPI,Autumn,Yes,No,No,Same Day,4.0,18,Yearly,26-06-2024
102535,31,Female,Nagpur,Beauty,Perfume,1798.65,2,Cash,Summer,Yes,Yes,No,Same Day,4.8,1,Quarterly,26-10-2024
102536,58,Male,Delhi,Books,Programming Book,295.73,5,UPI,Spring,No,No,No,Standard,3.9,15,Weekly,18-09-2024
102537,43,Male,Lucknow,Footwear,Flip Flops,1240.58,4,Debit Card,Autumn,No,No,No,Standard,4.2,13,Weekly,01-08-2025
102538,18,Male,Hyderabad,Sports,Dumbbells,8787.53,3,Net Banking,Winter,No,No,Yes,Standard,4.9,50,Quarterly,09-06-2024
102539,62,Female,Kochi,Footwear,Running Shoes,2902.3,2,Net Banking,Autumn,Yes,No,No,Same Day,4.2,20,Quarterly,27-04-2024
102540,22,Male,Visakhapatnam,Books,Novel,2195.45,3,Credit Card,Summer,No,No,No,Express,4.3,4,Monthly,18-03-2025
102541,31,Female,Delhi,Books,Science Book,1123.01,3,Net Banking,Winter,No,No,No,Express,4.9,15,Weekly,02-11-2024
102542,48,Male,Pune,Books,Comics,2201.77,1,Cash,Spring,No,No,Yes,Same Day,4.4,8,Weekly,07-05-2025
102543,49,Female,Nagpur,Home Decor,Carpet,1163.9,1,Cash,Spring,No,No,No,Standard,4.1,13,Yearly,09-03-2025
102544,42,Female,Delhi,Beauty,Lipstick,2674.02,3,Net Banking,Winter,No,No,Yes,Same Day,4.6,30,Yearly,16-05-2025
102545,66,Male,Bengaluru,Beauty,Perfume,2051.32,2,Net Banking,Summer,No,No,No,Same Day,3.4,15,Yearly,01-10-2024
102546,58,Male,Bhopal,Sports,Football,8306.01,2,UPI,Winter,Yes,Yes,Yes,Standard,3.7,32,Yearly,07-12-2024
102547,20,Female,Chennai,Sports,Yoga Mat,7850.93,3,Cash,Winter,No,No,Yes,Standard,4.4,45,Yearly,24-07-2024
102548,21,Female,Chennai,Sports,Cricket Bat,5155.02,1,Cash,Winter,No,No,No,Same Day,4.2,3,Weekly,03-11-2024
102549,66,Male,Nagpur,Clothing,T-Shirt,3868.81,2,Net Banking,Winter,Yes,No,Yes,Express,4.7,49,Monthly,01-09-2025
102550,21,Female,Indore,Grocery,Snacks,885.86,5,Net Banking,Spring,Yes,Yes,No,Express,4.0,12,Weekly,05-07-2024
102551,29,Female,Hyderabad,Sports,Tennis Racket,1355.81,2,Net Banking,Summer,Yes,No,No,Standard,4.4,3,Monthly,11-05-2024
102552,44,Male,Pune,Sports,Tennis Racket,1520.59,4,Net Banking,Autumn,No,No,No,Standard,3.3,15,Quarterly,26-05-2025
102553,51,Female,Pune,Books,Novel,1825.87,3,UPI,Autumn,No,No,No,Express,4.2,19,Quarterly,10-12-2024
102554,52,Female,Patna,Footwear,Sandals,3788.55,1,Cash,Summer,Yes,Yes,Yes,Standard,3.6,31,Monthly,31-05-2024
102555,46,Female,Mumbai,Footwear,Flip Flops,3059.76,2,Debit Card,Winter,Yes,Yes,No,Express,3.9,7,Quarterly,25-05-2025
102556,27,Male,Mumbai,Home Decor,Carpet,4621.69,1,Net Banking,Autumn,Yes,Yes,Yes,Same Day,4.2,31,Weekly,22-06-2025
102557,70,Female,Hyderabad,Electronics,Headphones,19943.48,3,Net Banking,Spring,No,No,No,Same Day,4.8,12,Weekly,02-01-2024
102558,55,Male,Coimbatore,Sports,Dumbbells,6751.57,5,Cash,Winter,Yes,Yes,No,Standard,4.2,8,Yearly,11-10-2025
102559,32,Female,Coimbatore,Home Decor,Carpet,2823.31,5,Cash,Summer,No,No,No,Standard,4.8,7,Monthly,08-06-2024
102560,40,Male,Pune,Sports,Cricket Bat,3248.06,3,Credit Card,Winter,No,No,No,Standard,4.0,19,Quarterly,16-11-2024
102561,18,Female,Hyderabad,Electronics,Tablet,10049.97,2,Cash,Spring,No,No,No,Same Day,3.1,3,Yearly,16-06-2024
102562,33,Female,Bhopal,Clothing,Jacket,572.34,5,Debit Card,Spring,No,No,No,Same Day,4.3,18,Weekly,25-03-2025
102563,57,Female,Surat,Home Decor,Carpet,3304.77,5,Cash,Autumn,Yes,Yes,No,Same Day,4.2,7,Quarterly,01-11-2025
102564,57,Female,Ahmedabad,Grocery,Tea,807.08,5,Cash,Spring,No,No,Yes,Express,3.4,15,Monthly,01-08-2025
102565,48,Female,Kolkata,Grocery,Oil,1208.75,2,UPI,Summer,No,No,Yes,Standard,3.6,24,Yearly,13-01-2025
102566,54,Female,Lucknow,Sports,Football,4981.1,5,Net Banking,Summer,Yes,Yes,No,Standard,4.2,19,Monthly,31-08-2025
102567,36,Female,Mumbai,Electronics,Camera,13763.0,4,Debit Card,Autumn,Yes,Yes,No,Express,5.0,1,Weekly,08-08-2025
102568,60,Female,Mumbai,Beauty,Perfume,2945.89,2,Net Banking,Summer,Yes,Yes,Yes,Standard,4.4,19,Weekly,20-02-2025
102569,41,Female,Lucknow,Grocery,Oil,2345.22,5,Net Banking,Spring,No,No,Yes,Same Day,3.5,20,Monthly,21-12-2025
102570,53,Female,Lucknow,Clothing,Dress,3348.02,5,Net Banking,Summer,No,No,No,Same Day,4.8,0,Yearly,13-07-2024
102571,47,Male,Vijayawada,Books,Programming Book,1692.76,5,Credit Card,Winter,No,No,Yes,Express,3.6,45,Yearly,30-05-2025
102572,36,Female,Indore,Grocery,Coffee,1722.05,4,Credit Card,Winter,No,No,No,Standard,4.5,1,Weekly,03-12-2025
102573,27,Female,Indore,Clothing,T-Shirt,1164.72,5,Credit Card,Autumn,Yes,Yes,No,Express,4.1,19,Quarterly,17-11-2025
102574,38,Male,Vijayawada,Clothing,Hoodie,2980.16,4,Credit Card,Autumn,Yes,Yes,No,Same Day,4.3,15,Quarterly,20-07-2025
102575,20,Female,Hyderabad,Clothing,Hoodie,2726.8,3,Credit Card,Spring,No,No,No,Express,4.4,17,Yearly,25-05-2024
102576,20,Female,Hyderabad,Sports,Tennis Racket,4711.05,2,UPI,Winter,No,No,Yes,Same Day,4.7,47,Yearly,04-04-2025
102577,33,Female,Hyderabad,Footwear,Sneakers,5916.05,2,Cash,Autumn,Yes,Yes,No,Standard,3.2,17,Monthly,24-04-2024
102578,33,Male,Kochi,Home Decor,Vase,4224.39,5,UPI,Autumn,Yes,Yes,Yes,Same Day,4.5,13,Monthly,04-02-2024
102579,67,Male,Kochi,Sports,Tennis Racket,5762.11,2,Net Banking,Winter,Yes,No,Yes,Express,3.9,40,Yearly,01-05-2025
102580,46,Male,Lucknow,Books,Science Book,903.87,1,Debit Card,Winter,No,No,No,Express,4.6,11,Monthly,28-12-2024
102581,69,Male,Hyderabad,Electronics,Tablet,17563.65,3,Debit Card,Winter,No,No,Yes,Standard,4.3,29,Quarterly,03-01-2025
102582,19,Female,Chennai,Books,Biography,1082.16,4,Debit Card,Summer,Yes,No,Yes,Standard,4.8,9,Yearly,23-01-2025
102583,70,Male,Chennai,Electronics,Headphones,11865.53,3,Cash,Winter,No,No,No,Standard,4.2,13,Quarterly,27-03-2025
102584,59,Male,Delhi,Grocery,Rice,1640.24,1,Cash,Spring,Yes,Yes,Yes,Same Day,4.6,27,Yearly,13-11-2024
102585,65,Male,Kolkata,Home Decor,Vase,4794.51,4,Credit Card,Summer,No,No,Yes,Express,4.1,35,Monthly,07-11-2024
102586,51,Male,Kolkata,Grocery,Coffee,1003.8,3,Credit Card,Autumn,No,No,No,Express,4.5,3,Yearly,15-02-2025
102587,34,Female,Visakhapatnam,Beauty,Shampoo,1856.75,5,UPI,Autumn,No,No,Yes,Same Day,5,10,Yearly,22-05-2025
102588,42,Male,Coimbatore,Footwear,Boots,1020.86,5,Net Banking,Winter,No,No,Yes,Standard,4.0,8,Weekly,24-05-2025
102589,44,Male,Kolkata,Electronics,Headphones,22866.36,2,Net Banking,Autumn,No,No,No,Express,3.6,3,Weekly,08-01-2025
102590,27,Female,Coimbatore,Electronics,Laptop,9632.68,2,Debit Card,Summer,Yes,Yes,No,Express,3.7,10,Weekly,10-05-2024
102591,28,Female,Nagpur,Books,Programming Book,2031.51,5,Debit Card,Winter,Yes,No,No,Express,3.8,14,Yearly,02-05-2024
102592,67,Female,Mumbai,Books,Biography,2348.88,1,Debit Card,Summer,No,No,No,Express,4.7,2,Weekly,28-09-2024
102593,34,Male,Indore,Home Decor,Carpet,1356.52,3,Debit Card,Autumn,Yes,No,Yes,Same Day,3.8,34,Monthly,05-09-2025
102594,54,Male,Kolkata,Sports,Tennis Racket,11238.7,4,Net Banking,Spring,Yes,Yes,Yes,Express,3.5,31,Yearly,14-03-2025
102595,46,Male,Mysuru,Footwear,Sneakers,3170.71,3,Credit Card,Autumn,No,No,No,Standard,4.5,17,Weekly,22-12-2025
102596,66,Female,Hyderabad,Books,Science Book,2042.7,4,UPI,Summer,Yes,Yes,No,Express,3.5,3,Monthly,16-10-2024
102597,70,Female,Delhi,Footwear,Boots,5936.07,2,Net Banking,Autumn,Yes,Yes,No,Standard,4.5,12,Weekly,10-01-2024
102598,48,Female,Hyderabad,Grocery,Coffee,1045.92,5,Net Banking,Spring,Yes,Yes,No,Same Day,3.8,20,Quarterly,24-10-2025
102599,31,Female,Bengaluru,Footwear,Sneakers,5061.28,2,Net Banking,Summer,Yes,Yes,No,Express,4.0,15,Monthly,04-06-2024
102600,26,Female,Coimbatore,Sports,Dumbbells,11057.97,4,Cash,Autumn,Yes,No,Yes,Express,4.2,23,Quarterly,02-06-2025
102601,52,Female,Coimbatore,Clothing,Dress,3886.53,5,Credit Card,Autumn,No,No,No,Express,3.9,9,Weekly,25-07-2024
102602,64,Female,Kochi,Sports,Dumbbells,6451.9,5,UPI,Autumn,Yes,No,Yes,Standard,4.0,39,Yearly,26-10-2025
102603,20,Male,Chennai,Sports,Dumbbells,5244.52,2,UPI,Winter,No,No,No,Express,3.8,6,Quarterly,12-02-2024
102604,38,Male,Surat,Beauty,Shampoo,244.03,4,Cash,Autumn,Yes,Yes,No,Same Day,3.9,7,Weekly,10-06-2024
102605,56,Male,Surat,Beauty,Moisturizer,1679.82,5,Debit Card,Summer,No,No,Yes,Standard,4.5,11,Monthly,30-07-2025
102606,34,Male,Lucknow,Books,Comics,1554.55,1,UPI,Winter,No,No,No,Express,4.5,11,Weekly,27-05-2025
102607,20,Male,Kochi,Sports,Cricket Bat,11023.91,2,Credit Card,Autumn,Yes,Yes,Yes,Express,3.6,32,Monthly,10-12-2024
102608,45,Male,Kolkata,Clothing,Hoodie,2018.08,4,Credit Card,Spring,No,No,No,Standard,4.0,4,Quarterly,03-02-2024
102609,49,Male,Bhopal,Clothing,Jacket,1111.77,5,Net Banking,Spring,No,No,No,Standard,3.6,19,Quarterly,07-07-2024
102610,44,Male,Bhopal,Sports,Tennis Racket,7040.11,2,UPI,Autumn,Yes,Yes,No,Standard,3.9,11,Yearly,19-08-2024
102611,30,Male,Visakhapatnam,Books,Biography,1643.02,5,Credit Card,Spring,Yes,Yes,Yes,Standard,3.7,37,Yearly,30-06-2024
102612,36,Female,Jaipur,Sports,Football,6553.06,3,Cash,Summer,Yes,Yes,No,Standard,4.9,20,Monthly,21-06-2024
102613,27,Male,Pune,Books,Biography,554.16,4,Credit Card,Autumn,No,No,No,Express,4.6,10,Monthly,17-07-2025
102614,50,Female,Jaipur,Home Decor,Carpet,2357.74,3,Cash,Spring,Yes,Yes,No,Standard,4.3,11,Yearly,06-10-2025
102615,51,Male,Nagpur,Footwear,Boots,6006.31,3,Debit Card,Spring,Yes,No,No,Express,4.4,6,Monthly,06-07-2025
102616,20,Male,Visakhapatnam,Books,Science Book,510.03,2,UPI,Spring,No,No,Yes,Standard,3.8,39,Quarterly,24-08-2025
102617,61,Female,Vijayawada,Electronics,Tablet,13410.49,1,UPI,Spring,Yes,No,Yes,Standard,4.2,23,Monthly,01-08-2024
102618,42,Male,Vijayawada,Grocery,Oil,676.26,4,Debit Card,Summer,Yes,Yes,Yes,Express,4.3,35,Yearly,20-08-2024
102619,27,Male,Mumbai,Beauty,Lipstick,221.84,4,UPI,Winter,Yes,Yes,No,Standard,3.7,9,Quarterly,21-04-2025
102620,58,Female,Hyderabad,Home Decor,Lamp,3458.25,5,UPI,Spring,No,No,Yes,Express,3.8,15,Yearly,27-03-2025
102621,41,Female,Chennai,Beauty,Perfume,1521.16,4,Credit Card,Autumn,No,No,Yes,Standard,4.2,34,Weekly,02-06-2024
102622,24,Male,Bhopal,Footwear,Flip Flops,3309.54,4,UPI,Summer,No,No,No,Express,4.6,12,Monthly,16-07-2024
102623,20,Female,Nagpur,Grocery,Tea,396.54,3,Credit Card,Summer,Yes,Yes,No,Standard,4.0,9,Yearly,11-12-2025
102624,51,Male,Bhopal,Grocery,Oil,2076.05,5,Credit Card,Spring,Yes,Yes,No,Express,3.2,3,Weekly,20-11-2024
102625,25,Male,Jaipur,Clothing,T-Shirt,3657.73,5,Debit Card,Autumn,No,No,Yes,Express,4.7,18,Weekly,19-11-2025
102626,63,Female,Chennai,Beauty,Moisturizer,1805.42,1,Cash,Winter,No,No,Yes,Same Day,4.1,38,Quarterly,13-11-2024
102627,70,Male,Visakhapatnam,Grocery,Milk,784.58,1,UPI,Winter,No,No,Yes,Express,4.4,30,Weekly,31-01-2025
102628,46,Male,Patna,Clothing,Jeans,1497.45,1,Net Banking,Spring,Yes,Yes,No,Express,4.1,1,Monthly,31-01-2024
102629,34,Male,Hyderabad,Beauty,Perfume,378.22,1,Debit Card,Autumn,Yes,No,No,Standard,4.4,12,Yearly,20-07-2025
102630,31,Female,Pune,Footwear,Boots,2608.63,1,UPI,Autumn,No,No,Yes,Express,3.4,34,Quarterly,25-10-2024
102631,21,Female,Jaipur,Sports,Dumbbells,2214.51,1,UPI,Winter,Yes,Yes,Yes,Same Day,4.2,41,Quarterly,10-04-2024
102632,45,Female,Lucknow,Grocery,Snacks,537.78,4,Debit Card,Winter,No,No,Yes,Express,4.4,25,Quarterly,11-07-2024
102633,38,Male,Kochi,Beauty,Lipstick,294.45,3,Debit Card,Spring,No,No,No,Standard,4.1,8,Weekly,17-08-2024
102634,66,Male,Nagpur,Home Decor,Carpet,3396.93,1,Cash,Winter,No,No,No,Same Day,3.9,7,Quarterly,08-04-2025
102635,24,Female,Ahmedabad,Sports,Football,7953.73,4,Debit Card,Winter,Yes,Yes,Yes,Standard,4.3,41,Quarterly,01-11-2025
102636,24,Female,Surat,Books,Biography,1986.47,2,Debit Card,Summer,No,No,No,Standard,5.0,19,Yearly,23-11-2024
102637,65,Male,Surat,Electronics,Tablet,11549.48,4,Net Banking,Winter,Yes,Yes,No,Express,3.7,18,Quarterly,22-06-2024
102638,54,Male,Surat,Electronics,Tablet,6348.42,3,Cash,Summer,Yes,Yes,No,Express,3.6,11,Yearly,01-06-2025
102639,29,Female,Chennai,Electronics,Smart Watch,13520.42,1,UPI,Autumn,No,No,No,Express,4.9,19,Yearly,30-06-2024
102640,65,Male,Bhopal,Books,Comics,1380.18,2,UPI,Spring,Yes,No,No,Standard,4.4,19,Weekly,16-04-2025
102641,28,Male,Kolkata,Grocery,Snacks,2397.81,2,Debit Card,Winter,Yes,No,Yes,Express,3.7,43,Monthly,15-06-2025
102642,62,Male,Ahmedabad,Grocery,Tea,411.44,3,Credit Card,Winter,No,No,Yes,Same Day,4.2,19,Yearly,12-07-2024
102643,34,Male,Mumbai,Footwear,Sandals,4960.27,3,Credit Card,Spring,Yes,Yes,Yes,Same Day,4.2,39,Monthly,07-05-2025
102644,57,Female,Delhi,Home Decor,Lamp,2251.56,3,Net Banking,Summer,No,No,No,Same Day,4.3,16,Quarterly,19-08-2024
102645,56,Male,Bhopal,Electronics,Headphones,10907.67,2,Cash,Summer,No,No,No,Express,3.7,17,Monthly,17-06-2025
102646,33,Female,Mumbai,Clothing,Kurta,958.9,1,Credit Card,Summer,Yes,Yes,No,Standard,3.9,2,Weekly,31-01-2024
102647,54,Female,Surat,Books,Science Book,2122.64,3,UPI,Summer,Yes,Yes,Yes,Standard,4.7,10,Monthly,21-08-2024
102648,38,Female,Bengaluru,Footwear,Sneakers,6629.12,5,Debit Card,Summer,No,No,No,Same Day,4.8,7,Weekly,11-09-2024
102649,46,Male,Nagpur,Books,Novel,1640.43,1,Credit Card,Spring,No,No,No,Express,4.5,11,Monthly,23-05-2024
102650,56,Male,Coimbatore,Sports,Football,1557.19,1,Net Banking,Summer,No,No,No,Standard,3.4,19,Yearly,10-07-2025
102651,67,Male,Patna,Home Decor,Wall Art,317.75,4,Debit Card,Winter,No,No,No,Same Day,4.4,17,Weekly,16-08-2024
102652,43,Male,Jaipur,Beauty,Moisturizer,2558.48,3,Debit Card,Spring,No,No,Yes,Express,3.6,24,Yearly,16-01-2024
102653,51,Male,Visakhapatnam,Electronics,Tablet,23344.39,5,UPI,Spring,Yes,No,No,Same Day,4.8,11,Monthly,01-08-2025
102654,26,Female,Nagpur,Beauty,Shampoo,1547.49,5,Credit Card,Autumn,No,No,No,Same Day,4.3,1,Yearly,28-12-2024
102655,38,Male,Visakhapatnam,Beauty,Moisturizer,2281.81,4,UPI,Winter,Yes,Yes,Yes,Express,3.3,31,Weekly,22-10-2025
102656,22,Female,Chennai,Sports,Cricket Bat,11987.68,5,Debit Card,Autumn,Yes,Yes,No,Same Day,4.7,7,Monthly,27-01-2024
102657,34,Male,Kolkata,Beauty,Moisturizer,1565.46,5,UPI,Winter,No,No,Yes,Standard,4.3,15,Monthly,29-01-2024
102658,18,Female,Indore,Sports,Football,6594.43,1,Cash,Summer,Yes,Yes,No,Standard,3.9,18,Yearly,05-07-2024
102659,35,Female,Kolkata,Home Decor,Carpet,1140.36,3,UPI,Winter,Yes,Yes,No,Express,4.5,9,Weekly,09-12-2024
102660,25,Male,Hyderabad,Beauty,Moisturizer,2480.45,2,UPI,Autumn,No,No,No,Express,3.6,14,Weekly,27-08-2024
102661,24,Female,Patna,Grocery,Milk,2177.31,3,Debit Card,Autumn,Yes,No,No,Express,3.8,10,Weekly,02-04-2025
102662,34,Male,Indore,Home Decor,Wall Art,5453.85,3,Debit Card,Winter,No,No,No,Express,4.9,1,Quarterly,10-01-2024
102663,69,Female,Mysuru,Footwear,Sneakers,5338.83,2,UPI,Spring,No,No,Yes,Standard,4.3,33,Weekly,06-11-2024
102664,19,Male,Ahmedabad,Electronics,Tablet,20668.56,3,Cash,Autumn,Yes,Yes,No,Express,4.6,17,Quarterly,06-01-2024
102665,44,Female,Indore,Electronics,Laptop,10038.39,4,Cash,Summer,Yes,Yes,Yes,Express,4.1,26,Yearly,25-12-2024
102666,53,Male,Jaipur,Footwear,Boots,3196.79,2,Debit Card,Winter,No,No,No,Express,3.6,9,Weekly,26-03-2024
102667,65,Male,Chennai,Beauty,Shampoo,2965.67,1,Credit Card,Spring,No,No,Yes,Express,3.7,38,Quarterly,02-03-2024
102668,39,Male,Coimbatore,Clothing,Jacket,4406.08,1,Cash,Autumn,Yes,Yes,No,Standard,4.8,19,Yearly,01-12-2025
102669,64,Female,Visakhapatnam,Home Decor,Carpet,4965.78,1,UPI,Summer,No,No,No,Standard,4.1,15,Yearly,15-02-2025
102670,24,Female,Surat,Books,Novel,821.45,3,Debit Card,Winter,No,No,Yes,Same Day,4.0,27,Yearly,16-10-2024
102671,60,Male,Pune,Grocery,Milk,1369.52,1,UPI,Summer,Yes,Yes,No,Express,3.9,5,Quarterly,19-05-2025
102672,23,Female,Jaipur,Footwear,Flip Flops,6819.88,5,Debit Card,Spring,No,No,No,Standard,3.9,10,Quarterly,28-01-2025
102673,55,Male,Jaipur,Grocery,Snacks,1488.8,5,Cash,Spring,Yes,No,Yes,Same Day,5,33,Yearly,10-02-2025
102674,31,Female,Surat,Books,Programming Book,351.89,2,Debit Card,Summer,No,No,No,Express,4.0,18,Weekly,30-07-2025
102675,46,Female,Coimbatore,Clothing,Dress,2458.48,4,Cash,Winter,Yes,Yes,No,Same Day,5.0,13,Weekly,25-08-2025
102676,26,Female,Vijayawada,Clothing,Dress,3460.19,5,Credit Card,Spring,Yes,No,Yes,Express,3.9,31,Yearly,16-08-2025
102677,38,Male,Hyderabad,Books,Novel,1663.79,4,Credit Card,Winter,Yes,No,No,Express,4.6,11,Quarterly,01-04-2025
102678,46,Female,Bengaluru,Books,Programming Book,553.23,3,UPI,Spring,Yes,Yes,No,Express,4.3,3,Quarterly,15-10-2024
102679,57,Female,Coimbatore,Home Decor,Vase,4929.78,2,Debit Card,Winter,No,No,Yes,Same Day,4.3,48,Quarterly,16-07-2025
102680,59,Female,Bhopal,Home Decor,Wall Art,5670.73,4,Credit Card,Summer,No,No,Yes,Express,4.6,29,Quarterly,07-07-2024
102681,39,Male,Hyderabad,Electronics,Camera,18716.52,2,Cash,Winter,Yes,Yes,No,Standard,3.4,10,Monthly,01-05-2025
102682,49,Male,Patna,Sports,Tennis Racket,7307.97,3,Credit Card,Winter,No,No,Yes,Express,4.1,40,Weekly,28-08-2024
102683,67,Female,Kochi,Sports,Dumbbells,8431.05,3,Debit Card,Summer,Yes,Yes,No,Same Day,4.8,17,Quarterly,20-07-2024
102684,43,Male,Kochi,Grocery,Rice,1016.24,4,Cash,Winter,No,No,Yes,Same Day,3.8,38,Quarterly,22-05-2024
102685,22,Male,Bhopal,Home Decor,Carpet,1400.35,4,Net Banking,Autumn,No,No,Yes,Standard,4.7,26,Monthly,17-12-2024
102686,40,Female,Mysuru,Footwear,Boots,3701.52,1,Cash,Summer,No,No,Yes,Standard,3.6,32,Weekly,04-05-2025
102687,37,Male,Delhi,Electronics,Laptop,9170.01,4,Debit Card,Summer,Yes,No,No,Standard,4.5,6,Monthly,12-10-2024
102688,61,Female,Mysuru,Home Decor,Lamp,3795.08,1,Credit Card,Autumn,No,No,No,Express,3.7,2,Quarterly,10-02-2024
102689,56,Male,Ahmedabad,Beauty,Lipstick,1417.01,3,Net Banking,Autumn,Yes,Yes,No,Standard,4.9,17,Weekly,12-07-2024
102690,56,Female,Kochi,Beauty,Shampoo,2103.93,5,Debit Card,Summer,No,No,No,Standard,4.1,1,Quarterly,12-07-2024
102691,51,Female,Bhopal,Beauty,Moisturizer,878.54,4,Credit Card,Autumn,No,No,No,Same Day,3.4,9,Weekly,06-09-2024
102692,26,Male,Coimbatore,Electronics,Camera,16509.1,1,Cash,Summer,No,No,Yes,Express,3.9,36,Weekly,03-12-2024
102693,27,Female,Jaipur,Grocery,Oil,1753.82,5,Credit Card,Winter,No,No,Yes,Standard,3.7,36,Yearly,25-12-2025
102694,51,Female,Mysuru,Books,Comics,428.33,2,Net Banking,Winter,No,No,No,Express,4.6,16,Monthly,02-06-2025
102695,21,Female,Hyderabad,Books,Programming Book,1247.01,2,Net Banking,Winter,Yes,Yes,Yes,Same Day,4.7,42,Monthly,15-10-2024
102696,27,Male,Jaipur,Clothing,Hoodie,590.84,1,UPI,Winter,Yes,Yes,Yes,Standard,4.1,22,Weekly,17-05-2024
102697,29,Female,Indore,Home Decor,Curtains,2795.48,1,Debit Card,Winter,No,No,No,Standard,4.3,7,Weekly,19-08-2025
102698,19,Male,Lucknow,Beauty,Perfume,1631.24,3,Cash,Winter,No,No,Yes,Standard,3.8,12,Weekly,12-08-2024
102699,62,Female,Ahmedabad,Books,Novel,1526.26,1,Cash,Autumn,No,No,No,Express,5,2,Monthly,07-01-2024
102700,56,Female,Bengaluru,Footwear,Sneakers,1225.59,1,UPI,Autumn,Yes,Yes,No,Same Day,3.9,14,Monthly,27-02-2025
102701,28,Male,Ahmedabad,Footwear,Sneakers,797.97,1,Cash,Spring,No,No,No,Standard,3.8,17,Yearly,16-02-2025
102702,35,Male,Lucknow,Electronics,Smartphone,15849.71,1,Debit Card,Winter,No,No,No,Standard,4.1,10,Weekly,24-07-2025
102703,65,Male,Chennai,Electronics,Laptop,19154.63,5,Debit Card,Winter,Yes,No,No,Standard,4.3,10,Yearly,06-09-2025
102704,56,Female,Kochi,Beauty,Perfume,339.12,3,Debit Card,Autumn,No,No,No,Express,3.9,15,Monthly,20-11-2024
102705,34,Male,Bhopal,Books,Science Book,1578.99,3,Net Banking,Winter,Yes,Yes,Yes,Standard,4.4,25,Quarterly,21-09-2024
102706,24,Male,Jaipur,Clothing,Hoodie,3027.91,1,Cash,Spring,No,No,No,Express,3.4,15,Weekly,18-03-2024
102707,49,Female,Lucknow,Books,Science Book,2247.07,3,Debit Card,Autumn,Yes,Yes,No,Standard,5,15,Quarterly,20-05-2024
102708,19,Male,Indore,Home Decor,Curtains,5133.88,1,Debit Card,Spring,No,No,No,Standard,3.6,15,Yearly,16-11-2025
102709,46,Male,Jaipur,Sports,Cricket Bat,2401.37,1,Cash,Spring,No,No,No,Express,4.8,8,Weekly,31-03-2025
102710,22,Female,Kolkata,Sports,Tennis Racket,5570.48,5,Cash,Summer,Yes,Yes,Yes,Same Day,5,49,Monthly,02-09-2025
102711,38,Female,Mumbai,Books,Programming Book,2197.48,1,Debit Card,Spring,No,No,No,Standard,4.4,3,Weekly,05-12-2025
102712,52,Male,Hyderabad,Books,Science Book,2273.03,4,Net Banking,Autumn,No,No,No,Standard,3.7,3,Quarterly,11-01-2025
102713,48,Female,Bengaluru,Grocery,Tea,1196.98,4,Credit Card,Spring,No,No,No,Same Day,4.1,16,Monthly,20-07-2025
102714,58,Male,Mumbai,Beauty,Perfume,1214.66,4,Credit Card,Autumn,Yes,Yes,No,Same Day,3.3,3,Yearly,01-07-2025
102715,35,Male,Surat,Beauty,Face Wash,2098.04,1,Credit Card,Spring,No,No,No,Express,3.4,14,Quarterly,05-12-2025
102716,52,Male,Chennai,Books,Programming Book,646.82,2,Debit Card,Winter,No,No,No,Standard,3.7,17,Weekly,28-06-2025
102717,52,Male,Delhi,Beauty,Moisturizer,1201.49,1,UPI,Winter,No,No,Yes,Same Day,4.3,8,Yearly,03-09-2024
102718,57,Female,Mysuru,Books,Novel,487.62,1,Cash,Winter,No,No,Yes,Express,4.3,31,Weekly,22-03-2025
102719,40,Female,Visakhapatnam,Sports,Cricket Bat,5120.52,1,Credit Card,Autumn,No,No,No,Standard,4.7,12,Yearly,11-07-2024
102720,20,Male,Bhopal,Footwear,Sneakers,4571.0,1,Net Banking,Winter,Yes,Yes,No,Same Day,4.1,5,Yearly,28-07-2024
102721,58,Female,Mumbai,Books,Novel,1948.01,1,UPI,Winter,No,No,No,Express,4.0,17,Quarterly,03-09-2024
102722,69,Female,Kochi,Beauty,Lipstick,203.67,5,Net Banking,Winter,Yes,Yes,No,Standard,4.6,8,Yearly,09-10-2024
102723,57,Male,Lucknow,Beauty,Moisturizer,2293.21,2,UPI,Autumn,Yes,Yes,No,Express,4.8,0,Weekly,12-06-2024
102724,18,Male,Lucknow,Books,Programming Book,2322.55,1,UPI,Autumn,No,No,Yes,Express,4.3,15,Quarterly,01-11-2024
102725,52,Female,Pune,Books,Biography,1340.61,1,Cash,Summer,No,No,No,Same Day,4.4,16,Weekly,31-03-2025
102726,52,Female,Chennai,Footwear,Boots,2713.5,3,UPI,Spring,Yes,Yes,Yes,Standard,4.6,19,Quarterly,09-06-2024
102727,48,Female,Hyderabad,Home Decor,Carpet,4401.46,1,Credit Card,Spring,No,No,Yes,Same Day,4.1,36,Weekly,02-01-2025
102728,70,Male,Nagpur,Clothing,Jacket,1662.31,1,Debit Card,Autumn,No,No,Yes,Standard,4.0,9,Quarterly,14-03-2025
102729,62,Male,Bhopal,Beauty,Face Wash,1772.92,5,Debit Card,Winter,No,No,No,Standard,3.2,4,Monthly,13-02-2024
102730,42,Male,Indore,Footwear,Boots,3300.49,4,UPI,Winter,No,No,Yes,Standard,4.1,21,Monthly,04-11-2024
102731,57,Male,Delhi,Clothing,Jeans,3403.31,5,UPI,Summer,No,No,No,Express,3.9,19,Monthly,17-03-2025
102732,30,Male,Jaipur,Home Decor,Curtains,5436.43,3,Net Banking,Autumn,No,No,No,Express,4.5,11,Yearly,19-07-2025
102733,24,Female,Bhopal,Clothing,Jacket,3655.58,1,Net Banking,Winter,No,No,Yes,Same Day,3.7,42,Yearly,21-08-2024
102734,31,Male,Kolkata,Beauty,Lipstick,2136.21,5,Credit Card,Spring,Yes,No,Yes,Same Day,4.0,8,Yearly,05-01-2024
102735,18,Male,Jaipur,Footwear,Boots,2244.5,5,Cash,Winter,Yes,Yes,Yes,Express,3.6,50,Yearly,29-10-2025
102736,48,Female,Kochi,Footwear,Running Shoes,1975.98,5,UPI,Autumn,No,No,Yes,Standard,4.1,18,Yearly,17-07-2024
102737,20,Female,Hyderabad,Electronics,Headphones,6867.35,5,Net Banking,Summer,Yes,No,No,Express,4.0,4,Yearly,05-01-2025
102738,50,Female,Visakhapatnam,Clothing,Dress,2316.94,5,Credit Card,Spring,Yes,Yes,No,Express,4.2,12,Yearly,12-01-2024
102739,50,Male,Pune,Electronics,Smart Watch,14726.87,1,Debit Card,Summer,No,No,No,Express,4.6,12,Yearly,26-11-2024
102740,56,Male,Pune,Electronics,Smart Watch,17625.92,1,Net Banking,Winter,No,No,No,Same Day,4.9,2,Yearly,09-01-2024
102741,34,Male,Mysuru,Beauty,Lipstick,1728.99,3,Debit Card,Autumn,No,No,Yes,Same Day,4.8,11,Weekly,05-10-2024
102742,62,Female,Delhi,Beauty,Face Wash,1283.29,2,UPI,Summer,No,No,Yes,Standard,4.1,28,Weekly,08-03-2025
102743,56,Female,Jaipur,Sports,Dumbbells,3292.79,1,Net Banking,Winter,No,No,Yes,Same Day,3.3,28,Monthly,31-03-2025
102744,65,Female,Hyderabad,Footwear,Boots,2510.19,1,Debit Card,Autumn,Yes,Yes,No,Express,3.9,7,Weekly,28-08-2024
102745,25,Female,Lucknow,Books,Biography,1122.32,2,Debit Card,Winter,No,No,No,Same Day,3.2,9,Quarterly,09-09-2024
102746,69,Male,Indore,Beauty,Lipstick,2017.98,5,Cash,Winter,Yes,Yes,No,Express,3.4,17,Monthly,02-02-2024
102747,63,Female,Ahmedabad,Home Decor,Lamp,5412.21,1,Debit Card,Winter,No,No,No,Express,3.8,14,Monthly,29-04-2024
102748,39,Female,Delhi,Books,Comics,841.89,5,Cash,Winter,Yes,Yes,No,Express,5,13,Monthly,16-09-2025
102749,44,Female,Mysuru,Footwear,Flip Flops,2409.24,4,UPI,Spring,Yes,No,No,Express,4.6,14,Monthly,13-06-2025
102750,60,Male,Kolkata,Footwear,Running Shoes,4581.73,2,Net Banking,Winter,No,No,No,Standard,4.2,7,Monthly,01-01-2025
102751,45,Male,Bengaluru,Home Decor,Carpet,1591.94,4,Debit Card,Winter,Yes,Yes,No,Express,4.1,13,Quarterly,24-07-2024
102752,32,Female,Hyderabad,Books,Novel,1706.94,1,UPI,Spring,Yes,Yes,No,Standard,4.1,18,Yearly,26-02-2025
102753,45,Male,Jaipur,Home Decor,Carpet,3747.75,1,Net Banking,Spring,No,No,No,Standard,4.4,1,Yearly,30-12-2024
102754,33,Male,Bengaluru,Grocery,Coffee,421.0,5,Debit Card,Winter,No,No,Yes,Standard,4.3,27,Yearly,01-11-2024
102755,39,Female,Visakhapatnam,Footwear,Sneakers,1055.94,2,Credit Card,Spring,Yes,No,No,Express,4.7,10,Yearly,06-08-2025
102756,61,Female,Chennai,Clothing,T-Shirt,4390.39,4,UPI,Summer,No,No,No,Same Day,4.2,1,Quarterly,01-01-2024
102757,47,Female,Ahmedabad,Footwear,Boots,2244.76,5,Debit Card,Winter,Yes,Yes,Yes,Express,4.5,9,Quarterly,03-03-2024
102758,34,Male,Chennai,Grocery,Oil,2490.73,1,Credit Card,Autumn,No,No,Yes,Same Day,4.6,39,Quarterly,15-07-2024
102759,49,Female,Vijayawada,Books,Science Book,2346.99,2,UPI,Autumn,No,No,No,Same Day,4.6,20,Quarterly,16-06-2024
102760,64,Male,Hyderabad,Footwear,Sandals,6434.82,2,Credit Card,Winter,Yes,No,Yes,Express,4.4,14,Quarterly,28-10-2024
102761,37,Female,Coimbatore,Home Decor,Curtains,3294.21,4,Debit Card,Spring,No,No,Yes,Express,5,17,Yearly,12-05-2024
102762,68,Male,Jaipur,Home Decor,Carpet,885.81,1,Cash,Winter,No,No,No,Same Day,4.2,19,Weekly,23-01-2024
102763,57,Male,Vijayawada,Electronics,Headphones,16398.37,1,Cash,Autumn,Yes,No,No,Standard,4.6,17,Yearly,30-12-2024
102764,67,Male,Jaipur,Grocery,Snacks,1386.15,1,UPI,Autumn,No,No,No,Same Day,4.6,1,Quarterly,25-04-2025
102765,32,Female,Indore,Clothing,Jacket,4515.07,3,UPI,Summer,No,No,No,Standard,3.9,16,Quarterly,27-02-2024
102766,22,Male,Vijayawada,Books,Novel,989.75,3,Credit Card,Autumn,Yes,Yes,No,Express,5,0,Quarterly,29-11-2024
102767,58,Male,Chennai,Electronics,Camera,8649.76,3,Credit Card,Spring,Yes,Yes,No,Same Day,3.8,3,Quarterly,22-05-2025
102768,19,Female,Hyderabad,Beauty,Moisturizer,1940.8,1,Cash,Summer,Yes,Yes,No,Express,4.2,14,Monthly,08-07-2024
102769,66,Male,Delhi,Books,Programming Book,1211.68,4,Credit Card,Spring,No,No,Yes,Express,4.1,24,Yearly,11-02-2024
102770,51,Female,Nagpur,Books,Comics,1743.01,2,Credit Card,Winter,Yes,Yes,No,Standard,4.1,20,Yearly,02-08-2025
102771,69,Male,Surat,Clothing,Dress,4615.16,4,Net Banking,Summer,Yes,No,Yes,Same Day,4.7,25,Weekly,13-04-2024
102772,38,Male,Nagpur,Sports,Yoga Mat,11199.41,4,Net Banking,Winter,No,No,Yes,Standard,5.0,46,Quarterly,20-10-2025
102773,54,Male,Chennai,Grocery,Milk,2023.85,2,Debit Card,Winter,Yes,Yes,Yes,Express,5,21,Yearly,07-04-2024
102774,69,Male,Bengaluru,Books,Programming Book,635.94,5,Cash,Autumn,Yes,No,No,Same Day,3.6,1,Quarterly,18-06-2025
102775,38,Male,Surat,Books,Novel,2269.32,1,Cash,Summer,Yes,Yes,No,Standard,4.2,11,Monthly,22-05-2025
102776,54,Male,Nagpur,Sports,Tennis Racket,4014.23,4,Credit Card,Summer,No,No,Yes,Express,4.2,43,Yearly,20-11-2024
102777,68,Male,Patna,Beauty,Lipstick,1577.6,1,Cash,Autumn,Yes,Yes,Yes,Express,3.6,30,Quarterly,28-10-2025
102778,69,Male,Vijayawada,Home Decor,Wall Art,4326.94,4,Debit Card,Autumn,No,No,No,Same Day,3.7,8,Yearly,29-06-2024
102779,63,Male,Nagpur,Home Decor,Curtains,2846.51,1,Debit Card,Winter,No,No,No,Standard,3.9,0,Quarterly,06-01-2024
102780,27,Female,Chennai,Books,Novel,1704.2,1,UPI,Summer,No,No,Yes,Standard,3.8,15,Yearly,08-04-2025
102781,65,Female,Kochi,Footwear,Sneakers,3406.7,1,Net Banking,Winter,Yes,Yes,No,Express,4.1,18,Weekly,04-04-2024
102782,23,Male,Pune,Grocery,Rice,1102.09,3,Debit Card,Winter,Yes,Yes,No,Express,3.4,7,Quarterly,17-04-2025
102783,30,Male,Vijayawada,Grocery,Tea,1678.63,4,Debit Card,Spring,Yes,Yes,No,Standard,3.9,12,Quarterly,21-09-2025
102784,45,Male,Mumbai,Electronics,Camera,11212.37,4,UPI,Winter,Yes,No,Yes,Standard,4.7,23,Yearly,08-12-2024
102785,36,Male,Patna,Beauty,Moisturizer,1869.95,4,Net Banking,Spring,Yes,No,Yes,Same Day,4.6,8,Monthly,04-03-2024
102786,21,Female,Bhopal,Sports,Football,2163.68,5,UPI,Summer,No,No,No,Express,3.9,1,Yearly,29-02-2024
102787,54,Female,Coimbatore,Grocery,Snacks,1600.2,2,UPI,Autumn,Yes,Yes,Yes,Express,3.6,15,Yearly,20-11-2025
102788,27,Male,Mysuru,Electronics,Headphones,22256.4,5,Credit Card,Spring,Yes,Yes,No,Same Day,4.4,19,Yearly,08-07-2025
102789,50,Male,Ahmedabad,Home Decor,Carpet,4732.8,4,Debit Card,Winter,No,No,No,Same Day,4.2,18,Yearly,30-06-2024
102790,32,Male,Bengaluru,Books,Science Book,1532.23,4,UPI,Autumn,No,No,No,Express,3.6,5,Yearly,06-12-2024
102791,69,Male,Bhopal,Grocery,Rice,1240.35,2,UPI,Spring,No,No,Yes,Express,3.6,20,Weekly,10-10-2024
102792,43,Female,Mysuru,Electronics,Headphones,17851.21,1,Credit Card,Winter,Yes,Yes,Yes,Standard,4.8,42,Yearly,29-11-2024
102793,31,Male,Indore,Electronics,Headphones,23126.37,4,Credit Card,Winter,Yes,No,Yes,Same Day,4.5,48,Weekly,08-01-2025
102794,19,Male,Ahmedabad,Clothing,Dress,4562.17,5,UPI,Autumn,Yes,Yes,No,Express,4.4,7,Quarterly,15-10-2024
102795,66,Male,Mysuru,Home Decor,Lamp,1753.27,2,Cash,Spring,Yes,Yes,No,Same Day,4.1,17,Monthly,20-03-2025
102796,21,Female,Surat,Electronics,Laptop,6452.3,3,Debit Card,Spring,No,No,No,Express,4.1,13,Yearly,02-02-2025
102797,56,Female,Pune,Clothing,T-Shirt,4866.57,4,Cash,Spring,No,No,No,Same Day,4.6,14,Quarterly,21-07-2025
102798,49,Female,Nagpur,Footwear,Boots,1812.83,1,UPI,Summer,Yes,Yes,No,Standard,4.1,0,Monthly,26-03-2024
102799,23,Female,Indore,Grocery,Rice,1555.8,5,Cash,Summer,No,No,No,Standard,3.9,16,Yearly,05-03-2025
102800,40,Male,Pune,Home Decor,Lamp,5973.8,1,Net Banking,Spring,No,No,No,Standard,3.6,18,Weekly,19-05-2024
102801,27,Female,Nagpur,Sports,Cricket Bat,8610.41,4,UPI,Autumn,No,No,Yes,Same Day,3.9,47,Yearly,02-06-2025
102802,34,Male,Ahmedabad,Footwear,Sandals,2313.23,2,UPI,Summer,No,No,No,Same Day,4.9,11,Weekly,30-04-2024
102803,56,Female,Mumbai,Clothing,Jacket,3524.9,3,UPI,Summer,No,No,No,Same Day,3.2,10,Quarterly,11-09-2024
102804,31,Female,Kolkata,Footwear,Sandals,1439.66,3,Credit Card,Autumn,No,No,No,Standard,3.9,0,Monthly,30-05-2024
102805,40,Female,Vijayawada,Home Decor,Curtains,5349.33,3,Cash,Summer,Yes,Yes,Yes,Same Day,4.5,17,Monthly,17-01-2025
102806,38,Female,Surat,Electronics,Laptop,5885.98,3,Net Banking,Summer,No,No,No,Same Day,4.2,8,Quarterly,12-02-2024
102807,51,Female,Pune,Books,Comics,1547.22,4,UPI,Winter,Yes,No,Yes,Standard,3.9,32,Yearly,10-08-2024
102808,61,Male,Kochi,Sports,Football,2408.38,2,UPI,Winter,Yes,Yes,No,Express,3.9,11,Quarterly,21-01-2024
102809,46,Male,Visakhapatnam,Clothing,T-Shirt,4259.95,1,Debit Card,Winter,No,No,No,Express,4.9,4,Yearly,04-08-2024
102810,55,Female,Hyderabad,Books,Novel,1431.28,3,Credit Card,Summer,No,No,Yes,Same Day,3.8,36,Weekly,29-06-2024
102811,46,Female,Visakhapatnam,Footwear,Sandals,5484.64,4,Cash,Autumn,Yes,No,No,Express,4.1,19,Quarterly,27-01-2025
102812,60,Male,Ahmedabad,Footwear,Sandals,5561.15,3,Debit Card,Summer,No,No,Yes,Same Day,4.5,42,Yearly,04-05-2024
102813,42,Male,Kochi,Beauty,Shampoo,1796.84,2,Net Banking,Autumn,No,No,Yes,Express,5,12,Monthly,15-06-2025
102814,64,Female,Hyderabad,Footwear,Flip Flops,2628.61,2,Cash,Autumn,Yes,Yes,Yes,Same Day,4.8,32,Yearly,18-04-2024
102815,41,Female,Mysuru,Electronics,Smartphone,11661.1,4,Credit Card,Autumn,No,No,No,Same Day,4.8,6,Quarterly,16-03-2024
102816,57,Male,Patna,Footwear,Sandals,6304.38,5,Cash,Spring,No,No,Yes,Same Day,4.3,43,Weekly,03-04-2024
102817,31,Female,Hyderabad,Electronics,Smart Watch,9889.74,4,Net Banking,Spring,No,No,Yes,Same Day,3.4,46,Quarterly,24-09-2024
102818,30,Male,Kochi,Home Decor,Curtains,5195.63,4,Cash,Winter,Yes,Yes,No,Standard,3.1,15,Monthly,15-03-2024
102819,32,Female,Kolkata,Clothing,Hoodie,709.96,5,Cash,Winter,No,No,No,Express,4.7,1,Quarterly,29-06-2024
102820,65,Female,Ahmedabad,Clothing,Dress,2581.94,5,UPI,Summer,Yes,Yes,Yes,Standard,4.1,10,Weekly,12-06-2024
102821,21,Male,Visakhapatnam,Sports,Yoga Mat,1997.15,1,Cash,Spring,Yes,Yes,No,Express,4.2,14,Monthly,21-12-2025
102822,53,Male,Chennai,Beauty,Face Wash,1692.57,5,Credit Card,Spring,No,No,No,Express,4.1,10,Monthly,25-01-2024
102823,28,Female,Chennai,Home Decor,Lamp,3453.44,5,UPI,Spring,No,No,No,Same Day,4.1,4,Weekly,20-01-2024
102824,22,Male,Bhopal,Clothing,Kurta,4403.49,2,Credit Card,Summer,No,No,No,Same Day,4.4,5,Weekly,17-03-2024
102825,53,Male,Mysuru,Beauty,Moisturizer,1072.86,1,Debit Card,Winter,Yes,Yes,No,Same Day,3.4,5,Monthly,16-02-2025
102826,36,Female,Bengaluru,Electronics,Smart Watch,18922.16,5,Net Banking,Spring,Yes,Yes,No,Express,4.9,15,Monthly,07-12-2025
102827,43,Male,Kochi,Grocery,Oil,503.71,1,UPI,Autumn,Yes,Yes,Yes,Same Day,4.0,21,Yearly,07-09-2024
102828,26,Male,Vijayawada,Electronics,Tablet,12916.12,2,UPI,Summer,Yes,Yes,No,Express,5,10,Weekly,04-05-2025
102829,44,Female,Lucknow,Home Decor,Lamp,1661.5,5,UPI,Summer,Yes,Yes,No,Express,4.4,6,Quarterly,07-05-2025
102830,50,Male,Hyderabad,Home Decor,Curtains,457.69,5,Debit Card,Spring,No,No,Yes,Express,5,14,Monthly,29-11-2025
102831,45,Male,Mumbai,Sports,Dumbbells,3801.49,3,UPI,Spring,No,No,No,Standard,3.4,2,Quarterly,04-01-2025
102832,21,Male,Surat,Home Decor,Carpet,901.64,5,UPI,Summer,No,No,No,Standard,3.8,9,Monthly,03-01-2024
102833,53,Male,Bhopal,Clothing,Kurta,3848.58,5,UPI,Winter,No,No,No,Express,5,3,Weekly,15-08-2025
102834,40,Male,Ahmedabad,Footwear,Running Shoes,3227.82,4,Credit Card,Summer,No,No,No,Same Day,4.5,14,Quarterly,19-07-2024
102835,66,Female,Pune,Sports,Yoga Mat,913.77,1,Debit Card,Winter,No,No,No,Standard,4.9,20,Yearly,20-11-2025
102836,23,Female,Jaipur,Grocery,Oil,2005.95,4,UPI,Winter,No,No,Yes,Express,3.6,32,Quarterly,11-08-2024
102837,21,Male,Delhi,Clothing,Jacket,3326.58,1,Cash,Autumn,Yes,No,No,Express,2.9,11,Yearly,17-09-2024
102838,23,Male,Mysuru,Footwear,Running Shoes,856.27,5,Credit Card,Autumn,Yes,Yes,No,Express,4.4,18,Weekly,22-10-2025
102839,30,Female,Hyderabad,Clothing,Jacket,2478.61,1,Cash,Spring,Yes,Yes,No,Express,4.5,9,Monthly,09-12-2024
102840,46,Female,Pune,Grocery,Oil,2486.1,5,UPI,Autumn,Yes,No,No,Express,4.2,2,Weekly,18-05-2025
102841,46,Male,Indore,Grocery,Coffee,1974.13,3,Net Banking,Summer,Yes,No,No,Same Day,4.4,3,Monthly,04-08-2024
102842,66,Male,Vijayawada,Sports,Tennis Racket,5540.79,3,Cash,Spring,Yes,No,No,Standard,4.4,3,Weekly,26-01-2025
102843,48,Female,Ahmedabad,Home Decor,Carpet,2942.16,3,Cash,Summer,No,No,Yes,Express,4.7,34,Quarterly,29-02-2024
102844,54,Male,Indore,Clothing,Hoodie,2608.28,1,Net Banking,Summer,Yes,No,No,Same Day,3.8,9,Yearly,02-05-2024
102845,34,Male,Surat,Electronics,Smartphone,18523.68,2,Debit Card,Autumn,Yes,No,No,Standard,4.5,20,Yearly,11-12-2024
102846,54,Male,Indore,Clothing,Dress,1335.54,2,Net Banking,Spring,No,No,No,Express,4.2,3,Monthly,16-01-2024
102847,52,Male,Bengaluru,Sports,Dumbbells,3342.37,5,Debit Card,Spring,No,No,Yes,Standard,4.1,8,Yearly,15-02-2025
102848,18,Female,Mumbai,Footwear,Sneakers,4345.43,1,Net Banking,Autumn,Yes,Yes,No,Express,3.5,20,Quarterly,09-11-2024
102849,25,Female,Kolkata,Grocery,Milk,1372.62,4,Cash,Summer,No,No,Yes,Same Day,4.0,35,Quarterly,16-01-2025
102850,47,Male,Vijayawada,Sports,Dumbbells,5023.89,4,Credit Card,Summer,No,No,No,Same Day,3.9,10,Yearly,11-08-2024
102851,30,Male,Vijayawada,Footwear,Boots,4900.69,1,Debit Card,Winter,No,No,No,Express,4.3,15,Weekly,28-09-2024
102852,51,Male,Delhi,Clothing,Hoodie,4771.96,5,Cash,Winter,Yes,Yes,Yes,Same Day,3.4,20,Weekly,18-10-2025
102853,68,Male,Pune,Sports,Football,8423.93,2,Credit Card,Winter,Yes,Yes,No,Same Day,4.2,20,Monthly,18-04-2025
102854,51,Female,Visakhapatnam,Beauty,Shampoo,1004.28,2,Debit Card,Winter,No,No,Yes,Same Day,4.6,21,Weekly,23-03-2025
102855,36,Female,Bhopal,Footwear,Running Shoes,6528.77,2,UPI,Winter,No,No,Yes,Standard,4.2,14,Monthly,18-12-2024
102856,68,Female,Jaipur,Home Decor,Lamp,2876.77,2,UPI,Spring,No,No,Yes,Express,4.8,28,Quarterly,29-08-2025
102857,19,Male,Patna,Footwear,Running Shoes,6169.52,5,Net Banking,Autumn,No,No,No,Standard,4.1,15,Quarterly,14-07-2025
102858,18,Male,Ahmedabad,Grocery,Tea,2263.25,5,Net Banking,Spring,Yes,No,No,Same Day,4.2,3,Monthly,15-10-2024
102859,68,Male,Kochi,Home Decor,Carpet,673.93,2,Debit Card,Winter,No,No,No,Standard,5,5,Yearly,10-08-2024
102860,23,Male,Coimbatore,Sports,Cricket Bat,11002.07,2,Net Banking,Summer,Yes,Yes,Yes,Same Day,3.8,44,Weekly,08-11-2024
102861,59,Male,Ahmedabad,Grocery,Rice,1505.68,1,Cash,Autumn,No,No,No,Express,3.6,0,Yearly,21-07-2024
102862,64,Female,Delhi,Sports,Tennis Racket,10746.18,2,Cash,Spring,No,No,No,Same Day,4.5,6,Weekly,07-01-2025
102863,33,Male,Pune,Grocery,Oil,403.26,4,Cash,Spring,Yes,Yes,No,Express,4.6,5,Quarterly,15-03-2024
102864,56,Male,Nagpur,Books,Comics,609.69,3,Net Banking,Spring,Yes,Yes,No,Standard,4.3,0,Quarterly,12-12-2025
102865,22,Male,Surat,Electronics,Smartphone,15214.57,2,Cash,Summer,No,No,No,Same Day,3.9,13,Monthly,29-02-2024
102866,24,Female,Kochi,Footwear,Sandals,4304.69,2,Net Banking,Autumn,No,No,No,Standard,3.8,20,Yearly,27-08-2025
102867,37,Female,Mumbai,Footwear,Sandals,6116.82,1,Debit Card,Winter,Yes,Yes,No,Same Day,4.6,5,Monthly,24-08-2024
102868,35,Female,Nagpur,Electronics,Camera,5748.14,1,Debit Card,Spring,Yes,Yes,No,Standard,3.4,17,Weekly,18-09-2024
102869,66,Female,Delhi,Home Decor,Carpet,1924.32,4,Debit Card,Autumn,Yes,Yes,Yes,Express,4.6,18,Yearly,20-12-2025
102870,47,Female,Hyderabad,Clothing,Kurta,3665.74,2,Net Banking,Autumn,No,No,No,Same Day,5,4,Weekly,23-12-2025
102871,48,Female,Chennai,Beauty,Moisturizer,2154.51,5,Net Banking,Autumn,Yes,Yes,No,Same Day,4.4,18,Yearly,26-12-2025
102872,50,Female,Indore,Beauty,Face Wash,820.0,4,Cash,Winter,Yes,Yes,No,Same Day,5,11,Yearly,21-06-2025
102873,32,Female,Chennai,Grocery,Snacks,1432.16,5,Credit Card,Winter,Yes,Yes,Yes,Express,3.8,47,Monthly,13-07-2024
102874,40,Female,Nagpur,Sports,Football,7972.84,2,UPI,Winter,Yes,Yes,Yes,Same Day,5,25,Monthly,24-09-2025
102875,66,Male,Hyderabad,Grocery,Snacks,2413.83,4,Cash,Summer,No,No,No,Standard,4.2,2,Weekly,07-11-2024
102876,70,Male,Surat,Beauty,Moisturizer,2247.22,3,Debit Card,Spring,Yes,Yes,Yes,Standard,4.2,48,Yearly,14-04-2024
102877,61,Male,Kolkata,Books,Novel,537.79,3,UPI,Summer,Yes,No,No,Same Day,3.7,16,Quarterly,04-07-2024
102878,38,Female,Jaipur,Grocery,Rice,1399.28,2,Credit Card,Spring,Yes,Yes,Yes,Standard,4.3,33,Yearly,16-11-2025
102879,48,Male,Surat,Electronics,Tablet,19341.49,3,UPI,Spring,No,No,No,Same Day,3.5,10,Yearly,23-01-2025
102880,30,Male,Coimbatore,Clothing,Kurta,2203.1,1,Credit Card,Autumn,No,No,No,Express,4.7,2,Quarterly,20-01-2025
102881,62,Female,Mysuru,Books,Comics,2444.01,3,Cash,Autumn,Yes,Yes,Yes,Express,4.1,13,Yearly,23-07-2025
102882,33,Male,Jaipur,Beauty,Perfume,1902.4,5,Cash,Winter,Yes,Yes,No,Express,5,5,Weekly,13-07-2025
102883,20,Female,Mumbai,Clothing,Dress,1801.07,1,Credit Card,Winter,No,No,No,Standard,4.8,10,Quarterly,07-12-2024
102884,33,Female,Mysuru,Clothing,Jeans,754.35,2,Credit Card,Summer,Yes,Yes,No,Standard,4.0,12,Quarterly,28-10-2024
102885,35,Female,Lucknow,Beauty,Lipstick,2527.92,5,Net Banking,Spring,No,No,No,Standard,3.7,2,Yearly,24-07-2025
102886,44,Female,Coimbatore,Books,Biography,2192.92,2,Cash,Spring,Yes,Yes,No,Same Day,4.3,1,Quarterly,21-04-2024
102887,48,Female,Nagpur,Electronics,Tablet,17124.12,5,Credit Card,Summer,No,No,Yes,Same Day,4.6,33,Yearly,05-05-2025
102888,39,Female,Vijayawada,Beauty,Moisturizer,2949.06,2,UPI,Autumn,No,No,Yes,Express,4.1,34,Quarterly,17-11-2025
102889,35,Female,Visakhapatnam,Electronics,Smartphone,16196.35,5,Credit Card,Winter,No,No,No,Same Day,3.6,19,Weekly,29-08-2024
102890,50,Female,Mysuru,Sports,Dumbbells,10562.07,5,Cash,Winter,No,No,No,Standard,4.4,17,Weekly,31-10-2024
102891,65,Female,Mysuru,Clothing,Dress,738.22,3,Debit Card,Autumn,No,No,No,Express,4.1,10,Yearly,21-05-2024
102892,44,Male,Bengaluru,Grocery,Coffee,1583.61,3,Cash,Summer,No,No,Yes,Same Day,4.7,17,Yearly,10-10-2024
102893,33,Male,Ahmedabad,Electronics,Smart Watch,12636.6,1,Credit Card,Winter,No,No,Yes,Same Day,4.5,13,Weekly,21-08-2024
102894,25,Male,Patna,Grocery,Tea,1700.0,3,Net Banking,Winter,No,No,No,Express,4.8,19,Yearly,01-01-2024
102895,61,Male,Mysuru,Books,Science Book,1662.83,3,Cash,Winter,No,No,Yes,Same Day,5,20,Yearly,09-12-2025
102896,48,Female,Chennai,Home Decor,Carpet,3257.01,2,Cash,Winter,No,No,No,Same Day,3.3,2,Yearly,24-06-2025
102897,66,Female,Visakhapatnam,Sports,Football,9660.55,1,Credit Card,Spring,No,No,No,Standard,4.8,7,Monthly,06-11-2024
102898,70,Female,Vijayawada,Sports,Yoga Mat,6248.92,1,Debit Card,Summer,Yes,Yes,Yes,Express,4.9,24,Quarterly,02-10-2024
102899,24,Female,Bhopal,Beauty,Perfume,677.08,5,UPI,Spring,Yes,Yes,No,Same Day,4.5,20,Monthly,17-09-2024
102900,55,Male,Hyderabad,Footwear,Flip Flops,2938.71,4,Debit Card,Spring,No,No,Yes,Express,4.8,9,Quarterly,12-02-2025
102901,28,Male,Visakhapatnam,Sports,Tennis Racket,1802.11,3,Credit Card,Autumn,Yes,Yes,No,Standard,5,1,Weekly,16-11-2024
102902,27,Female,Kochi,Books,Science Book,1413.86,1,Credit Card,Winter,No,No,No,Express,3.9,8,Monthly,04-09-2024
102903,57,Female,Delhi,Beauty,Face Wash,255.79,5,Debit Card,Autumn,No,No,No,Express,3.0,13,Weekly,28-02-2025
102904,22,Male,Visakhapatnam,Footwear,Flip Flops,1190.22,3,UPI,Winter,Yes,Yes,No,Standard,4.6,11,Monthly,15-10-2025
102905,41,Female,Jaipur,Sports,Yoga Mat,5610.27,1,Credit Card,Spring,Yes,No,No,Standard,4.2,6,Yearly,10-04-2025
102906,70,Male,Surat,Footwear,Running Shoes,6358.56,1,Debit Card,Summer,Yes,Yes,Yes,Express,3.6,11,Monthly,13-12-2024
102907,60,Female,Hyderabad,Home Decor,Curtains,3130.09,5,UPI,Summer,Yes,No,Yes,Same Day,4.0,35,Quarterly,15-03-2024
102908,57,Male,Surat,Beauty,Perfume,2634.44,3,UPI,Autumn,No,No,No,Same Day,5.0,14,Monthly,16-11-2025
102909,44,Female,Chennai,Home Decor,Lamp,1047.5,4,Net Banking,Spring,No,No,No,Same Day,3.8,10,Weekly,01-10-2025
102910,68,Male,Kolkata,Grocery,Snacks,473.32,5,Debit Card,Winter,Yes,Yes,No,Express,3.8,20,Monthly,02-09-2025
102911,62,Female,Ahmedabad,Home Decor,Wall Art,4134.74,1,Net Banking,Summer,No,No,No,Same Day,4.2,4,Quarterly,18-02-2024
102912,39,Male,Vijayawada,Books,Comics,310.69,1,Credit Card,Autumn,No,No,No,Same Day,4.0,0,Monthly,09-07-2024
102913,67,Female,Indore,Footwear,Running Shoes,6617.9,4,Credit Card,Autumn,No,No,Yes,Same Day,3.7,29,Quarterly,29-03-2025
102914,36,Male,Chennai,Beauty,Face Wash,282.56,3,UPI,Autumn,No,No,No,Express,4.2,19,Yearly,27-06-2025
102915,54,Female,Nagpur,Footwear,Flip Flops,1834.69,5,Credit Card,Winter,No,No,No,Same Day,4.4,0,Weekly,28-07-2025
102916,61,Female,Bhopal,Sports,Yoga Mat,9265.77,1,Cash,Autumn,No,No,No,Express,4.9,18,Yearly,10-06-2024
102917,31,Male,Coimbatore,Grocery,Milk,428.63,5,Net Banking,Winter,No,No,No,Express,3.3,20,Weekly,16-08-2025
102918,26,Male,Ahmedabad,Electronics,Camera,13007.78,5,UPI,Winter,Yes,No,Yes,Express,4.1,39,Monthly,17-08-2025
102919,34,Female,Nagpur,Electronics,Camera,8802.87,2,UPI,Summer,No,No,No,Express,3.9,8,Quarterly,14-01-2024
102920,52,Male,Mumbai,Books,Biography,402.03,1,Credit Card,Winter,No,No,No,Express,3.9,18,Monthly,17-09-2025
102921,45,Male,Bhopal,Clothing,Hoodie,2367.99,4,Debit Card,Winter,Yes,Yes,No,Standard,4.8,20,Monthly,20-12-2024
102922,19,Male,Mumbai,Footwear,Running Shoes,6708.31,2,UPI,Spring,Yes,No,Yes,Standard,4.2,31,Yearly,22-03-2024
102923,20,Male,Nagpur,Beauty,Face Wash,1026.58,4,Cash,Autumn,No,No,Yes,Standard,4.8,18,Weekly,30-10-2024
102924,31,Male,Jaipur,Footwear,Flip Flops,3106.5,3,Debit Card,Winter,Yes,Yes,No,Standard,4.0,7,Weekly,24-01-2025
102925,33,Female,Coimbatore,Electronics,Smart Watch,15567.27,5,Credit Card,Spring,No,No,Yes,Express,4.4,37,Weekly,15-04-2025
102926,52,Male,Mumbai,Footwear,Flip Flops,4828.4,4,UPI,Autumn,Yes,Yes,Yes,Express,4.4,50,Quarterly,21-04-2025
102927,41,Female,Vijayawada,Sports,Yoga Mat,1038.43,2,Credit Card,Winter,No,No,No,Same Day,3.4,11,Quarterly,15-05-2025
102928,55,Male,Nagpur,Clothing,T-Shirt,2881.64,5,Cash,Autumn,No,No,No,Standard,4.4,19,Monthly,14-02-2024
102929,19,Female,Mysuru,Electronics,Tablet,21356.54,2,UPI,Winter,Yes,No,Yes,Standard,4.5,21,Yearly,23-12-2024
102930,67,Female,Jaipur,Grocery,Coffee,2016.77,1,Cash,Summer,No,No,No,Same Day,4.2,6,Monthly,15-12-2024
102931,58,Male,Bengaluru,Clothing,T-Shirt,1366.07,3,Net Banking,Summer,No,No,No,Standard,3.0,4,Yearly,18-08-2024
102932,65,Female,Patna,Beauty,Lipstick,2813.05,1,Net Banking,Winter,No,No,No,Same Day,4.4,1,Weekly,19-04-2024
102933,21,Female,Lucknow,Footwear,Boots,4992.94,4,Cash,Summer,Yes,No,No,Standard,4.6,9,Yearly,12-06-2025
102934,60,Female,Kochi,Clothing,T-Shirt,4551.35,2,Debit Card,Summer,No,No,No,Standard,4.5,3,Quarterly,04-06-2024
102935,22,Male,Coimbatore,Sports,Dumbbells,9366.09,4,Net Banking,Winter,No,No,Yes,Same Day,4.0,49,Quarterly,13-04-2024
102936,37,Female,Patna,Home Decor,Carpet,3544.85,2,Cash,Autumn,No,No,No,Standard,3.9,11,Quarterly,25-06-2024
102937,54,Female,Nagpur,Grocery,Tea,2065.86,2,Net Banking,Autumn,No,No,No,Standard,3.4,12,Weekly,17-08-2024
102938,19,Female,Bengaluru,Footwear,Sandals,4976.98,1,Debit Card,Spring,Yes,Yes,No,Same Day,4.9,0,Yearly,14-11-2025
102939,27,Female,Vijayawada,Beauty,Face Wash,1371.98,1,Debit Card,Autumn,Yes,No,Yes,Same Day,3.8,49,Monthly,01-06-2025
102940,67,Male,Kochi,Home Decor,Lamp,1355.55,5,UPI,Autumn,No,No,No,Same Day,3.3,18,Yearly,11-02-2025
102941,52,Male,Indore,Electronics,Camera,23832.93,5,Credit Card,Autumn,Yes,No,No,Standard,4.1,6,Yearly,12-09-2024
102942,57,Male,Jaipur,Grocery,Tea,1320.66,3,Debit Card,Spring,No,No,No,Same Day,4.8,16,Yearly,19-04-2025
102943,36,Male,Hyderabad,Sports,Cricket Bat,7713.02,3,Cash,Autumn,No,No,Yes,Standard,3.9,42,Yearly,24-06-2025
102944,58,Male,Vijayawada,Beauty,Perfume,2575.9,1,Cash,Summer,No,No,No,Same Day,4.0,0,Weekly,23-07-2025
102945,31,Male,Mumbai,Home Decor,Wall Art,5210.84,2,Debit Card,Spring,Yes,Yes,Yes,Standard,3.6,17,Yearly,06-02-2025
102946,57,Female,Ahmedabad,Sports,Cricket Bat,3725.83,4,Cash,Autumn,No,No,Yes,Same Day,3.1,24,Monthly,12-05-2024
102947,39,Male,Kochi,Home Decor,Carpet,3678.49,1,Cash,Autumn,No,No,No,Standard,3.8,12,Monthly,06-10-2025
102948,38,Male,Hyderabad,Home Decor,Wall Art,2320.35,4,Debit Card,Autumn,Yes,Yes,Yes,Same Day,4.3,37,Weekly,11-05-2025
102949,25,Male,Patna,Sports,Dumbbells,8264.69,1,Credit Card,Winter,No,No,Yes,Express,4.8,37,Monthly,20-07-2024
102950,68,Male,Ahmedabad,Grocery,Snacks,1033.31,3,Net Banking,Spring,No,No,Yes,Express,4.4,19,Weekly,10-11-2025
102951,40,Female,Kochi,Beauty,Perfume,498.57,3,UPI,Spring,Yes,Yes,No,Same Day,4.3,9,Weekly,31-10-2025
102952,54,Male,Pune,Clothing,Jacket,4227.41,5,Credit Card,Autumn,No,No,No,Same Day,3.5,14,Quarterly,15-10-2024
102953,26,Female,Nagpur,Electronics,Camera,18946.15,3,Cash,Autumn,No,No,Yes,Standard,4.5,37,Weekly,28-11-2025
102954,34,Male,Surat,Books,Science Book,254.48,2,UPI,Summer,No,No,Yes,Standard,3.6,44,Weekly,16-02-2025
102955,20,Male,Vijayawada,Home Decor,Lamp,1697.1,4,Debit Card,Autumn,Yes,No,No,Standard,4.5,12,Yearly,12-05-2024
102956,44,Male,Hyderabad,Electronics,Smartphone,16088.47,3,Net Banking,Spring,Yes,Yes,Yes,Same Day,3.6,32,Weekly,22-06-2025
102957,47,Male,Patna,Electronics,Laptop,24441.51,5,Cash,Summer,Yes,No,No,Same Day,3.8,0,Weekly,14-07-2024
102958,54,Male,Pune,Electronics,Smart Watch,9101.37,5,Cash,Winter,Yes,No,Yes,Same Day,3.6,42,Yearly,20-06-2024
102959,62,Male,Vijayawada,Clothing,Jacket,4964.6,1,Cash,Spring,No,No,Yes,Same Day,4.6,30,Monthly,26-09-2025
102960,44,Male,Lucknow,Footwear,Flip Flops,4089.01,2,Debit Card,Summer,No,No,Yes,Same Day,3.9,17,Yearly,24-07-2024
102961,21,Male,Kolkata,Books,Science Book,2365.33,3,Debit Card,Autumn,No,No,No,Express,4.4,11,Monthly,25-09-2024
102962,60,Male,Indore,Sports,Cricket Bat,4397.21,5,Cash,Autumn,Yes,Yes,No,Standard,4.0,19,Weekly,15-12-2025
102963,56,Male,Mysuru,Footwear,Flip Flops,2575.23,4,Cash,Autumn,No,No,No,Same Day,3.8,8,Monthly,20-04-2025
102964,23,Male,Patna,Clothing,Jacket,4785.71,1,Cash,Summer,No,No,Yes,Same Day,3.6,24,Quarterly,11-12-2024
102965,20,Male,Vijayawada,Home Decor,Vase,5251.87,4,Credit Card,Winter,No,No,No,Express,4.1,8,Yearly,03-11-2025
102966,19,Female,Coimbatore,Footwear,Sneakers,5753.65,1,Net Banking,Winter,No,No,No,Express,3.2,17,Monthly,04-11-2025
102967,57,Male,Lucknow,Grocery,Tea,990.84,3,Cash,Spring,No,No,Yes,Same Day,4.0,17,Weekly,02-01-2024
102968,42,Male,Ahmedabad,Clothing,Jacket,3666.73,3,Net Banking,Autumn,Yes,No,No,Express,3.8,17,Weekly,05-01-2024
102969,26,Female,Ahmedabad,Footwear,Boots,5620.94,1,Net Banking,Autumn,Yes,Yes,Yes,Express,3.8,10,Quarterly,29-06-2025
102970,21,Male,Lucknow,Books,Programming Book,1238.81,5,Net Banking,Spring,Yes,No,Yes,Same Day,3.2,32,Weekly,21-11-2025
102971,37,Male,Surat,Electronics,Laptop,5287.18,3,Credit Card,Spring,Yes,Yes,No,Same Day,4.4,13,Quarterly,31-07-2025
102972,70,Female,Patna,Books,Science Book,1992.92,2,Net Banking,Winter,No,No,No,Express,4.5,6,Quarterly,05-04-2025
102973,38,Female,Patna,Grocery,Milk,1028.21,4,Cash,Autumn,Yes,Yes,No,Same Day,3.9,4,Yearly,13-11-2024
102974,34,Female,Ahmedabad,Books,Novel,1016.29,2,Credit Card,Autumn,Yes,Yes,Yes,Express,4.2,11,Quarterly,19-05-2024
102975,62,Female,Indore,Home Decor,Vase,500.79,4,Credit Card,Summer,Yes,No,Yes,Express,4.9,37,Quarterly,26-10-2025
102976,52,Female,Indore,Clothing,T-Shirt,3447.3,3,Debit Card,Autumn,Yes,Yes,No,Standard,4.4,18,Monthly,11-08-2025
102977,60,Female,Coimbatore,Clothing,Hoodie,3734.6,1,Net Banking,Spring,Yes,Yes,Yes,Standard,4.1,49,Yearly,28-10-2024
102978,18,Female,Mysuru,Beauty,Moisturizer,634.7,1,Debit Card,Summer,No,No,Yes,Same Day,3.7,24,Yearly,10-08-2025
102979,67,Female,Bhopal,Home Decor,Carpet,4274.28,5,Net Banking,Summer,Yes,Yes,Yes,Same Day,4.0,46,Weekly,18-12-2025
102980,21,Female,Visakhapatnam,Books,Programming Book,432.91,5,Cash,Autumn,No,No,No,Standard,4.2,10,Weekly,11-12-2025
102981,38,Male,Chennai,Books,Comics,551.87,4,UPI,Autumn,No,No,No,Express,4.0,20,Weekly,23-05-2024
102982,46,Female,Vijayawada,Home Decor,Wall Art,2129.68,5,UPI,Summer,No,No,No,Express,3.7,17,Weekly,20-08-2024
102983,24,Male,Indore,Electronics,Smart Watch,16630.42,3,UPI,Summer,No,No,No,Same Day,4.3,14,Quarterly,01-12-2024
102984,21,Male,Jaipur,Footwear,Sandals,2889.43,4,UPI,Spring,No,No,Yes,Express,5,31,Monthly,17-12-2025
102985,56,Male,Surat,Books,Science Book,2098.64,2,Credit Card,Winter,Yes,No,No,Same Day,4.5,10,Yearly,19-09-2024
102986,67,Female,Bhopal,Electronics,Smartphone,9648.32,3,Debit Card,Summer,Yes,Yes,No,Standard,4.3,2,Quarterly,27-11-2025
102987,31,Male,Indore,Sports,Football,5258.49,1,Cash,Summer,No,No,Yes,Same Day,4.4,32,Yearly,08-02-2024
102988,23,Female,Kolkata,Footwear,Boots,6666.78,1,Cash,Summer,No,No,Yes,Same Day,3.5,31,Monthly,15-11-2025
102989,68,Female,Patna,Sports,Tennis Racket,4873.03,4,UPI,Summer,No,No,No,Same Day,4.7,8,Yearly,06-06-2024
102990,41,Male,Bengaluru,Footwear,Boots,5512.21,1,UPI,Summer,No,No,Yes,Same Day,4.2,28,Weekly,05-01-2024
102991,58,Male,Visakhapatnam,Home Decor,Wall Art,1827.36,5,Cash,Spring,Yes,Yes,No,Express,3.4,19,Monthly,12-08-2024
102992,53,Male,Surat,Grocery,Coffee,1971.32,5,Debit Card,Summer,Yes,Yes,No,Same Day,4.6,12,Yearly,31-10-2024
102993,63,Female,Nagpur,Sports,Tennis Racket,8768.12,2,Credit Card,Spring,No,No,No,Express,3.6,1,Monthly,19-02-2025
102994,41,Male,Mumbai,Sports,Football,5895.78,3,UPI,Autumn,Yes,Yes,No,Express,3.6,9,Yearly,21-12-2024
102995,65,Male,Bhopal,Grocery,Snacks,943.07,4,Net Banking,Winter,No,No,No,Same Day,4.1,19,Monthly,22-06-2024
102996,62,Male,Vijayawada,Home Decor,Curtains,898.72,1,Cash,Winter,Yes,Yes,Yes,Standard,3.9,23,Monthly,25-01-2025
102997,63,Male,Bengaluru,Beauty,Perfume,2932.56,2,Net Banking,Winter,No,No,No,Standard,4.4,2,Monthly,21-07-2025
102998,39,Female,Delhi,Sports,Football,2431.2,5,Credit Card,Summer,No,No,Yes,Express,4.4,16,Monthly,23-01-2024
102999,26,Female,Surat,Footwear,Sandals,6610.94,2,Net Banking,Summer,Yes,Yes,No,Express,4.0,1,Yearly,03-08-2025
103000,38,Female,Mumbai,Clothing,Hoodie,3362.98,4,Cash,Summer,Yes,Yes,No,Same Day,3.8,10,Quarterly,14-12-2025
103001,52,Female,Coimbatore,Home Decor,Carpet,3606.12,3,Credit Card,Winter,Yes,No,No,Standard,4.2,12,Monthly,01-01-2024
103002,42,Male,Delhi,Books,Novel,1341.6,2,UPI,Autumn,Yes,No,No,Express,4.2,12,Yearly,16-06-2024
103003,36,Female,Mysuru,Sports,Football,8287.32,5,Cash,Winter,Yes,Yes,No,Express,4.5,6,Monthly,08-12-2025
103004,56,Male,Pune,Home Decor,Curtains,1360.62,2,Net Banking,Summer,Yes,Yes,No,Standard,5.0,4,Weekly,20-07-2024
103005,42,Male,Nagpur,Grocery,Oil,1767.76,5,Debit Card,Spring,Yes,No,No,Same Day,3.5,6,Quarterly,17-03-2024
103006,34,Female,Bhopal,Footwear,Boots,3489.48,1,Net Banking,Summer,Yes,No,Yes,Same Day,2.5,18,Monthly,15-12-2025
103007,57,Male,Visakhapatnam,Grocery,Rice,1678.26,4,Debit Card,Spring,No,No,Yes,Express,5,18,Monthly,31-07-2024
103008,64,Male,Lucknow,Books,Comics,795.2,1,Net Banking,Autumn,Yes,Yes,No,Express,3.7,18,Yearly,05-01-2025
103009,26,Male,Pune,Grocery,Rice,1904.43,2,UPI,Spring,Yes,No,No,Express,4.7,5,Weekly,24-07-2025
103010,43,Female,Jaipur,Sports,Tennis Racket,6023.44,3,Credit Card,Spring,No,No,No,Express,4.2,16,Monthly,10-01-2025
103011,54,Male,Delhi,Sports,Yoga Mat,5930.43,1,Credit Card,Autumn,No,No,Yes,Standard,4.0,48,Quarterly,02-10-2025
103012,41,Female,Kochi,Clothing,T-Shirt,1300.73,3,UPI,Summer,No,No,No,Express,3.8,1,Yearly,01-04-2025
103013,70,Female,Bengaluru,Sports,Tennis Racket,9076.45,5,Cash,Autumn,No,No,Yes,Express,4.5,49,Quarterly,23-06-2024
103014,64,Male,Delhi,Home Decor,Wall Art,5876.41,1,Debit Card,Summer,Yes,Yes,No,Express,4.3,4,Weekly,13-12-2025
103015,63,Female,Visakhapatnam,Beauty,Moisturizer,2425.67,1,Net Banking,Spring,No,No,Yes,Express,3.7,17,Monthly,28-10-2025
103016,22,Male,Pune,Electronics,Headphones,24827.94,2,Cash,Autumn,Yes,No,No,Same Day,3.2,11,Yearly,15-10-2024
103017,42,Female,Jaipur,Books,Comics,617.48,4,Credit Card,Spring,Yes,Yes,No,Express,5,13,Yearly,20-06-2025
103018,24,Male,Jaipur,Clothing,Hoodie,4997.94,3,Net Banking,Spring,No,No,Yes,Express,4.1,12,Yearly,12-09-2025
103019,63,Male,Hyderabad,Home Decor,Curtains,1892.95,5,UPI,Spring,No,No,Yes,Same Day,5.0,40,Yearly,22-06-2024
103020,29,Male,Jaipur,Beauty,Lipstick,1791.63,2,UPI,Winter,No,No,No,Express,4.0,9,Weekly,28-09-2024
103021,61,Male,Chennai,Clothing,Jeans,631.5,3,Debit Card,Spring,Yes,No,Yes,Standard,4.9,37,Yearly,16-07-2025
103022,46,Female,Mumbai,Grocery,Rice,814.73,3,Net Banking,Summer,No,No,No,Express,4.6,0,Weekly,06-12-2024
103023,47,Female,Bengaluru,Sports,Football,8475.35,1,Debit Card,Summer,Yes,Yes,No,Same Day,4.0,3,Quarterly,05-05-2024
103024,24,Female,Visakhapatnam,Clothing,T-Shirt,3881.32,5,Credit Card,Autumn,Yes,No,No,Standard,4.4,13,Weekly,06-02-2025
103025,62,Female,Pune,Clothing,Hoodie,4761.72,3,Credit Card,Spring,Yes,Yes,No,Same Day,4.5,10,Weekly,10-07-2024
103026,52,Female,Lucknow,Footwear,Sneakers,5826.21,2,Debit Card,Spring,No,No,No,Same Day,4.3,10,Yearly,05-02-2024
103027,44,Male,Mumbai,Sports,Tennis Racket,8328.11,5,Net Banking,Summer,No,No,Yes,Standard,4.5,22,Weekly,23-12-2025
103028,50,Male,Pune,Home Decor,Lamp,5057.43,5,Cash,Spring,No,No,Yes,Same Day,3.6,46,Monthly,08-11-2025
103029,39,Female,Mysuru,Footwear,Flip Flops,1645.15,3,Debit Card,Summer,No,No,No,Express,4.0,9,Monthly,18-02-2025
103030,45,Female,Kochi,Sports,Yoga Mat,10815.44,5,UPI,Spring,Yes,No,No,Standard,3.3,15,Quarterly,12-03-2024
103031,47,Male,Ahmedabad,Footwear,Flip Flops,1890.86,4,Cash,Winter,No,No,No,Express,3.9,4,Yearly,11-04-2025
103032,26,Female,Bengaluru,Books,Comics,1382.46,2,Debit Card,Spring,Yes,Yes,Yes,Same Day,4.0,39,Monthly,14-07-2024
103033,33,Female,Bhopal,Clothing,Jacket,877.53,4,Credit Card,Spring,Yes,Yes,No,Standard,2.9,5,Monthly,26-08-2025
103034,43,Male,Patna,Grocery,Milk,2307.33,4,Net Banking,Winter,Yes,No,Yes,Standard,4.6,16,Weekly,21-01-2024
103035,60,Female,Bhopal,Home Decor,Lamp,5419.66,2,Cash,Spring,Yes,Yes,No,Same Day,3.3,19,Monthly,11-08-2024
103036,49,Female,Hyderabad,Grocery,Rice,2021.7,3,Debit Card,Spring,No,No,No,Same Day,4.7,12,Weekly,26-10-2025
103037,21,Male,Bengaluru,Electronics,Tablet,13321.79,5,Credit Card,Autumn,No,No,No,Standard,4.0,1,Weekly,25-12-2024
103038,55,Female,Chennai,Grocery,Tea,2141.71,3,Credit Card,Winter,No,No,No,Standard,3.6,9,Yearly,19-02-2024
103039,55,Male,Coimbatore,Grocery,Rice,1117.54,5,UPI,Spring,No,No,No,Same Day,4.5,19,Monthly,26-02-2025
103040,23,Female,Coimbatore,Books,Comics,877.94,1,UPI,Winter,Yes,No,Yes,Express,3.9,8,Yearly,06-12-2024
103041,39,Male,Mumbai,Grocery,Rice,964.53,4,Debit Card,Summer,Yes,No,No,Standard,4.1,1,Monthly,26-07-2025
103042,36,Female,Coimbatore,Sports,Football,10323.64,4,Cash,Autumn,Yes,Yes,No,Standard,4.1,18,Quarterly,17-03-2024
103043,26,Female,Hyderabad,Grocery,Oil,1391.68,2,UPI,Winter,Yes,Yes,Yes,Same Day,5,39,Weekly,31-07-2024
103044,27,Male,Surat,Books,Comics,592.51,2,Debit Card,Spring,Yes,Yes,Yes,Express,4.5,8,Weekly,03-09-2025
103045,52,Female,Mumbai,Electronics,Headphones,22732.49,4,UPI,Spring,No,No,No,Express,4.5,15,Quarterly,05-09-2025
103046,43,Male,Kochi,Electronics,Tablet,24172.21,2,Credit Card,Summer,Yes,Yes,Yes,Express,3.9,45,Yearly,15-05-2024
103047,68,Male,Pune,Sports,Football,8910.71,1,Credit Card,Autumn,No,No,Yes,Express,3.9,25,Monthly,03-04-2024
103048,57,Male,Visakhapatnam,Grocery,Tea,1737.95,4,Debit Card,Autumn,No,No,No,Standard,4.6,12,Weekly,29-06-2025
103049,44,Male,Jaipur,Electronics,Smartphone,11073.22,2,Credit Card,Winter,No,No,Yes,Standard,3.7,26,Weekly,27-09-2025
103050,56,Female,Coimbatore,Electronics,Headphones,12846.91,2,UPI,Summer,Yes,No,Yes,Same Day,4.7,29,Quarterly,03-07-2024
103051,68,Female,Pune,Electronics,Laptop,21938.98,3,Cash,Spring,Yes,Yes,Yes,Express,5,45,Monthly,24-04-2024
103052,56,Female,Bengaluru,Sports,Dumbbells,1792.59,4,Cash,Autumn,No,No,No,Same Day,4.8,0,Yearly,29-05-2025
103053,41,Male,Vijayawada,Footwear,Boots,2076.76,3,Debit Card,Spring,No,No,Yes,Same Day,3.8,31,Quarterly,19-01-2024
103054,30,Female,Bhopal,Beauty,Shampoo,2944.25,4,Net Banking,Spring,No,No,No,Same Day,3.5,6,Weekly,20-09-2024
103055,68,Female,Kolkata,Home Decor,Vase,1344.86,5,Credit Card,Spring,Yes,No,No,Express,4.0,1,Yearly,18-01-2024
103056,68,Female,Surat,Books,Comics,1816.05,5,Cash,Spring,No,No,No,Standard,3.9,3,Quarterly,04-03-2024
103057,22,Male,Mysuru,Beauty,Face Wash,1677.88,5,Debit Card,Autumn,No,No,No,Express,4.2,8,Monthly,23-05-2025
103058,47,Female,Kolkata,Clothing,Jacket,2868.63,2,UPI,Summer,Yes,Yes,No,Same Day,3.6,9,Quarterly,20-11-2025
103059,46,Female,Lucknow,Electronics,Camera,5011.73,3,Credit Card,Autumn,Yes,Yes,No,Express,4.5,1,Yearly,31-12-2025
103060,22,Female,Pune,Electronics,Camera,24441.95,4,Debit Card,Spring,Yes,No,Yes,Express,3.3,36,Weekly,20-03-2025
103061,35,Male,Ahmedabad,Beauty,Face Wash,2027.23,4,Debit Card,Autumn,Yes,Yes,No,Standard,3.9,13,Yearly,28-11-2025
103062,34,Female,Hyderabad,Grocery,Milk,384.06,3,UPI,Winter,Yes,Yes,No,Express,4.3,6,Weekly,02-03-2024
103063,30,Female,Mysuru,Electronics,Camera,18095.51,4,Credit Card,Winter,Yes,Yes,No,Same Day,4.2,10,Yearly,04-05-2025
103064,48,Male,Jaipur,Books,Programming Book,1025.24,2,Cash,Autumn,Yes,Yes,Yes,Same Day,5,8,Weekly,10-05-2024
103065,39,Male,Vijayawada,Footwear,Running Shoes,2103.34,4,Cash,Autumn,No,No,No,Express,4.4,20,Quarterly,15-12-2024
103066,50,Male,Mysuru,Home Decor,Lamp,2858.96,5,Debit Card,Autumn,No,No,Yes,Standard,4.6,27,Yearly,03-11-2025
103067,34,Female,Bengaluru,Home Decor,Curtains,2190.65,3,Cash,Winter,No,No,Yes,Express,3.4,11,Monthly,16-09-2025
103068,67,Male,Coimbatore,Electronics,Laptop,6248.74,2,Net Banking,Autumn,No,No,No,Same Day,4.2,20,Monthly,15-06-2025
103069,51,Male,Ahmedabad,Books,Novel,1715.74,3,Credit Card,Spring,No,No,No,Standard,4.5,11,Yearly,02-09-2024
103070,21,Male,Mysuru,Grocery,Coffee,2263.1,3,Net Banking,Spring,No,No,Yes,Express,3.6,19,Yearly,11-06-2025
103071,20,Female,Bhopal,Sports,Tennis Racket,3032.87,3,Credit Card,Winter,No,No,No,Standard,3.9,17,Weekly,24-04-2024
103072,52,Male,Lucknow,Grocery,Tea,2245.26,1,Cash,Summer,No,No,No,Standard,5,6,Yearly,04-08-2024
103073,64,Female,Visakhapatnam,Sports,Dumbbells,1506.23,1,Credit Card,Spring,No,No,No,Same Day,4.1,7,Yearly,01-03-2025
103074,51,Female,Nagpur,Clothing,Kurta,4459.51,4,Credit Card,Spring,Yes,No,Yes,Same Day,4.0,50,Monthly,03-07-2024
103075,26,Female,Nagpur,Home Decor,Carpet,2607.47,5,Cash,Winter,No,No,No,Standard,4.7,20,Yearly,29-03-2025
103076,47,Male,Lucknow,Clothing,Hoodie,2552.47,3,Credit Card,Summer,No,No,Yes,Express,4.2,50,Monthly,03-09-2025
103077,67,Female,Kolkata,Electronics,Laptop,10022.69,3,Credit Card,Autumn,Yes,Yes,No,Express,4.7,6,Weekly,08-03-2024
103078,22,Male,Vijayawada,Grocery,Coffee,966.47,4,UPI,Spring,No,No,No,Express,3.4,5,Weekly,21-03-2025
103079,31,Male,Bhopal,Books,Programming Book,2278.92,3,Debit Card,Summer,Yes,No,No,Same Day,4.4,19,Quarterly,14-06-2024
103080,33,Male,Pune,Grocery,Coffee,2075.31,1,UPI,Spring,No,No,No,Standard,4.7,7,Quarterly,03-11-2024
103081,60,Female,Vijayawada,Sports,Dumbbells,9345.2,4,Cash,Spring,Yes,Yes,Yes,Standard,4.9,46,Weekly,04-01-2025
103082,20,Male,Ahmedabad,Sports,Tennis Racket,9778.06,2,Debit Card,Autumn,Yes,Yes,No,Express,4.7,4,Yearly,16-07-2024
103083,32,Female,Surat,Sports,Dumbbells,5656.11,4,Debit Card,Autumn,No,No,No,Same Day,4.0,16,Weekly,01-02-2024
103084,66,Male,Vijayawada,Sports,Cricket Bat,2363.71,1,Cash,Spring,No,No,No,Express,4.8,13,Monthly,17-08-2025
103085,23,Male,Ahmedabad,Home Decor,Curtains,2847.32,2,Debit Card,Spring,No,No,No,Express,3.7,4,Monthly,02-03-2024
103086,31,Male,Vijayawada,Beauty,Shampoo,1922.53,2,Net Banking,Spring,Yes,No,No,Standard,3.9,3,Quarterly,03-01-2024
103087,45,Male,Kochi,Grocery,Snacks,1485.27,1,Cash,Spring,No,No,Yes,Standard,5.0,27,Weekly,07-01-2024
103088,51,Male,Chennai,Grocery,Milk,2048.86,2,UPI,Autumn,No,No,No,Standard,4.4,8,Monthly,02-03-2025
103089,24,Male,Indore,Electronics,Tablet,10321.29,3,Net Banking,Summer,Yes,No,No,Same Day,4.9,6,Weekly,02-09-2025
103090,22,Male,Bhopal,Sports,Tennis Racket,4079.27,4,Cash,Autumn,No,No,No,Same Day,4.6,1,Monthly,19-01-2024
103091,54,Male,Chennai,Grocery,Snacks,1167.25,5,UPI,Spring,Yes,Yes,Yes,Standard,3.4,48,Monthly,02-03-2025
103092,41,Male,Ahmedabad,Electronics,Headphones,22897.19,4,Credit Card,Summer,No,No,No,Standard,5,6,Weekly,20-08-2025
103093,58,Male,Indore,Sports,Football,3268.92,3,Cash,Summer,Yes,Yes,No,Express,3.4,11,Weekly,03-11-2024
103094,62,Female,Lucknow,Books,Novel,1051.62,1,Cash,Summer,No,No,Yes,Standard,2.6,25,Quarterly,02-02-2024
103095,54,Male,Indore,Grocery,Milk,657.76,1,UPI,Summer,Yes,No,No,Same Day,3.8,9,Yearly,13-02-2025
103096,41,Male,Chennai,Books,Programming Book,2460.15,3,Net Banking,Winter,No,No,No,Same Day,3.7,19,Weekly,24-09-2024
103097,50,Male,Lucknow,Beauty,Shampoo,2366.26,5,Debit Card,Winter,Yes,No,Yes,Same Day,4.4,45,Weekly,15-07-2024
103098,21,Female,Patna,Books,Novel,2027.75,4,Net Banking,Autumn,Yes,Yes,Yes,Same Day,3.5,38,Quarterly,29-07-2024
103099,22,Male,Ahmedabad,Electronics,Smart Watch,24501.09,5,Debit Card,Spring,No,No,Yes,Express,4.4,37,Weekly,20-07-2025
103100,18,Male,Ahmedabad,Clothing,Jeans,2816.17,3,Debit Card,Spring,Yes,No,No,Same Day,4.2,12,Monthly,29-11-2025
103101,36,Female,Pune,Beauty,Perfume,1091.31,2,Net Banking,Winter,Yes,No,No,Standard,4.0,3,Weekly,05-10-2024
103102,21,Male,Bengaluru,Home Decor,Lamp,3789.27,2,UPI,Autumn,No,No,No,Standard,4.6,18,Quarterly,20-04-2024
103103,37,Male,Pune,Books,Programming Book,813.61,1,Net Banking,Winter,No,No,Yes,Same Day,3.7,14,Yearly,19-03-2024
103104,54,Female,Surat,Footwear,Sneakers,1254.66,1,UPI,Spring,No,No,No,Standard,4.9,13,Monthly,27-12-2025
103105,70,Female,Lucknow,Beauty,Face Wash,2948.87,4,Cash,Summer,Yes,Yes,No,Standard,4.3,0,Monthly,01-02-2025
103106,29,Male,Nagpur,Home Decor,Lamp,1803.88,5,UPI,Autumn,Yes,No,Yes,Standard,5.0,27,Weekly,16-12-2024
103107,45,Male,Bhopal,Grocery,Rice,550.53,4,Cash,Summer,Yes,Yes,No,Standard,4.8,8,Monthly,23-04-2025
103108,40,Female,Vijayawada,Home Decor,Lamp,3200.93,1,Debit Card,Autumn,No,No,No,Express,4.3,11,Weekly,19-07-2025
103109,33,Female,Delhi,Home Decor,Vase,1085.05,4,Credit Card,Summer,Yes,Yes,No,Same Day,4.1,11,Yearly,20-10-2025
103110,22,Female,Pune,Footwear,Flip Flops,3118.94,1,Credit Card,Autumn,Yes,Yes,No,Standard,4.6,5,Weekly,15-11-2024
103111,33,Male,Jaipur,Grocery,Tea,1034.66,4,Credit Card,Autumn,No,No,No,Standard,4.4,3,Monthly,14-10-2024
103112,45,Female,Jaipur,Clothing,Jeans,1332.11,3,Credit Card,Winter,Yes,Yes,Yes,Same Day,4.3,15,Yearly,29-05-2025
103113,48,Female,Hyderabad,Electronics,Tablet,23848.53,2,Cash,Spring,Yes,Yes,Yes,Same Day,4.0,47,Yearly,19-09-2025
103114,22,Male,Visakhapatnam,Books,Biography,1032.24,4,Cash,Autumn,Yes,No,No,Same Day,4.7,18,Yearly,07-04-2025
103115,19,Male,Coimbatore,Footwear,Running Shoes,1413.05,1,Net Banking,Autumn,Yes,Yes,No,Express,3.9,6,Quarterly,12-10-2025
103116,48,Male,Jaipur,Footwear,Sandals,1597.05,3,Net Banking,Summer,Yes,No,Yes,Standard,4.9,12,Monthly,03-08-2024
103117,22,Female,Bhopal,Clothing,Jacket,3823.92,5,Cash,Autumn,Yes,No,Yes,Same Day,3.8,15,Yearly,10-02-2024
103118,55,Female,Chennai,Books,Novel,2031.57,1,Debit Card,Winter,No,No,Yes,Same Day,5,41,Yearly,11-05-2024
103119,38,Female,Surat,Beauty,Shampoo,1321.82,2,Cash,Autumn,No,No,Yes,Standard,4.4,20,Quarterly,13-12-2024
103120,47,Female,Indore,Home Decor,Carpet,5226.59,5,UPI,Autumn,Yes,No,No,Same Day,5,6,Yearly,04-10-2025
103121,58,Female,Ahmedabad,Clothing,T-Shirt,720.87,2,Cash,Autumn,No,No,No,Same Day,4.0,15,Quarterly,24-08-2024
103122,36,Female,Patna,Books,Comics,1950.51,4,UPI,Spring,Yes,No,No,Same Day,4.0,12,Weekly,20-02-2025
103123,59,Male,Jaipur,Clothing,Dress,4206.33,4,Debit Card,Winter,No,No,Yes,Express,5,39,Quarterly,18-12-2025
103124,58,Male,Surat,Footwear,Running Shoes,5926.04,5,UPI,Autumn,No,No,No,Express,4.1,7,Yearly,30-11-2024
103125,58,Female,Lucknow,Home Decor,Lamp,4072.69,5,Cash,Spring,Yes,No,No,Same Day,3.4,10,Weekly,02-05-2025
103126,39,Male,Hyderabad,Books,Novel,2479.78,1,Cash,Summer,No,No,No,Standard,4.4,20,Quarterly,16-04-2024
103127,24,Male,Vijayawada,Footwear,Running Shoes,4646.05,3,Cash,Winter,No,No,Yes,Same Day,4.3,30,Quarterly,16-12-2024
103128,36,Female,Kochi,Footwear,Boots,2720.52,4,Debit Card,Summer,No,No,No,Same Day,4.3,3,Quarterly,09-08-2024
103129,19,Male,Delhi,Books,Science Book,365.4,1,UPI,Winter,No,No,Yes,Express,4.6,16,Yearly,14-06-2024
103130,61,Male,Ahmedabad,Sports,Yoga Mat,6551.74,4,UPI,Winter,No,No,Yes,Express,3.9,11,Monthly,25-03-2025
103131,25,Female,Bhopal,Footwear,Boots,5240.24,5,Credit Card,Summer,Yes,Yes,Yes,Standard,4.2,44,Quarterly,12-02-2024
103132,39,Female,Ahmedabad,Sports,Tennis Racket,8297.75,2,Credit Card,Winter,Yes,No,No,Express,4.2,20,Quarterly,14-03-2024
103133,61,Male,Bengaluru,Clothing,Hoodie,2919.96,4,Cash,Winter,No,No,Yes,Same Day,4.4,10,Yearly,27-05-2024
103134,47,Female,Mumbai,Beauty,Face Wash,1886.43,4,Net Banking,Summer,Yes,No,Yes,Same Day,4.2,31,Yearly,29-01-2024
103135,68,Male,Ahmedabad,Grocery,Snacks,2267.29,2,UPI,Winter,Yes,Yes,No,Standard,4.5,7,Weekly,11-04-2025
103136,57,Female,Surat,Books,Biography,1524.43,4,Cash,Autumn,No,No,Yes,Standard,4.0,43,Yearly,03-02-2024
103137,51,Female,Visakhapatnam,Clothing,Kurta,4575.01,5,UPI,Spring,No,No,No,Standard,4.5,20,Quarterly,25-06-2024
103138,28,Male,Visakhapatnam,Footwear,Sandals,3632.38,3,UPI,Autumn,No,No,No,Express,4.3,11,Weekly,11-02-2025
103139,43,Female,Kochi,Beauty,Face Wash,297.0,1,Credit Card,Winter,No,No,Yes,Standard,3.5,43,Quarterly,08-10-2025
103140,48,Male,Delhi,Home Decor,Curtains,988.37,3,Cash,Spring,Yes,Yes,No,Same Day,4.7,7,Yearly,19-09-2025
103141,57,Female,Indore,Electronics,Tablet,10270.75,1,Net Banking,Spring,Yes,Yes,No,Express,4.4,12,Weekly,19-06-2024
103142,44,Male,Kolkata,Sports,Dumbbells,11432.48,2,Debit Card,Winter,Yes,Yes,No,Same Day,4.7,1,Quarterly,29-11-2024
103143,23,Male,Bhopal,Sports,Football,4386.53,4,Credit Card,Summer,No,No,Yes,Standard,3.9,30,Weekly,28-04-2024
103144,28,Female,Pune,Clothing,Kurta,4084.32,5,UPI,Winter,Yes,Yes,No,Same Day,3.7,3,Quarterly,22-05-2024
103145,52,Female,Chennai,Footwear,Sandals,4177.34,3,Cash,Winter,Yes,Yes,No,Standard,3.7,19,Yearly,14-06-2024
103146,70,Male,Kochi,Footwear,Boots,3427.2,4,Net Banking,Summer,No,No,No,Standard,4.2,11,Quarterly,18-02-2024
103147,40,Male,Bhopal,Beauty,Face Wash,1361.01,4,Cash,Spring,Yes,Yes,No,Same Day,4.7,6,Quarterly,03-03-2025
103148,41,Male,Mysuru,Grocery,Oil,663.94,4,UPI,Autumn,Yes,Yes,Yes,Express,4.0,11,Weekly,25-09-2025
103149,23,Female,Delhi,Footwear,Flip Flops,4997.95,2,Cash,Autumn,No,No,Yes,Express,4.5,22,Monthly,15-08-2025
103150,54,Female,Ahmedabad,Footwear,Sandals,1694.16,4,Credit Card,Summer,No,No,No,Same Day,3.7,16,Monthly,08-02-2025
103151,29,Male,Mysuru,Beauty,Face Wash,2521.23,5,Net Banking,Spring,No,No,No,Same Day,4.6,0,Weekly,11-11-2025
103152,53,Male,Ahmedabad,Electronics,Headphones,5388.26,2,Credit Card,Winter,No,No,No,Same Day,3.9,0,Monthly,24-03-2025
103153,29,Female,Indore,Footwear,Boots,4494.45,2,Cash,Winter,No,No,No,Standard,4.4,10,Yearly,02-07-2024
103154,33,Male,Lucknow,Footwear,Sandals,1016.16,1,Cash,Summer,No,No,Yes,Standard,3.5,28,Yearly,16-09-2024
103155,67,Male,Kochi,Grocery,Rice,209.69,4,Credit Card,Autumn,Yes,No,Yes,Same Day,4.4,50,Monthly,23-07-2024
103156,39,Female,Lucknow,Sports,Dumbbells,10250.94,5,Cash,Winter,No,No,No,Same Day,3.2,0,Quarterly,05-05-2025
103157,60,Male,Coimbatore,Clothing,Hoodie,1197.7,5,UPI,Spring,Yes,No,Yes,Same Day,4.2,13,Quarterly,25-02-2024
103158,22,Female,Coimbatore,Sports,Cricket Bat,10681.11,4,Debit Card,Autumn,Yes,No,No,Same Day,4.7,16,Weekly,03-09-2025
103159,30,Female,Ahmedabad,Sports,Dumbbells,11814.54,5,Net Banking,Autumn,Yes,Yes,No,Same Day,4.5,12,Yearly,13-11-2025
103160,36,Male,Kochi,Electronics,Camera,8106.65,2,UPI,Winter,No,No,Yes,Express,4.5,24,Yearly,05-10-2024
103161,61,Female,Delhi,Home Decor,Curtains,5812.26,1,Net Banking,Winter,No,No,Yes,Standard,4.4,14,Weekly,26-08-2024
103162,29,Female,Patna,Home Decor,Carpet,1647.54,5,Debit Card,Spring,Yes,Yes,Yes,Same Day,4.2,37,Monthly,28-08-2024
103163,38,Male,Visakhapatnam,Footwear,Running Shoes,2702.31,4,Credit Card,Autumn,Yes,No,Yes,Standard,4.7,27,Weekly,11-09-2025
103164,34,Female,Chennai,Clothing,Kurta,3657.08,3,Credit Card,Summer,No,No,Yes,Same Day,4.4,20,Monthly,27-11-2024
103165,27,Male,Bengaluru,Home Decor,Lamp,2568.94,5,Credit Card,Autumn,No,No,No,Express,4.3,13,Monthly,08-06-2025
103166,24,Male,Kochi,Home Decor,Wall Art,4538.25,3,Debit Card,Summer,Yes,No,No,Standard,3.4,17,Quarterly,25-11-2024
103167,45,Male,Kolkata,Beauty,Moisturizer,1359.97,3,Cash,Spring,Yes,Yes,Yes,Express,5.0,20,Quarterly,06-10-2024
103168,60,Male,Bhopal,Beauty,Face Wash,1514.94,2,Cash,Autumn,No,No,No,Express,4.8,0,Weekly,03-03-2025
103169,70,Female,Hyderabad,Grocery,Oil,1725.01,4,Net Banking,Winter,Yes,No,No,Standard,4.7,5,Monthly,23-02-2024
103170,22,Male,Bhopal,Home Decor,Lamp,5366.55,5,Cash,Autumn,No,No,No,Same Day,4.2,5,Yearly,07-12-2025
103171,25,Male,Indore,Home Decor,Carpet,2263.77,1,Cash,Autumn,No,No,No,Express,4.3,0,Weekly,20-03-2025
103172,35,Male,Kolkata,Clothing,Jacket,3213.53,4,Credit Card,Winter,No,No,No,Express,3.8,17,Quarterly,15-10-2024
103173,55,Female,Chennai,Grocery,Tea,793.4,3,UPI,Autumn,No,No,No,Express,4.4,18,Weekly,11-08-2024
103174,29,Male,Mumbai,Grocery,Milk,2363.26,2,Net Banking,Winter,No,No,Yes,Express,4.9,40,Monthly,12-11-2024
103175,24,Female,Coimbatore,Beauty,Perfume,1346.02,5,Debit Card,Winter,No,No,No,Same Day,4.4,11,Monthly,08-12-2024
103176,50,Female,Mumbai,Home Decor,Curtains,737.91,1,Cash,Autumn,Yes,Yes,No,Standard,3.6,13,Quarterly,03-09-2025
103177,21,Female,Vijayawada,Grocery,Coffee,1399.16,3,Net Banking,Summer,Yes,Yes,No,Same Day,4.2,19,Weekly,13-09-2025
103178,35,Male,Coimbatore,Books,Biography,1555.87,5,Debit Card,Summer,No,No,No,Standard,4.7,10,Quarterly,02-08-2025
103179,20,Female,Coimbatore,Clothing,Jacket,4291.85,2,Debit Card,Summer,Yes,Yes,Yes,Same Day,4.7,12,Quarterly,03-02-2024
103180,49,Female,Hyderabad,Home Decor,Lamp,1446.04,3,Cash,Winter,Yes,Yes,No,Express,4.1,11,Monthly,21-02-2024
103181,22,Male,Vijayawada,Books,Programming Book,313.36,3,UPI,Autumn,No,No,No,Standard,3.3,19,Monthly,14-10-2024
103182,22,Female,Bengaluru,Sports,Football,6549.79,5,Credit Card,Summer,Yes,No,No,Standard,4.3,1,Monthly,21-11-2024
103183,40,Male,Chennai,Clothing,Hoodie,4023.71,1,Debit Card,Winter,Yes,Yes,Yes,Express,5.0,9,Yearly,29-06-2024
103184,50,Male,Mysuru,Electronics,Camera,5558.29,5,Cash,Autumn,Yes,Yes,Yes,Express,3.7,31,Quarterly,16-11-2024
103185,32,Male,Visakhapatnam,Sports,Tennis Racket,10021.44,2,Net Banking,Autumn,No,No,Yes,Same Day,4.5,16,Weekly,31-07-2024
103186,36,Male,Visakhapatnam,Home Decor,Vase,534.51,4,UPI,Winter,No,No,Yes,Same Day,3.9,11,Quarterly,08-11-2025
103187,54,Male,Jaipur,Home Decor,Vase,5585.39,1,Cash,Winter,No,No,Yes,Same Day,5,31,Monthly,18-10-2024
103188,27,Male,Patna,Beauty,Lipstick,646.89,4,UPI,Winter,Yes,No,No,Same Day,3.3,14,Monthly,05-08-2025
103189,58,Male,Chennai,Footwear,Sandals,4866.93,1,Net Banking,Spring,No,No,Yes,Standard,4.5,32,Monthly,12-02-2025
103190,60,Female,Coimbatore,Books,Novel,1618.33,3,Credit Card,Autumn,No,No,No,Express,4.0,4,Quarterly,03-10-2024
103191,46,Male,Surat,Clothing,T-Shirt,2258.11,5,Net Banking,Winter,Yes,No,No,Standard,4.2,6,Monthly,25-08-2024
103192,57,Male,Ahmedabad,Home Decor,Vase,2128.43,5,UPI,Spring,Yes,Yes,Yes,Same Day,4.3,22,Monthly,29-09-2025
103193,57,Female,Kolkata,Grocery,Tea,1525.53,1,UPI,Winter,No,No,Yes,Same Day,3.8,32,Monthly,31-03-2025
103194,21,Male,Jaipur,Sports,Yoga Mat,7256.6,4,Net Banking,Summer,No,No,No,Standard,4.2,9,Quarterly,14-07-2025
103195,25,Female,Jaipur,Grocery,Milk,896.29,3,Net Banking,Autumn,Yes,Yes,Yes,Express,4.2,19,Quarterly,28-02-2024
103196,47,Male,Visakhapatnam,Grocery,Rice,1760.6,2,UPI,Winter,No,No,No,Express,4.2,17,Quarterly,22-09-2025
103197,58,Male,Vijayawada,Electronics,Smartphone,6488.8,2,Credit Card,Spring,No,No,Yes,Same Day,4.1,24,Monthly,17-10-2025
103198,66,Female,Pune,Books,Biography,1589.74,4,Debit Card,Autumn,Yes,Yes,No,Standard,5.0,2,Monthly,17-03-2025
103199,56,Female,Visakhapatnam,Beauty,Moisturizer,781.97,1,Credit Card,Summer,No,No,Yes,Express,4.6,11,Yearly,29-06-2025
103200,31,Male,Jaipur,Footwear,Sneakers,2995.86,3,Net Banking,Summer,Yes,Yes,No,Same Day,4.5,15,Quarterly,11-02-2025
103201,56,Female,Mysuru,Grocery,Tea,275.62,5,Debit Card,Autumn,No,No,Yes,Standard,4.2,45,Monthly,25-03-2025
103202,70,Male,Indore,Sports,Cricket Bat,11566.77,3,Net Banking,Autumn,No,No,No,Same Day,3.6,17,Yearly,15-11-2024
103203,38,Female,Nagpur,Books,Programming Book,1876.56,3,UPI,Winter,No,No,No,Express,4.4,11,Yearly,05-09-2025
103204,18,Female,Mysuru,Sports,Yoga Mat,2338.3,3,Cash,Winter,Yes,Yes,No,Standard,4.1,2,Quarterly,18-06-2024
103205,40,Male,Patna,Sports,Yoga Mat,1327.63,3,Cash,Winter,No,No,No,Standard,4.0,19,Monthly,03-06-2025
103206,47,Female,Hyderabad,Footwear,Flip Flops,6111.22,2,UPI,Summer,Yes,Yes,No,Standard,3.5,9,Quarterly,27-06-2024
103207,29,Female,Ahmedabad,Clothing,Jeans,3649.73,4,Credit Card,Winter,No,No,No,Express,4.3,7,Weekly,27-10-2024
103208,38,Male,Delhi,Books,Science Book,1764.08,3,Debit Card,Autumn,No,No,No,Same Day,5,15,Monthly,13-07-2025
103209,36,Male,Kochi,Grocery,Oil,1557.9,2,Debit Card,Autumn,Yes,No,No,Standard,4.7,7,Quarterly,22-03-2024
103210,60,Female,Vijayawada,Footwear,Sneakers,3582.33,1,UPI,Spring,Yes,Yes,No,Express,4.8,1,Yearly,01-09-2024
103211,63,Male,Bengaluru,Beauty,Moisturizer,1080.62,1,Debit Card,Autumn,No,No,No,Same Day,4.2,18,Weekly,25-09-2025
103212,41,Male,Ahmedabad,Books,Science Book,2299.93,3,Debit Card,Autumn,No,No,Yes,Standard,3.5,31,Weekly,17-01-2024
103213,70,Male,Surat,Home Decor,Curtains,1365.71,4,Debit Card,Autumn,No,No,Yes,Same Day,4.7,40,Yearly,27-06-2024
103214,25,Male,Vijayawada,Grocery,Coffee,671.64,3,Cash,Winter,Yes,Yes,Yes,Standard,4.3,31,Yearly,16-08-2025
103215,55,Female,Mumbai,Sports,Football,3166.05,3,UPI,Summer,Yes,Yes,No,Same Day,4.1,12,Monthly,23-01-2025
103216,28,Female,Coimbatore,Grocery,Coffee,1895.24,4,Net Banking,Summer,No,No,No,Standard,5,11,Yearly,05-09-2025
103217,45,Male,Surat,Clothing,Jacket,3402.51,4,Cash,Spring,No,No,No,Standard,5.0,8,Quarterly,19-03-2024
103218,67,Female,Vijayawada,Footwear,Sneakers,1390.97,4,Credit Card,Autumn,Yes,Yes,No,Same Day,4.3,8,Quarterly,18-07-2024
103219,50,Female,Vijayawada,Grocery,Milk,1793.23,2,Net Banking,Winter,Yes,Yes,No,Same Day,3.2,6,Weekly,28-07-2025
103220,68,Female,Mysuru,Clothing,Hoodie,1966.1,2,Credit Card,Summer,Yes,Yes,No,Standard,4.0,2,Quarterly,28-08-2024
103221,66,Male,Delhi,Footwear,Boots,3784.93,4,Net Banking,Winter,Yes,Yes,Yes,Standard,4.2,36,Weekly,08-06-2025
103222,50,Male,Pune,Clothing,Jeans,4456.35,3,Debit Card,Autumn,Yes,Yes,No,Same Day,4.8,5,Monthly,21-11-2024
103223,55,Female,Nagpur,Clothing,Dress,1001.34,1,Debit Card,Summer,Yes,No,No,Same Day,5,17,Weekly,16-01-2024
103224,20,Male,Patna,Footwear,Flip Flops,5744.52,2,UPI,Summer,Yes,Yes,Yes,Express,3.1,16,Yearly,23-11-2025
103225,21,Female,Nagpur,Home Decor,Curtains,3571.65,3,UPI,Winter,No,No,Yes,Standard,4.4,22,Weekly,26-08-2024
103226,39,Male,Mysuru,Sports,Tennis Racket,11506.96,4,Net Banking,Winter,Yes,Yes,Yes,Same Day,5,18,Quarterly,21-10-2024
103227,18,Male,Kochi,Sports,Cricket Bat,2638.24,5,Credit Card,Spring,No,No,Yes,Standard,4.1,32,Yearly,19-03-2025
103228,26,Male,Kolkata,Home Decor,Wall Art,5365.22,3,UPI,Spring,Yes,No,No,Standard,4.7,6,Monthly,04-10-2024
103229,70,Male,Surat,Home Decor,Vase,1926.22,5,Net Banking,Autumn,Yes,Yes,No,Express,4.1,18,Quarterly,31-08-2025
103230,60,Male,Jaipur,Books,Biography,1351.37,3,Credit Card,Spring,No,No,No,Express,5,14,Quarterly,25-02-2025
103231,70,Female,Lucknow,Beauty,Shampoo,482.5,3,Debit Card,Autumn,No,No,Yes,Express,3.4,8,Yearly,12-11-2024
103232,50,Female,Jaipur,Clothing,Jacket,2205.08,1,Net Banking,Summer,Yes,No,No,Standard,4.6,5,Quarterly,31-08-2024
103233,56,Male,Kolkata,Clothing,Kurta,3995.87,5,Net Banking,Winter,Yes,Yes,No,Express,4.2,9,Monthly,14-05-2025
103234,46,Male,Indore,Books,Programming Book,815.56,2,Credit Card,Autumn,No,No,No,Standard,4.6,4,Monthly,20-11-2024
103235,35,Male,Pune,Electronics,Camera,10759.44,2,Credit Card,Summer,No,No,Yes,Express,4.3,41,Quarterly,11-03-2024
103236,45,Male,Pune,Books,Science Book,778.17,5,Net Banking,Winter,Yes,Yes,Yes,Express,4.1,38,Monthly,19-08-2024
103237,51,Male,Coimbatore,Grocery,Oil,1041.12,5,Credit Card,Winter,No,No,Yes,Standard,4.3,8,Quarterly,13-01-2025
103238,63,Male,Surat,Clothing,Hoodie,1051.1,1,Net Banking,Autumn,Yes,Yes,Yes,Standard,4.4,41,Weekly,23-05-2025
103239,30,Female,Lucknow,Beauty,Perfume,726.61,3,Credit Card,Summer,Yes,Yes,Yes,Express,3.7,49,Weekly,02-09-2025
103240,54,Male,Pune,Books,Biography,904.84,3,Credit Card,Spring,Yes,No,No,Standard,4.0,8,Weekly,28-11-2025
103241,32,Male,Surat,Books,Biography,1724.5,4,Credit Card,Autumn,Yes,Yes,Yes,Express,3.8,20,Weekly,12-05-2025
103242,52,Female,Mysuru,Clothing,Jeans,4931.01,1,Credit Card,Autumn,Yes,Yes,Yes,Standard,4.2,18,Monthly,27-04-2025
103243,46,Female,Vijayawada,Footwear,Boots,4372.31,1,Debit Card,Summer,Yes,No,Yes,Same Day,4.3,47,Yearly,19-05-2025
103244,21,Male,Patna,Grocery,Rice,311.13,3,Debit Card,Autumn,No,No,No,Standard,4.4,11,Monthly,22-04-2025
103245,32,Male,Bhopal,Books,Programming Book,559.64,4,Debit Card,Spring,No,No,Yes,Standard,4.3,50,Yearly,24-02-2025
103246,48,Male,Patna,Grocery,Tea,821.3,4,UPI,Autumn,No,No,No,Express,4.2,7,Weekly,01-02-2025
103247,52,Male,Visakhapatnam,Beauty,Lipstick,1339.73,4,Credit Card,Autumn,Yes,No,No,Standard,4.8,3,Weekly,29-07-2024
103248,20,Female,Coimbatore,Clothing,T-Shirt,3530.29,5,Credit Card,Autumn,Yes,Yes,Yes,Standard,4.6,17,Monthly,12-08-2025
103249,63,Female,Nagpur,Footwear,Boots,3069.17,1,Cash,Spring,Yes,No,Yes,Express,3.5,33,Weekly,30-07-2024
103250,46,Male,Ahmedabad,Sports,Yoga Mat,5694.27,4,Cash,Summer,Yes,No,Yes,Standard,5.0,26,Yearly,15-12-2025
103251,55,Male,Ahmedabad,Books,Programming Book,2060.68,3,Credit Card,Summer,No,No,Yes,Express,4.2,27,Weekly,03-01-2025
103252,52,Male,Bhopal,Sports,Yoga Mat,3844.32,4,UPI,Winter,Yes,Yes,No,Standard,3.9,4,Monthly,24-10-2024
103253,39,Male,Vijayawada,Books,Biography,1606.71,2,UPI,Spring,Yes,Yes,Yes,Same Day,3.4,35,Quarterly,13-10-2024
103254,31,Female,Mysuru,Footwear,Boots,6847.1,1,Net Banking,Winter,Yes,No,Yes,Same Day,3.3,30,Weekly,27-06-2025
103255,50,Male,Kochi,Beauty,Perfume,930.41,3,Net Banking,Winter,No,No,No,Express,4.3,11,Yearly,23-09-2024
103256,59,Male,Jaipur,Footwear,Boots,2041.88,5,Credit Card,Winter,No,No,No,Express,3.7,5,Yearly,11-06-2025
103257,46,Female,Nagpur,Home Decor,Vase,5580.52,3,Credit Card,Spring,Yes,No,No,Same Day,4.7,16,Yearly,25-03-2025
103258,61,Male,Jaipur,Home Decor,Wall Art,2652.55,1,Net Banking,Summer,No,No,Yes,Express,4.6,46,Quarterly,24-06-2024
103259,64,Male,Mysuru,Beauty,Moisturizer,2891.76,3,Net Banking,Winter,No,No,No,Standard,3.8,0,Yearly,25-12-2024
103260,42,Male,Kolkata,Books,Novel,1789.01,1,UPI,Autumn,Yes,No,No,Express,5,5,Yearly,07-10-2024
103261,60,Female,Chennai,Clothing,Dress,3459.98,2,Cash,Winter,No,No,No,Express,4.1,5,Monthly,06-06-2024
103262,30,Male,Kolkata,Home Decor,Lamp,5712.76,4,UPI,Winter,No,No,Yes,Standard,4.2,13,Quarterly,25-02-2025
103263,62,Male,Nagpur,Books,Comics,736.33,1,Cash,Summer,No,No,Yes,Express,4.0,37,Quarterly,27-02-2025
103264,59,Female,Nagpur,Electronics,Laptop,10841.13,1,Net Banking,Winter,No,No,Yes,Standard,4.5,33,Weekly,09-06-2025
103265,52,Male,Bhopal,Beauty,Face Wash,462.5,5,Debit Card,Summer,Yes,No,No,Express,4.8,12,Weekly,12-04-2024
103266,28,Female,Patna,Electronics,Smartphone,21575.33,5,UPI,Autumn,No,No,No,Standard,4.3,4,Weekly,04-05-2024
103267,68,Female,Vijayawada,Clothing,Dress,1003.56,4,Cash,Winter,No,No,No,Same Day,3.6,12,Weekly,10-02-2024
103268,67,Female,Kolkata,Clothing,Jacket,4261.76,5,Credit Card,Summer,Yes,No,No,Express,4.1,2,Weekly,04-08-2025
103269,50,Female,Mumbai,Sports,Yoga Mat,5645.53,2,UPI,Spring,No,No,No,Express,5,18,Quarterly,16-09-2024
103270,35,Male,Chennai,Home Decor,Vase,5113.58,2,Debit Card,Autumn,Yes,Yes,No,Same Day,4.3,10,Weekly,05-12-2024
103271,36,Male,Ahmedabad,Books,Science Book,1714.41,2,Cash,Summer,Yes,No,No,Standard,4.5,10,Weekly,06-11-2025
103272,25,Male,Delhi,Books,Science Book,255.36,1,Cash,Spring,No,No,Yes,Same Day,4.1,36,Monthly,22-09-2025
103273,64,Female,Ahmedabad,Footwear,Sneakers,2635.5,2,Credit Card,Winter,Yes,Yes,Yes,Same Day,5,41,Weekly,14-02-2024
103274,42,Female,Bhopal,Home Decor,Vase,5241.69,4,Credit Card,Winter,No,No,No,Standard,4.3,1,Monthly,27-12-2025
103275,20,Female,Nagpur,Sports,Yoga Mat,2177.7,4,Debit Card,Autumn,Yes,No,No,Express,5,19,Quarterly,07-11-2024
103276,58,Female,Mumbai,Sports,Yoga Mat,4659.21,3,Credit Card,Winter,Yes,No,No,Same Day,4.1,3,Monthly,12-10-2025
103277,27,Male,Coimbatore,Footwear,Flip Flops,5535.32,4,Debit Card,Autumn,No,No,No,Same Day,3.8,14,Yearly,08-11-2024
103278,59,Male,Visakhapatnam,Home Decor,Carpet,5385.72,1,UPI,Summer,No,No,No,Same Day,4.1,10,Weekly,03-11-2024
103279,30,Male,Visakhapatnam,Beauty,Moisturizer,582.06,2,Debit Card,Autumn,Yes,No,No,Same Day,4.2,18,Yearly,11-06-2025
103280,64,Female,Indore,Footwear,Sandals,5553.3,3,Debit Card,Summer,No,No,No,Same Day,4.7,16,Weekly,14-08-2024
103281,43,Male,Mysuru,Electronics,Laptop,6559.77,3,Cash,Winter,No,No,Yes,Standard,4.6,48,Weekly,27-04-2024
103282,27,Male,Chennai,Clothing,Jacket,2091.46,5,Debit Card,Summer,Yes,Yes,No,Same Day,4.5,16,Weekly,25-04-2024
103283,22,Female,Visakhapatnam,Grocery,Snacks,2266.23,4,Debit Card,Spring,Yes,Yes,No,Express,4.9,12,Monthly,03-05-2024
103284,23,Male,Hyderabad,Grocery,Rice,1682.26,3,Debit Card,Summer,No,No,Yes,Standard,3.6,46,Weekly,22-05-2024
103285,39,Female,Vijayawada,Books,Programming Book,900.48,4,Cash,Summer,No,No,Yes,Same Day,4.9,8,Monthly,26-01-2025
103286,59,Male,Chennai,Beauty,Face Wash,1066.31,1,UPI,Winter,Yes,Yes,No,Express,4.2,14,Monthly,03-09-2025
103287,29,Female,Jaipur,Books,Novel,551.56,2,UPI,Winter,No,No,Yes,Same Day,4.6,25,Yearly,24-04-2024
103288,64,Male,Kochi,Home Decor,Curtains,3134.17,2,Net Banking,Autumn,No,No,No,Express,4.2,6,Weekly,30-12-2024
103289,36,Female,Lucknow,Home Decor,Carpet,1061.42,5,Net Banking,Winter,No,No,Yes,Standard,3.9,43,Yearly,31-07-2025
103290,19,Female,Delhi,Footwear,Sandals,1469.35,1,UPI,Autumn,Yes,Yes,No,Same Day,3.8,9,Yearly,01-05-2024
103291,41,Male,Vijayawada,Clothing,Kurta,3825.09,1,Debit Card,Winter,No,No,No,Same Day,3.8,10,Monthly,17-03-2025
103292,64,Male,Bengaluru,Footwear,Sandals,5400.16,2,Debit Card,Autumn,No,No,Yes,Standard,3.9,29,Quarterly,05-11-2025
103293,70,Female,Visakhapatnam,Footwear,Boots,1364.72,3,Credit Card,Autumn,No,No,No,Express,3.3,6,Weekly,05-05-2024
103294,49,Male,Visakhapatnam,Beauty,Lipstick,1221.55,2,Cash,Summer,Yes,Yes,No,Express,4.0,3,Monthly,07-05-2024
103295,49,Female,Chennai,Grocery,Rice,1252.5,1,Credit Card,Autumn,Yes,Yes,Yes,Same Day,4.5,45,Weekly,27-02-2024
103296,48,Male,Mysuru,Grocery,Coffee,1176.42,3,Credit Card,Summer,Yes,Yes,No,Standard,4.0,5,Yearly,25-03-2024
103297,60,Female,Patna,Footwear,Sneakers,2547.53,4,Cash,Autumn,Yes,Yes,No,Standard,4.0,19,Yearly,20-05-2024
103298,57,Male,Delhi,Electronics,Camera,24936.33,5,Debit Card,Winter,Yes,Yes,No,Same Day,4.7,11,Quarterly,01-08-2025
103299,33,Male,Mumbai,Home Decor,Wall Art,4665.38,1,UPI,Autumn,No,No,Yes,Express,4.2,26,Quarterly,15-11-2024
103300,63,Male,Kolkata,Electronics,Smartphone,20003.9,4,Credit Card,Summer,Yes,Yes,No,Standard,3.4,4,Quarterly,05-05-2024
103301,43,Male,Visakhapatnam,Grocery,Oil,1799.08,1,Cash,Summer,Yes,No,Yes,Same Day,3.7,50,Quarterly,07-06-2025
103302,30,Male,Hyderabad,Home Decor,Wall Art,2945.97,3,Debit Card,Winter,No,No,No,Same Day,4.1,9,Yearly,25-04-2025
103303,70,Female,Mumbai,Home Decor,Lamp,3158.13,1,Cash,Summer,No,No,No,Standard,4.3,9,Monthly,05-09-2024
103304,47,Female,Bhopal,Sports,Cricket Bat,10597.32,4,UPI,Summer,No,No,Yes,Express,3.2,37,Weekly,12-04-2025
103305,61,Female,Hyderabad,Sports,Dumbbells,6574.79,3,Credit Card,Winter,No,No,No,Standard,4.7,12,Yearly,16-01-2025
103306,34,Female,Ahmedabad,Grocery,Milk,2190.99,3,UPI,Summer,No,No,Yes,Same Day,4.0,32,Quarterly,15-01-2024
103307,38,Female,Bengaluru,Home Decor,Curtains,340.6,1,Net Banking,Summer,Yes,No,No,Standard,4.7,16,Yearly,09-10-2025
103308,63,Male,Nagpur,Beauty,Shampoo,427.43,1,Net Banking,Summer,No,No,No,Same Day,3.9,3,Weekly,17-09-2025
103309,51,Male,Coimbatore,Books,Comics,1908.3,4,Cash,Spring,Yes,Yes,Yes,Standard,2.9,34,Yearly,30-12-2025
103310,68,Male,Lucknow,Books,Science Book,539.57,5,Net Banking,Summer,Yes,Yes,No,Standard,4.1,4,Weekly,17-02-2025
103311,49,Male,Chennai,Sports,Yoga Mat,3109.74,5,Cash,Autumn,No,No,No,Same Day,4.2,2,Monthly,31-12-2025
103312,49,Female,Indore,Books,Programming Book,390.87,5,Credit Card,Autumn,Yes,Yes,No,Express,4.6,11,Yearly,03-10-2025
103313,24,Female,Ahmedabad,Grocery,Rice,1430.04,2,Cash,Summer,Yes,Yes,No,Same Day,4.9,19,Monthly,21-10-2024
103314,18,Female,Jaipur,Clothing,Jeans,4962.77,4,Net Banking,Winter,Yes,Yes,No,Express,4.7,0,Yearly,04-11-2024
103315,52,Male,Mumbai,Home Decor,Carpet,3237.11,4,Credit Card,Summer,No,No,No,Standard,4.3,9,Quarterly,06-06-2025
103316,40,Male,Visakhapatnam,Books,Programming Book,1981.44,3,UPI,Summer,No,No,Yes,Express,3.1,10,Yearly,17-01-2025
103317,54,Female,Kolkata,Electronics,Headphones,15910.26,3,Debit Card,Winter,Yes,Yes,No,Express,4.6,13,Monthly,13-12-2024
103318,23,Male,Kochi,Beauty,Shampoo,1232.2,4,Credit Card,Winter,Yes,No,No,Express,4.4,20,Yearly,10-01-2025
103319,70,Female,Bengaluru,Sports,Cricket Bat,10510.51,5,Credit Card,Summer,No,No,No,Express,3.5,1,Yearly,19-09-2024
103320,25,Male,Surat,Home Decor,Lamp,1360.26,1,UPI,Summer,Yes,Yes,Yes,Same Day,4.5,43,Quarterly,06-02-2024
103321,25,Female,Visakhapatnam,Beauty,Perfume,2124.95,2,UPI,Summer,Yes,No,No,Standard,3.9,16,Yearly,15-10-2024
103322,48,Female,Mysuru,Sports,Yoga Mat,6030.43,5,Net Banking,Autumn,No,No,Yes,Express,3.7,40,Yearly,26-09-2025
103323,56,Male,Coimbatore,Grocery,Tea,2309.98,5,Debit Card,Winter,Yes,Yes,No,Standard,3.8,15,Yearly,26-08-2025
103324,24,Male,Patna,Footwear,Sandals,6119.91,2,Credit Card,Winter,No,No,No,Same Day,3.7,18,Yearly,05-02-2025
103325,37,Male,Hyderabad,Sports,Tennis Racket,1033.8,2,Cash,Autumn,No,No,No,Standard,3.2,19,Quarterly,23-05-2024
103326,44,Female,Mumbai,Home Decor,Lamp,5991.18,2,Credit Card,Autumn,Yes,Yes,Yes,Standard,2.9,18,Quarterly,06-09-2025
103327,58,Female,Chennai,Grocery,Tea,2485.8,5,Debit Card,Summer,No,No,No,Same Day,4.1,7,Quarterly,29-07-2024
103328,46,Female,Nagpur,Sports,Tennis Racket,5019.6,1,Credit Card,Autumn,Yes,No,No,Express,4.1,2,Quarterly,17-02-2025
103329,60,Male,Jaipur,Clothing,Jacket,3013.13,5,Net Banking,Autumn,Yes,Yes,No,Standard,4.4,3,Weekly,02-02-2024
103330,29,Female,Mumbai,Grocery,Snacks,2447.24,4,UPI,Summer,Yes,No,No,Express,4.2,9,Quarterly,06-07-2024
103331,58,Male,Jaipur,Beauty,Moisturizer,375.3,4,UPI,Winter,Yes,Yes,No,Express,4.3,6,Yearly,25-04-2025
103332,24,Male,Mumbai,Home Decor,Curtains,3121.57,4,Debit Card,Summer,No,No,No,Standard,4.4,20,Quarterly,29-03-2024
103333,44,Male,Chennai,Books,Science Book,756.05,3,UPI,Autumn,No,No,No,Same Day,4.0,15,Yearly,16-12-2025
103334,40,Female,Bengaluru,Grocery,Rice,2474.88,3,Net Banking,Winter,Yes,Yes,No,Same Day,4.3,12,Yearly,15-06-2024
103335,61,Female,Mumbai,Beauty,Moisturizer,698.22,5,Net Banking,Summer,No,No,No,Same Day,3.8,14,Weekly,19-05-2025
103336,18,Male,Pune,Sports,Dumbbells,8042.85,5,Cash,Summer,No,No,Yes,Same Day,3.6,39,Quarterly,09-11-2024
103337,18,Male,Kolkata,Grocery,Oil,1594.8,4,Net Banking,Spring,No,No,No,Express,5,9,Yearly,14-12-2024
103338,70,Female,Mysuru,Home Decor,Vase,4011.43,4,Debit Card,Summer,Yes,Yes,Yes,Same Day,4.1,42,Monthly,08-01-2024
103339,43,Female,Hyderabad,Beauty,Shampoo,2014.88,2,Cash,Autumn,No,No,Yes,Express,5,32,Yearly,28-06-2025
103340,31,Male,Vijayawada,Grocery,Coffee,529.62,4,Debit Card,Summer,No,No,Yes,Standard,4.0,32,Weekly,15-08-2024
103341,26,Male,Kochi,Footwear,Sandals,3177.38,2,Debit Card,Spring,Yes,Yes,Yes,Same Day,4.0,37,Quarterly,24-10-2025
103342,45,Male,Delhi,Books,Biography,2067.89,3,Cash,Winter,Yes,No,Yes,Express,5,44,Weekly,25-07-2024
103343,38,Female,Ahmedabad,Footwear,Flip Flops,1413.2,4,Net Banking,Summer,Yes,Yes,Yes,Same Day,3.8,12,Yearly,09-09-2025
103344,33,Male,Visakhapatnam,Beauty,Face Wash,1675.55,4,Net Banking,Summer,No,No,No,Same Day,3.9,19,Yearly,18-06-2025
103345,45,Male,Bhopal,Footwear,Boots,2896.13,2,Credit Card,Autumn,Yes,No,No,Standard,3.3,14,Monthly,06-05-2025
103346,51,Male,Bhopal,Books,Biography,2369.49,3,Net Banking,Winter,Yes,Yes,No,Standard,4.3,11,Monthly,01-08-2024
103347,21,Female,Coimbatore,Home Decor,Curtains,1177.61,2,Cash,Winter,No,No,No,Standard,3.2,19,Yearly,17-02-2025
103348,52,Female,Coimbatore,Books,Programming Book,1759.05,2,Net Banking,Winter,No,No,No,Standard,4.0,14,Weekly,15-09-2025
103349,68,Male,Visakhapatnam,Electronics,Tablet,5660.02,2,Cash,Autumn,Yes,Yes,No,Standard,4.1,14,Quarterly,23-05-2024
103350,53,Female,Nagpur,Sports,Football,2903.42,3,UPI,Autumn,Yes,Yes,Yes,Same Day,3.9,23,Weekly,20-09-2025
103351,19,Female,Kolkata,Sports,Dumbbells,11377.44,4,Credit Card,Autumn,No,No,Yes,Express,3.9,17,Quarterly,02-05-2025
103352,26,Female,Kolkata,Footwear,Running Shoes,3901.17,3,Net Banking,Spring,Yes,Yes,No,Standard,4.4,16,Yearly,20-03-2025
103353,38,Male,Ahmedabad,Footwear,Boots,4582.96,3,Net Banking,Winter,No,No,No,Same Day,4.3,10,Yearly,18-01-2025
103354,36,Female,Mumbai,Home Decor,Curtains,4380.15,4,Cash,Winter,Yes,Yes,No,Express,5.0,10,Monthly,02-06-2024
103355,42,Male,Lucknow,Footwear,Sandals,6586.23,2,UPI,Spring,No,No,No,Standard,3.9,9,Quarterly,02-03-2024
103356,62,Female,Vijayawada,Books,Programming Book,797.28,5,UPI,Autumn,No,No,No,Standard,4.2,19,Quarterly,01-01-2025
103357,25,Female,Surat,Beauty,Shampoo,2694.48,1,Credit Card,Spring,No,No,No,Express,4.2,19,Weekly,16-02-2025
103358,32,Male,Delhi,Clothing,Jacket,4399.84,3,Debit Card,Autumn,No,No,No,Express,4.2,11,Quarterly,06-07-2024
103359,52,Female,Ahmedabad,Beauty,Face Wash,2347.01,2,Net Banking,Autumn,No,No,Yes,Same Day,4.7,27,Monthly,01-08-2024
103360,20,Female,Hyderabad,Electronics,Smartphone,11984.53,4,Net Banking,Autumn,Yes,Yes,No,Same Day,4.5,10,Weekly,14-01-2024
103361,22,Male,Surat,Sports,Cricket Bat,10337.86,3,UPI,Spring,No,No,No,Standard,3.9,3,Weekly,04-12-2025
103362,27,Male,Ahmedabad,Sports,Tennis Racket,4316.46,5,Cash,Winter,No,No,No,Standard,4.3,7,Monthly,08-01-2024
103363,21,Female,Bhopal,Footwear,Flip Flops,6145.51,5,Credit Card,Spring,Yes,Yes,Yes,Same Day,4.8,31,Weekly,25-09-2024
103364,53,Male,Patna,Grocery,Milk,2438.53,3,UPI,Summer,Yes,Yes,No,Same Day,4.6,18,Yearly,27-12-2024
103365,59,Male,Indore,Home Decor,Carpet,1744.88,4,Debit Card,Winter,No,No,Yes,Standard,3.9,19,Monthly,29-01-2024
103366,37,Female,Bhopal,Electronics,Tablet,22432.1,3,UPI,Spring,No,No,No,Standard,4.6,0,Monthly,08-12-2024
103367,45,Male,Indore,Electronics,Smart Watch,5581.88,3,Net Banking,Spring,No,No,No,Same Day,4.6,11,Yearly,14-03-2025
103368,54,Male,Vijayawada,Grocery,Tea,421.31,5,Debit Card,Winter,Yes,No,No,Express,3.6,18,Monthly,17-04-2025
103369,38,Male,Chennai,Footwear,Flip Flops,5071.61,5,Cash,Spring,No,No,No,Same Day,4.4,1,Yearly,05-10-2024
103370,32,Male,Chennai,Books,Novel,476.6,5,UPI,Summer,Yes,Yes,No,Express,4.4,9,Yearly,20-11-2025
103371,53,Male,Kolkata,Footwear,Sandals,6674.77,2,UPI,Summer,No,No,No,Standard,4.7,6,Monthly,12-09-2024
103372,69,Male,Pune,Books,Comics,1408.69,3,Credit Card,Autumn,Yes,Yes,No,Express,4.2,0,Quarterly,17-02-2025
103373,39,Male,Bengaluru,Sports,Dumbbells,1355.75,3,Net Banking,Autumn,No,No,No,Same Day,4.2,1,Quarterly,25-04-2025
103374,62,Female,Coimbatore,Grocery,Rice,1443.05,5,UPI,Winter,Yes,Yes,No,Express,3.6,10,Quarterly,26-09-2025
103375,25,Female,Mumbai,Clothing,Jacket,4798.26,3,Cash,Winter,No,No,No,Standard,4.8,16,Quarterly,15-09-2024
103376,44,Female,Kochi,Clothing,Kurta,4295.37,4,Cash,Winter,No,No,Yes,Same Day,3.7,8,Quarterly,24-10-2024
103377,32,Female,Nagpur,Grocery,Milk,1178.79,3,Net Banking,Autumn,No,No,Yes,Same Day,4.0,48,Monthly,09-10-2024
103378,29,Female,Kochi,Home Decor,Curtains,5843.19,5,Debit Card,Spring,Yes,Yes,Yes,Same Day,4.0,43,Yearly,09-04-2024
103379,43,Male,Lucknow,Home Decor,Carpet,3363.73,1,Debit Card,Summer,No,No,No,Standard,4.6,17,Monthly,20-03-2024
103380,18,Male,Nagpur,Beauty,Perfume,1618.92,4,Credit Card,Autumn,No,No,No,Express,4.4,3,Yearly,14-08-2025
103381,69,Male,Nagpur,Beauty,Moisturizer,2338.23,1,Net Banking,Winter,Yes,Yes,Yes,Same Day,4.4,19,Quarterly,13-11-2025
103382,38,Female,Jaipur,Home Decor,Curtains,386.11,4,Debit Card,Winter,No,No,Yes,Express,4.5,48,Weekly,07-04-2025
103383,24,Female,Indore,Beauty,Shampoo,1340.51,4,Cash,Spring,No,No,No,Express,5.0,18,Quarterly,25-09-2024
103384,39,Female,Chennai,Footwear,Boots,4385.68,2,Debit Card,Spring,Yes,Yes,Yes,Express,5.0,40,Monthly,10-06-2025
103385,67,Male,Coimbatore,Sports,Cricket Bat,1337.09,4,Debit Card,Spring,Yes,No,Yes,Express,4.1,24,Monthly,19-05-2025
103386,45,Male,Bhopal,Grocery,Oil,1775.23,3,UPI,Autumn,Yes,Yes,Yes,Express,4.5,31,Monthly,11-07-2024
103387,23,Male,Ahmedabad,Books,Programming Book,411.33,4,Net Banking,Spring,Yes,No,No,Standard,3.8,16,Quarterly,08-05-2025
103388,24,Female,Vijayawada,Clothing,Hoodie,4357.18,3,Debit Card,Summer,Yes,Yes,No,Same Day,3.8,11,Yearly,05-08-2024
103389,64,Male,Surat,Sports,Tennis Racket,1355.67,3,Credit Card,Spring,Yes,Yes,Yes,Express,4.4,37,Monthly,24-04-2025
103390,56,Male,Coimbatore,Footwear,Sandals,6546.73,3,Cash,Autumn,No,No,No,Express,3.8,0,Quarterly,04-01-2024
103391,34,Female,Mumbai,Beauty,Lipstick,2087.41,5,UPI,Spring,No,No,No,Same Day,3.9,12,Weekly,30-06-2024
103392,47,Male,Pune,Books,Programming Book,715.14,4,Credit Card,Winter,No,No,Yes,Same Day,4.2,16,Quarterly,01-03-2024
103393,55,Male,Ahmedabad,Home Decor,Curtains,2946.66,3,Credit Card,Autumn,Yes,Yes,Yes,Standard,4.6,49,Quarterly,23-09-2024
103394,54,Female,Visakhapatnam,Beauty,Lipstick,2352.83,3,UPI,Summer,No,No,No,Same Day,4.9,11,Quarterly,21-09-2025
103395,70,Male,Hyderabad,Sports,Yoga Mat,7632.71,5,Cash,Summer,No,No,Yes,Express,4.2,11,Quarterly,01-04-2024
103396,56,Male,Visakhapatnam,Home Decor,Curtains,2774.99,4,Debit Card,Spring,Yes,No,Yes,Same Day,4.3,32,Monthly,15-12-2025
103397,26,Male,Pune,Grocery,Coffee,635.48,3,Credit Card,Autumn,Yes,Yes,No,Express,3.7,5,Quarterly,09-08-2025
103398,27,Female,Chennai,Home Decor,Wall Art,3953.52,3,Cash,Autumn,No,No,No,Standard,3.8,17,Quarterly,29-09-2025
103399,67,Female,Kochi,Books,Programming Book,704.16,2,Cash,Winter,Yes,Yes,No,Express,3.4,11,Weekly,03-08-2024
103400,32,Female,Indore,Clothing,Hoodie,4037.12,3,Credit Card,Spring,Yes,Yes,Yes,Express,4.6,18,Quarterly,07-06-2025
103401,47,Female,Vijayawada,Beauty,Perfume,1618.15,2,Net Banking,Winter,No,No,Yes,Same Day,4.8,29,Monthly,05-01-2025
103402,39,Male,Lucknow,Footwear,Boots,1789.14,1,Debit Card,Spring,Yes,No,No,Express,4.1,6,Monthly,27-11-2025
103403,45,Male,Ahmedabad,Home Decor,Carpet,2980.23,3,Cash,Autumn,No,No,No,Express,4.3,0,Weekly,11-11-2025
103404,63,Male,Visakhapatnam,Clothing,T-Shirt,3119.58,3,UPI,Summer,Yes,No,No,Standard,4.1,0,Yearly,02-09-2025
103405,34,Male,Pune,Beauty,Face Wash,1346.0,2,Credit Card,Winter,Yes,Yes,Yes,Same Day,4.5,43,Quarterly,27-09-2024
103406,38,Male,Mysuru,Grocery,Oil,1103.36,5,Cash,Winter,Yes,Yes,No,Same Day,4.2,3,Weekly,21-03-2024
103407,52,Female,Pune,Clothing,Hoodie,1380.61,2,Cash,Summer,Yes,Yes,No,Express,4.0,19,Weekly,31-07-2024
103408,23,Male,Lucknow,Beauty,Moisturizer,1444.41,5,Cash,Summer,No,No,No,Standard,4.5,18,Monthly,21-12-2025
103409,53,Female,Kochi,Clothing,Jacket,3374.78,2,Cash,Spring,Yes,No,Yes,Standard,4.5,29,Quarterly,23-01-2024
103410,50,Male,Mysuru,Beauty,Lipstick,2227.92,1,Cash,Winter,No,No,No,Express,3.9,19,Yearly,06-08-2025
103411,25,Female,Patna,Beauty,Shampoo,2916.09,4,Debit Card,Winter,No,No,No,Standard,4.8,18,Weekly,04-09-2025
103412,38,Female,Visakhapatnam,Electronics,Laptop,22972.96,4,Credit Card,Autumn,Yes,Yes,Yes,Standard,5,13,Monthly,18-06-2024
103413,44,Female,Surat,Books,Novel,1223.71,5,Debit Card,Autumn,No,No,Yes,Standard,4.6,45,Weekly,01-03-2024
103414,47,Male,Mysuru,Sports,Yoga Mat,11270.62,3,Debit Card,Summer,Yes,Yes,No,Standard,4.4,2,Weekly,14-12-2024
103415,61,Male,Delhi,Grocery,Tea,1260.18,5,Cash,Spring,No,No,No,Same Day,4.8,1,Quarterly,15-07-2025
103416,51,Female,Visakhapatnam,Sports,Tennis Racket,3665.53,2,Credit Card,Spring,No,No,No,Express,3.9,6,Quarterly,07-12-2024
103417,59,Male,Mysuru,Footwear,Sneakers,6340.9,1,Net Banking,Spring,Yes,Yes,Yes,Same Day,4.1,43,Weekly,20-11-2024
103418,53,Female,Hyderabad,Clothing,Jacket,3493.55,2,Debit Card,Winter,Yes,No,No,Same Day,4.9,9,Quarterly,14-06-2024
103419,69,Female,Jaipur,Sports,Cricket Bat,5865.03,3,Debit Card,Summer,Yes,Yes,No,Same Day,3.3,8,Quarterly,14-12-2024
103420,34,Male,Patna,Beauty,Shampoo,2872.2,4,Debit Card,Autumn,Yes,Yes,No,Standard,3.7,12,Quarterly,19-11-2025
103421,39,Male,Coimbatore,Beauty,Shampoo,2421.77,4,Net Banking,Summer,No,No,No,Standard,3.6,12,Weekly,18-06-2024
103422,28,Male,Mysuru,Footwear,Boots,5766.48,1,Credit Card,Spring,Yes,No,No,Same Day,3.9,12,Yearly,24-08-2025
103423,61,Female,Mysuru,Electronics,Headphones,6548.18,4,Debit Card,Summer,Yes,No,No,Standard,4.3,7,Quarterly,27-07-2024
103424,21,Female,Kolkata,Beauty,Moisturizer,1509.59,4,Debit Card,Winter,No,No,No,Standard,4.3,0,Quarterly,22-07-2024
103425,38,Male,Kolkata,Books,Novel,761.12,1,Credit Card,Summer,No,No,No,Express,4.8,1,Yearly,05-10-2024
103426,22,Male,Indore,Books,Science Book,455.74,4,Net Banking,Summer,Yes,No,No,Same Day,4.0,2,Quarterly,06-07-2025
103427,37,Male,Hyderabad,Home Decor,Curtains,3680.14,5,UPI,Summer,Yes,Yes,Yes,Same Day,5,49,Weekly,09-09-2024
103428,63,Female,Kochi,Clothing,Jacket,2732.63,2,Cash,Autumn,Yes,No,No,Express,3.9,20,Monthly,02-12-2024
103429,58,Male,Visakhapatnam,Clothing,Hoodie,1126.43,3,Credit Card,Autumn,Yes,Yes,No,Same Day,3.8,10,Yearly,19-09-2025
103430,38,Male,Kolkata,Beauty,Perfume,1170.27,1,Net Banking,Winter,Yes,Yes,No,Standard,3.5,13,Yearly,28-10-2024
103431,68,Male,Lucknow,Electronics,Smart Watch,10617.8,2,Debit Card,Autumn,Yes,Yes,Yes,Express,4.1,17,Yearly,08-12-2024
103432,19,Male,Ahmedabad,Electronics,Laptop,16422.46,3,UPI,Spring,No,No,No,Same Day,4.2,4,Quarterly,08-05-2024
103433,44,Female,Pune,Sports,Tennis Racket,6001.94,2,UPI,Summer,No,No,No,Express,4.6,6,Quarterly,18-10-2024
103434,67,Female,Mysuru,Beauty,Moisturizer,2877.5,4,Debit Card,Winter,No,No,No,Express,4.1,16,Monthly,30-01-2025
103435,31,Male,Delhi,Sports,Cricket Bat,6267.69,5,Net Banking,Summer,No,No,Yes,Standard,4.2,13,Yearly,13-11-2025
103436,36,Male,Patna,Books,Novel,1041.63,3,Cash,Autumn,Yes,No,No,Express,4.2,12,Weekly,01-03-2025
103437,62,Male,Bhopal,Electronics,Smartphone,5584.98,4,Net Banking,Summer,No,No,No,Standard,4.7,18,Quarterly,28-12-2025
103438,54,Female,Bhopal,Sports,Football,1583.27,3,Net Banking,Summer,No,No,Yes,Same Day,4.1,13,Monthly,10-06-2024
103439,50,Female,Bengaluru,Grocery,Tea,1174.19,1,Credit Card,Spring,No,No,No,Same Day,4.5,1,Yearly,13-03-2024
103440,59,Male,Kolkata,Clothing,Jeans,4429.7,3,Net Banking,Autumn,Yes,No,Yes,Same Day,4.0,38,Weekly,11-12-2025
103441,27,Male,Bengaluru,Footwear,Flip Flops,5673.21,2,Debit Card,Summer,No,No,No,Standard,4.3,1,Quarterly,10-03-2024
103442,57,Female,Nagpur,Clothing,Hoodie,4637.07,2,Net Banking,Winter,No,No,Yes,Same Day,4.8,23,Monthly,25-03-2025
103443,33,Female,Hyderabad,Books,Programming Book,1678.34,3,Credit Card,Summer,No,No,No,Same Day,4.3,17,Yearly,02-12-2024
103444,42,Female,Coimbatore,Clothing,Jacket,1718.39,1,Cash,Summer,No,No,Yes,Standard,3.3,24,Yearly,24-06-2025
103445,69,Male,Vijayawada,Clothing,Jacket,2775.82,4,Credit Card,Spring,No,No,No,Standard,4.5,17,Weekly,01-08-2024
103446,31,Male,Jaipur,Electronics,Laptop,22968.57,5,Net Banking,Spring,No,No,No,Standard,3.7,7,Yearly,28-08-2025
103447,18,Female,Ahmedabad,Sports,Cricket Bat,7200.35,3,UPI,Autumn,No,No,No,Express,4.3,0,Yearly,09-04-2024
103448,27,Female,Ahmedabad,Footwear,Flip Flops,5501.78,1,Cash,Spring,No,No,No,Same Day,5,20,Yearly,29-08-2025
103449,51,Female,Mumbai,Beauty,Moisturizer,2844.44,4,Credit Card,Summer,No,No,No,Standard,3.9,8,Weekly,23-11-2024
103450,28,Male,Kochi,Books,Science Book,2169.31,3,Net Banking,Autumn,No,No,Yes,Standard,4.2,23,Quarterly,11-05-2024
103451,38,Female,Surat,Grocery,Snacks,368.52,1,Cash,Autumn,Yes,Yes,Yes,Express,4.1,30,Quarterly,05-05-2025
103452,67,Male,Pune,Clothing,Jeans,4244.22,1,Debit Card,Autumn,Yes,No,Yes,Same Day,3.7,47,Weekly,10-04-2024
103453,21,Male,Jaipur,Grocery,Snacks,1083.16,2,Credit Card,Autumn,No,No,Yes,Standard,4.7,15,Yearly,05-06-2025
103454,21,Male,Delhi,Footwear,Flip Flops,5067.47,3,Cash,Summer,No,No,No,Standard,3.7,3,Yearly,22-05-2025
103455,29,Female,Surat,Sports,Dumbbells,10836.5,5,Net Banking,Autumn,Yes,Yes,Yes,Express,3.4,36,Yearly,01-04-2024
103456,46,Male,Indore,Clothing,Dress,4886.77,1,Debit Card,Winter,Yes,Yes,Yes,Standard,4.1,42,Weekly,04-10-2025
103457,31,Male,Chennai,Electronics,Smartphone,18944.91,5,Credit Card,Autumn,No,No,No,Same Day,4.4,5,Quarterly,27-08-2024
103458,58,Female,Delhi,Electronics,Tablet,20928.14,5,Cash,Summer,Yes,Yes,No,Express,4.1,9,Weekly,22-01-2024
103459,56,Male,Kolkata,Clothing,Dress,1745.41,1,UPI,Autumn,No,No,No,Standard,4.0,16,Weekly,21-07-2024
103460,22,Female,Hyderabad,Electronics,Smartphone,12741.86,1,Cash,Winter,No,No,Yes,Same Day,4.1,32,Quarterly,27-02-2025
103461,19,Female,Delhi,Home Decor,Vase,3326.31,5,UPI,Spring,No,No,No,Same Day,3.8,4,Monthly,19-08-2024
103462,37,Female,Coimbatore,Home Decor,Wall Art,1275.44,2,Net Banking,Winter,Yes,Yes,No,Standard,4.5,1,Yearly,05-06-2024
103463,35,Female,Mumbai,Electronics,Camera,14541.36,2,Credit Card,Spring,Yes,No,No,Same Day,4.7,2,Yearly,09-03-2025
103464,41,Male,Indore,Sports,Cricket Bat,6552.29,3,UPI,Autumn,Yes,Yes,No,Express,4.3,4,Weekly,09-01-2025
103465,38,Female,Indore,Books,Novel,1114.22,3,UPI,Winter,No,No,No,Express,3.8,5,Weekly,09-12-2024
103466,19,Male,Surat,Books,Novel,1799.72,1,Debit Card,Summer,Yes,No,No,Express,4.5,3,Yearly,17-05-2025
103467,23,Female,Hyderabad,Footwear,Running Shoes,5181.95,2,Credit Card,Autumn,Yes,Yes,Yes,Same Day,4.4,29,Quarterly,02-07-2025
103468,62,Male,Hyderabad,Electronics,Headphones,21382.49,2,Debit Card,Summer,Yes,No,No,Standard,3.6,16,Yearly,07-07-2025
103469,18,Male,Kolkata,Grocery,Oil,703.7,5,Net Banking,Summer,No,No,Yes,Standard,3.8,15,Weekly,10-09-2024
103470,60,Male,Mumbai,Books,Programming Book,2256.34,1,Debit Card,Winter,No,No,Yes,Express,4.0,27,Weekly,31-05-2024
103471,70,Male,Mysuru,Grocery,Tea,947.28,1,Credit Card,Winter,No,No,No,Same Day,4.2,1,Yearly,16-07-2024
103472,25,Male,Surat,Sports,Tennis Racket,5503.72,3,Net Banking,Summer,No,No,No,Express,4.2,19,Monthly,22-02-2025
103473,48,Male,Coimbatore,Sports,Football,11072.38,4,Debit Card,Summer,Yes,Yes,No,Same Day,3.2,6,Quarterly,20-11-2025
103474,63,Female,Patna,Footwear,Running Shoes,4128.42,1,Debit Card,Spring,No,No,No,Same Day,4.8,11,Monthly,21-09-2024
103475,52,Female,Lucknow,Grocery,Oil,2343.64,1,Debit Card,Winter,Yes,Yes,No,Standard,4.1,15,Weekly,10-07-2025
103476,19,Male,Kolkata,Sports,Dumbbells,10736.04,1,Net Banking,Summer,No,No,No,Same Day,5,18,Yearly,04-03-2024
103477,24,Male,Ahmedabad,Books,Science Book,2131.69,5,Debit Card,Summer,Yes,Yes,No,Same Day,5,2,Weekly,14-11-2024
103478,45,Male,Indore,Electronics,Tablet,21813.7,2,Credit Card,Winter,No,No,No,Same Day,4.1,9,Monthly,08-05-2025
103479,33,Female,Lucknow,Beauty,Face Wash,2374.39,3,Cash,Autumn,No,No,Yes,Standard,4.5,50,Weekly,13-02-2024
103480,24,Female,Coimbatore,Grocery,Coffee,2045.0,2,UPI,Winter,No,No,No,Same Day,4.1,12,Weekly,09-08-2025
103481,58,Female,Bhopal,Clothing,Hoodie,2506.62,1,Cash,Spring,No,No,No,Same Day,4.0,18,Weekly,08-08-2024
103482,26,Male,Bengaluru,Grocery,Tea,2452.39,5,UPI,Summer,Yes,Yes,No,Same Day,4.1,5,Weekly,20-12-2024
103483,21,Female,Jaipur,Books,Comics,866.91,3,Cash,Winter,Yes,Yes,No,Same Day,4.3,10,Quarterly,04-04-2025
103484,29,Male,Pune,Footwear,Running Shoes,1415.76,3,Net Banking,Summer,No,No,No,Same Day,5,4,Monthly,31-07-2025
103485,48,Female,Hyderabad,Electronics,Tablet,24332.47,4,Credit Card,Spring,Yes,Yes,Yes,Same Day,4.3,9,Quarterly,15-06-2025
103486,48,Female,Kochi,Beauty,Face Wash,1576.29,5,Debit Card,Winter,No,No,Yes,Express,4.0,37,Quarterly,28-07-2024
103487,27,Female,Patna,Footwear,Boots,4507.24,5,UPI,Winter,No,No,Yes,Express,3.6,26,Quarterly,23-03-2025
103488,43,Female,Indore,Grocery,Snacks,401.85,5,Credit Card,Autumn,No,No,Yes,Standard,5.0,36,Yearly,04-08-2025
103489,57,Female,Chennai,Beauty,Perfume,1315.83,2,Credit Card,Winter,No,No,No,Standard,4.1,4,Yearly,07-05-2025
103490,48,Female,Coimbatore,Sports,Cricket Bat,4166.45,4,Credit Card,Winter,Yes,Yes,Yes,Same Day,4.4,48,Weekly,19-01-2024
103491,70,Male,Nagpur,Beauty,Lipstick,1562.06,5,Cash,Spring,No,No,No,Express,3.9,14,Yearly,24-03-2025
103492,19,Female,Nagpur,Home Decor,Curtains,3349.43,3,Cash,Summer,No,No,No,Standard,3.7,10,Weekly,18-02-2025
103493,38,Male,Indore,Beauty,Perfume,851.61,2,UPI,Autumn,Yes,No,No,Standard,4.0,10,Monthly,05-10-2025
103494,45,Female,Mumbai,Books,Comics,2321.63,3,Cash,Winter,No,No,Yes,Standard,3.9,35,Weekly,21-05-2025
103495,47,Male,Mumbai,Electronics,Camera,24914.91,3,Debit Card,Summer,No,No,Yes,Standard,4.0,23,Monthly,26-09-2024
103496,56,Female,Nagpur,Sports,Yoga Mat,7085.84,2,Debit Card,Spring,No,No,Yes,Express,4.3,50,Monthly,22-05-2024
103497,23,Male,Chennai,Electronics,Smartphone,15009.73,1,Credit Card,Spring,No,No,Yes,Same Day,4.1,37,Weekly,30-06-2025
103498,39,Female,Coimbatore,Home Decor,Carpet,4201.3,2,Debit Card,Summer,No,No,No,Standard,4.8,10,Monthly,22-08-2024
103499,22,Male,Kochi,Clothing,Jeans,2256.02,3,Net Banking,Summer,No,No,Yes,Express,3.6,50,Quarterly,03-02-2025
103500,50,Female,Lucknow,Books,Biography,1210.73,4,UPI,Summer,No,No,Yes,Express,3.8,37,Weekly,02-10-2025
103501,51,Female,Indore,Footwear,Boots,4252.98,5,UPI,Spring,No,No,No,Express,3.5,12,Quarterly,23-04-2025
103502,45,Female,Bhopal,Beauty,Lipstick,2217.4,3,Net Banking,Winter,No,No,No,Standard,4.7,4,Quarterly,01-10-2024
103503,61,Female,Delhi,Home Decor,Carpet,4217.79,1,Net Banking,Summer,Yes,No,No,Express,4.1,7,Weekly,26-08-2025
103504,22,Female,Mumbai,Clothing,Hoodie,4944.75,5,Debit Card,Spring,Yes,No,Yes,Standard,4.6,16,Yearly,05-06-2025
103505,60,Female,Pune,Home Decor,Lamp,5978.6,4,UPI,Spring,No,No,Yes,Same Day,4.5,14,Yearly,15-01-2025
103506,64,Female,Hyderabad,Clothing,Dress,2641.15,3,Cash,Autumn,Yes,Yes,Yes,Standard,3.8,10,Monthly,12-03-2025
103507,32,Male,Bengaluru,Books,Science Book,2088.34,2,Credit Card,Summer,Yes,No,No,Standard,3.5,9,Quarterly,20-09-2024
103508,53,Female,Patna,Beauty,Moisturizer,687.26,5,Cash,Autumn,Yes,No,No,Express,4.0,15,Yearly,12-07-2025
103509,61,Male,Delhi,Footwear,Sandals,2940.99,3,Net Banking,Summer,No,No,Yes,Same Day,3.6,13,Weekly,03-05-2025
103510,60,Female,Coimbatore,Clothing,Jacket,4563.5,4,Cash,Summer,No,No,Yes,Express,3.7,29,Quarterly,30-12-2025
103511,46,Male,Mumbai,Grocery,Coffee,730.28,1,Debit Card,Winter,Yes,Yes,No,Same Day,4.4,15,Weekly,13-05-2024
103512,45,Male,Vijayawada,Home Decor,Curtains,5690.65,4,Net Banking,Autumn,Yes,No,No,Express,3.9,9,Monthly,26-12-2025
103513,61,Female,Surat,Clothing,T-Shirt,3704.07,2,Cash,Summer,Yes,Yes,No,Same Day,4.5,0,Quarterly,05-02-2024
103514,25,Male,Pune,Footwear,Running Shoes,2182.59,4,Credit Card,Spring,Yes,Yes,No,Express,5,19,Monthly,21-03-2025
103515,70,Female,Vijayawada,Sports,Yoga Mat,8756.6,1,UPI,Winter,Yes,Yes,No,Same Day,3.9,15,Monthly,19-12-2024
103516,29,Male,Chennai,Sports,Cricket Bat,10454.88,5,Cash,Spring,No,No,Yes,Same Day,3.9,29,Weekly,05-01-2024
103517,33,Male,Pune,Electronics,Headphones,5850.3,5,Credit Card,Autumn,Yes,Yes,No,Express,4.4,5,Weekly,25-10-2024
103518,23,Female,Nagpur,Sports,Dumbbells,10469.3,2,Debit Card,Winter,Yes,No,Yes,Express,4.2,36,Weekly,04-05-2024
103519,43,Female,Coimbatore,Books,Biography,1863.18,1,Credit Card,Winter,Yes,Yes,No,Standard,4.3,12,Quarterly,24-02-2024
103520,30,Male,Coimbatore,Footwear,Boots,5642.95,1,Debit Card,Summer,Yes,No,No,Express,4.3,10,Weekly,07-11-2025
103521,45,Female,Bhopal,Sports,Tennis Racket,6812.83,4,Cash,Winter,No,No,No,Same Day,4.9,20,Quarterly,25-02-2025
103522,18,Male,Visakhapatnam,Clothing,Jacket,3920.19,4,Debit Card,Summer,Yes,Yes,Yes,Express,3.9,40,Quarterly,15-05-2025
103523,29,Male,Pune,Clothing,T-Shirt,1162.71,5,Credit Card,Summer,No,No,No,Express,3.4,7,Monthly,19-10-2025
103524,35,Male,Nagpur,Footwear,Sandals,3811.01,3,Cash,Winter,Yes,Yes,No,Express,4.6,8,Weekly,13-02-2024
103525,25,Female,Pune,Electronics,Laptop,17882.42,3,Cash,Summer,No,No,Yes,Same Day,4.5,30,Quarterly,04-06-2025
103526,59,Female,Kolkata,Clothing,Jacket,887.88,3,Debit Card,Autumn,No,No,Yes,Same Day,5,33,Weekly,26-10-2025
103527,47,Female,Mumbai,Electronics,Headphones,23938.65,2,UPI,Summer,No,No,No,Same Day,4.2,15,Monthly,17-05-2025
103528,58,Female,Hyderabad,Electronics,Camera,7108.05,2,Net Banking,Spring,Yes,Yes,No,Standard,3.9,8,Quarterly,23-11-2025
103529,43,Female,Lucknow,Home Decor,Lamp,2885.35,1,Cash,Winter,Yes,Yes,No,Standard,4.3,9,Weekly,09-03-2024
103530,64,Female,Chennai,Electronics,Smart Watch,8676.86,5,Credit Card,Spring,Yes,Yes,No,Same Day,5,12,Weekly,30-06-2025
103531,38,Female,Mysuru,Footwear,Running Shoes,4514.49,5,UPI,Winter,No,No,Yes,Same Day,4.4,49,Yearly,23-09-2025
103532,24,Male,Patna,Sports,Football,2892.95,5,Credit Card,Spring,Yes,No,No,Same Day,4.2,11,Weekly,07-05-2025
103533,19,Female,Lucknow,Grocery,Snacks,713.39,2,Cash,Summer,Yes,No,No,Standard,4.8,7,Monthly,28-05-2025
103534,59,Female,Patna,Sports,Tennis Racket,5638.14,3,Debit Card,Autumn,Yes,Yes,Yes,Same Day,4.0,33,Yearly,13-10-2024
103535,54,Male,Lucknow,Footwear,Sandals,5574.67,5,Credit Card,Spring,No,No,Yes,Standard,4.5,44,Weekly,10-11-2025
103536,24,Male,Surat,Books,Science Book,1414.9,2,Debit Card,Summer,Yes,Yes,No,Standard,5,7,Monthly,27-03-2025
103537,31,Female,Bengaluru,Footwear,Running Shoes,3829.21,2,Credit Card,Spring,No,No,No,Same Day,4.8,14,Weekly,17-05-2025
103538,49,Male,Kochi,Books,Novel,398.61,3,Debit Card,Winter,Yes,Yes,Yes,Express,4.6,22,Weekly,30-04-2025
103539,19,Male,Chennai,Clothing,Dress,1524.48,1,Credit Card,Spring,Yes,No,Yes,Express,4.5,41,Quarterly,09-01-2024
103540,67,Male,Mumbai,Clothing,T-Shirt,2098.51,5,UPI,Summer,No,No,No,Express,3.6,7,Yearly,30-05-2024
103541,36,Female,Bhopal,Home Decor,Wall Art,730.35,3,Cash,Spring,No,No,Yes,Express,4.8,36,Monthly,30-07-2024
103542,58,Male,Jaipur,Sports,Yoga Mat,6571.84,1,Net Banking,Summer,Yes,No,No,Same Day,3.8,14,Weekly,07-06-2025
103543,42,Female,Kochi,Beauty,Face Wash,539.61,4,Net Banking,Winter,No,No,No,Same Day,4.4,4,Yearly,25-02-2025
103544,28,Female,Coimbatore,Clothing,Kurta,3533.26,5,Cash,Winter,No,No,No,Express,4.0,18,Yearly,30-10-2024
103545,56,Female,Nagpur,Sports,Yoga Mat,5657.28,2,Net Banking,Spring,Yes,No,No,Standard,4.6,14,Yearly,21-06-2025
103546,33,Male,Vijayawada,Footwear,Sandals,2204.46,4,Debit Card,Spring,No,No,No,Same Day,3.9,7,Monthly,20-03-2025
103547,59,Female,Ahmedabad,Books,Comics,2140.26,1,Debit Card,Summer,Yes,Yes,No,Standard,5,10,Monthly,18-05-2024
103548,61,Male,Surat,Clothing,Jeans,2863.79,1,Credit Card,Summer,Yes,No,Yes,Same Day,3.9,48,Quarterly,07-12-2024
103549,31,Female,Bengaluru,Books,Programming Book,1236.93,5,UPI,Spring,Yes,Yes,No,Express,4.7,6,Weekly,20-12-2024
103550,54,Female,Jaipur,Home Decor,Curtains,5389.6,4,UPI,Autumn,No,No,No,Same Day,4.7,9,Yearly,14-05-2025
103551,38,Female,Kolkata,Clothing,T-Shirt,1652.45,4,Debit Card,Spring,Yes,Yes,No,Same Day,4.2,5,Monthly,08-10-2025
103552,42,Male,Patna,Sports,Dumbbells,8244.96,1,UPI,Summer,No,No,Yes,Standard,4.7,8,Weekly,16-01-2025
103553,57,Male,Surat,Sports,Dumbbells,6009.03,4,UPI,Spring,No,No,No,Express,4.4,2,Monthly,16-02-2024
103554,60,Male,Delhi,Books,Novel,638.07,2,UPI,Winter,No,No,No,Standard,3.4,19,Quarterly,05-02-2024
103555,23,Female,Ahmedabad,Beauty,Perfume,2751.61,3,Cash,Autumn,Yes,Yes,No,Express,4.1,20,Monthly,10-09-2024
103556,37,Male,Indore,Beauty,Perfume,2036.46,4,Credit Card,Spring,Yes,No,No,Same Day,4.4,2,Monthly,26-01-2025
103557,39,Male,Bengaluru,Beauty,Face Wash,1450.07,3,Debit Card,Summer,No,No,No,Express,4.6,9,Weekly,06-03-2024
103558,43,Female,Mysuru,Clothing,Kurta,2421.51,4,Cash,Spring,Yes,Yes,No,Standard,5,12,Quarterly,07-03-2024
103559,45,Female,Vijayawada,Home Decor,Wall Art,669.52,3,Credit Card,Autumn,No,No,Yes,Standard,3.5,25,Monthly,25-12-2024
103560,56,Male,Mysuru,Clothing,Dress,3700.05,4,Debit Card,Spring,No,No,Yes,Standard,3.9,32,Monthly,11-04-2025
103561,24,Male,Kochi,Clothing,T-Shirt,3946.65,3,Credit Card,Autumn,No,No,Yes,Express,4.0,47,Weekly,12-08-2025
103562,31,Male,Vijayawada,Footwear,Sneakers,4959.69,2,Credit Card,Winter,Yes,Yes,No,Standard,3.4,19,Quarterly,19-08-2025
103563,25,Male,Mysuru,Beauty,Face Wash,672.73,3,Net Banking,Spring,Yes,No,No,Standard,3.4,13,Monthly,03-01-2024
103564,25,Male,Mysuru,Electronics,Smart Watch,8399.23,3,UPI,Winter,No,No,Yes,Express,4.1,23,Weekly,20-05-2025
103565,69,Male,Mumbai,Books,Programming Book,1312.78,5,Credit Card,Summer,Yes,Yes,Yes,Standard,4.9,44,Weekly,11-09-2024
103566,63,Female,Delhi,Beauty,Perfume,2211.4,3,UPI,Autumn,Yes,Yes,Yes,Same Day,3.9,31,Weekly,11-08-2025
103567,23,Female,Patna,Home Decor,Lamp,1245.01,5,Net Banking,Summer,No,No,Yes,Standard,3.9,36,Quarterly,30-01-2025
103568,31,Female,Jaipur,Footwear,Sneakers,4756.3,4,Credit Card,Summer,Yes,Yes,No,Same Day,4.1,12,Monthly,10-08-2024
103569,53,Male,Bhopal,Footwear,Sandals,3928.4,1,Credit Card,Autumn,Yes,No,Yes,Express,4.6,35,Monthly,17-06-2025
103570,35,Female,Coimbatore,Books,Comics,886.82,1,Cash,Winter,No,No,Yes,Express,4.5,30,Monthly,06-10-2024
103571,60,Male,Bhopal,Home Decor,Lamp,4240.97,2,Debit Card,Summer,No,No,Yes,Standard,3.6,37,Quarterly,02-11-2024
103572,25,Female,Lucknow,Home Decor,Vase,5538.67,5,Net Banking,Winter,No,No,No,Express,3.9,8,Quarterly,27-09-2024
103573,60,Female,Hyderabad,Books,Biography,2301.14,4,Credit Card,Autumn,No,No,No,Same Day,5.0,3,Monthly,10-07-2024
103574,57,Female,Patna,Electronics,Tablet,23520.52,2,Debit Card,Autumn,Yes,Yes,Yes,Same Day,4.2,36,Monthly,15-03-2025
103575,61,Male,Hyderabad,Clothing,Jacket,1952.25,4,Net Banking,Summer,No,No,Yes,Same Day,5,41,Weekly,04-06-2025
103576,18,Male,Pune,Footwear,Sneakers,6988.52,5,Credit Card,Autumn,No,No,No,Standard,4.6,20,Weekly,05-01-2024
103577,49,Male,Visakhapatnam,Home Decor,Curtains,582.95,2,Cash,Summer,No,No,Yes,Same Day,4.6,30,Monthly,18-11-2024
103578,69,Male,Indore,Clothing,T-Shirt,4268.86,5,Net Banking,Summer,Yes,Yes,Yes,Express,3.7,18,Quarterly,04-08-2024
103579,21,Male,Coimbatore,Footwear,Running Shoes,3683.72,1,UPI,Summer,Yes,Yes,No,Express,4.2,7,Weekly,21-12-2024
103580,50,Female,Vijayawada,Electronics,Smart Watch,8233.02,1,Net Banking,Autumn,Yes,Yes,No,Standard,4.0,4,Quarterly,27-03-2024
103581,20,Male,Vijayawada,Footwear,Sandals,4375.3,4,Debit Card,Autumn,Yes,Yes,No,Standard,4.6,16,Quarterly,19-08-2025
103582,33,Female,Delhi,Electronics,Smartphone,18937.86,5,UPI,Spring,No,No,No,Standard,4.5,16,Quarterly,08-09-2025
103583,26,Female,Patna,Sports,Tennis Racket,11116.26,4,Cash,Spring,Yes,Yes,Yes,Express,3.7,21,Monthly,03-08-2025
103584,38,Female,Chennai,Grocery,Milk,2011.57,3,Cash,Winter,No,No,No,Standard,5,19,Weekly,23-04-2025
103585,21,Male,Indore,Clothing,Dress,1348.96,4,Credit Card,Autumn,No,No,No,Same Day,4.6,20,Yearly,02-07-2024
103586,23,Female,Lucknow,Beauty,Perfume,1692.63,5,Cash,Winter,No,No,Yes,Standard,4.8,29,Weekly,05-11-2025
103587,37,Male,Mumbai,Home Decor,Curtains,940.83,5,Net Banking,Autumn,Yes,Yes,No,Same Day,4.2,1,Weekly,30-09-2025
103588,32,Female,Bhopal,Footwear,Running Shoes,3365.2,5,UPI,Autumn,Yes,Yes,Yes,Standard,5.0,45,Weekly,11-08-2024
103589,54,Male,Mumbai,Books,Science Book,2108.0,1,Cash,Summer,No,No,Yes,Same Day,4.4,8,Quarterly,28-08-2024
103590,54,Female,Chennai,Footwear,Running Shoes,4895.97,5,Net Banking,Spring,No,No,Yes,Same Day,4.5,24,Yearly,27-05-2025
103591,40,Female,Kolkata,Grocery,Coffee,1121.62,5,UPI,Summer,No,No,Yes,Express,3.7,36,Monthly,30-01-2024
103592,20,Male,Kochi,Home Decor,Vase,3643.38,4,Net Banking,Spring,Yes,No,Yes,Same Day,4.8,41,Monthly,11-07-2024
103593,28,Female,Bhopal,Beauty,Lipstick,1006.58,2,UPI,Winter,No,No,No,Express,4.8,18,Weekly,02-11-2025
103594,21,Male,Coimbatore,Sports,Yoga Mat,7787.09,3,UPI,Spring,Yes,Yes,Yes,Express,4.2,15,Monthly,27-01-2024
103595,62,Female,Patna,Sports,Yoga Mat,2991.83,2,UPI,Autumn,Yes,Yes,Yes,Same Day,3.5,39,Quarterly,19-09-2024
103596,44,Male,Hyderabad,Beauty,Perfume,1513.09,5,Cash,Summer,Yes,Yes,No,Standard,4.5,16,Weekly,23-03-2024
103597,51,Male,Coimbatore,Books,Novel,1911.81,2,Credit Card,Summer,Yes,Yes,No,Express,3.9,6,Weekly,27-03-2024
103598,24,Male,Coimbatore,Clothing,Jeans,4988.69,3,Debit Card,Summer,Yes,No,No,Express,4.7,14,Yearly,24-04-2025
103599,69,Female,Mysuru,Sports,Football,5770.15,4,Debit Card,Winter,No,No,Yes,Standard,4.4,50,Quarterly,12-07-2025
103600,34,Male,Chennai,Home Decor,Carpet,5922.25,3,UPI,Spring,Yes,Yes,No,Express,4.6,11,Quarterly,22-10-2025
103601,41,Male,Mumbai,Home Decor,Wall Art,2699.72,2,Net Banking,Winter,Yes,No,No,Same Day,4.3,13,Weekly,13-04-2025
103602,34,Female,Pune,Sports,Dumbbells,957.98,2,UPI,Autumn,Yes,Yes,No,Express,4.8,15,Yearly,10-01-2024
103603,41,Male,Nagpur,Sports,Yoga Mat,5701.82,2,Cash,Summer,Yes,Yes,No,Express,5,2,Yearly,07-06-2025
103604,66,Female,Kochi,Electronics,Laptop,8426.47,5,Credit Card,Autumn,No,No,No,Standard,4.4,4,Yearly,02-01-2024
103605,39,Male,Visakhapatnam,Clothing,Kurta,1072.28,4,UPI,Summer,Yes,Yes,No,Express,4.0,14,Monthly,08-04-2025
103606,67,Male,Bengaluru,Electronics,Laptop,6030.64,3,Credit Card,Spring,Yes,Yes,No,Express,3.9,17,Yearly,27-04-2025
103607,67,Female,Kolkata,Home Decor,Lamp,1624.96,1,Debit Card,Winter,No,No,No,Express,4.1,3,Yearly,30-06-2024
103608,34,Male,Kolkata,Books,Science Book,1102.07,5,Credit Card,Spring,No,No,Yes,Express,3.9,14,Monthly,21-12-2025
103609,22,Female,Bhopal,Sports,Yoga Mat,2973.99,5,Credit Card,Spring,No,No,No,Standard,4.5,16,Yearly,19-07-2025
103610,62,Female,Lucknow,Electronics,Smart Watch,14787.16,1,Credit Card,Autumn,Yes,No,Yes,Standard,4.2,40,Monthly,16-04-2024
103611,22,Female,Ahmedabad,Beauty,Face Wash,2982.59,3,Debit Card,Winter,Yes,Yes,Yes,Express,4.1,49,Yearly,03-06-2024
103612,26,Male,Kolkata,Grocery,Oil,901.66,3,Cash,Autumn,Yes,Yes,No,Standard,3.1,3,Yearly,14-12-2024
103613,29,Male,Hyderabad,Sports,Yoga Mat,1329.85,2,Credit Card,Autumn,No,No,No,Standard,5,19,Yearly,03-04-2024
103614,30,Female,Chennai,Sports,Dumbbells,9884.23,5,Net Banking,Winter,No,No,Yes,Same Day,5,21,Monthly,08-03-2024
103615,18,Male,Bengaluru,Clothing,T-Shirt,2397.53,4,Cash,Autumn,Yes,No,Yes,Standard,5,47,Weekly,05-04-2024
103616,19,Female,Bhopal,Books,Biography,330.7,3,Credit Card,Spring,Yes,No,Yes,Express,4.6,12,Quarterly,31-01-2025
103617,56,Female,Visakhapatnam,Sports,Tennis Racket,6088.38,2,Credit Card,Winter,Yes,Yes,No,Same Day,4.3,11,Monthly,06-09-2025
103618,52,Male,Nagpur,Electronics,Smartphone,20459.05,4,Net Banking,Winter,Yes,Yes,Yes,Express,3.8,21,Yearly,29-04-2025
103619,28,Male,Ahmedabad,Sports,Yoga Mat,5545.49,1,Credit Card,Autumn,Yes,Yes,Yes,Express,4.0,44,Quarterly,18-08-2025
103620,52,Male,Patna,Clothing,T-Shirt,1211.6,2,Credit Card,Autumn,Yes,No,No,Same Day,3.8,16,Quarterly,11-10-2025
103621,51,Female,Bhopal,Home Decor,Wall Art,4736.32,3,Debit Card,Autumn,No,No,No,Standard,4.1,9,Quarterly,19-04-2025
103622,21,Female,Chennai,Footwear,Flip Flops,2082.33,5,UPI,Autumn,Yes,Yes,No,Standard,3.9,2,Monthly,27-03-2025
103623,26,Male,Mysuru,Sports,Yoga Mat,4737.88,3,Debit Card,Summer,No,No,No,Express,4.1,3,Monthly,28-03-2025
103624,31,Male,Mysuru,Footwear,Sneakers,6764.0,4,Net Banking,Spring,Yes,No,No,Standard,3.3,14,Monthly,18-09-2024
103625,39,Male,Vijayawada,Sports,Tennis Racket,2096.43,5,UPI,Summer,No,No,No,Same Day,4.7,1,Weekly,06-06-2025
103626,37,Female,Lucknow,Beauty,Perfume,230.52,1,Cash,Spring,No,No,Yes,Express,4.0,23,Weekly,02-12-2025
103627,39,Female,Kochi,Clothing,Jacket,1224.68,4,Cash,Summer,No,No,No,Same Day,3.4,14,Quarterly,23-08-2024
103628,40,Male,Ahmedabad,Clothing,Jacket,3167.46,4,Debit Card,Summer,Yes,No,Yes,Same Day,4.4,31,Weekly,12-03-2024
103629,38,Female,Lucknow,Home Decor,Wall Art,4858.37,1,Credit Card,Summer,Yes,Yes,No,Standard,4.8,6,Quarterly,27-07-2025
103630,56,Male,Bengaluru,Clothing,Jeans,2991.54,5,Net Banking,Summer,No,No,Yes,Standard,4.5,11,Monthly,31-10-2025
103631,37,Male,Nagpur,Footwear,Sandals,3388.36,5,Cash,Spring,No,No,No,Same Day,3.7,5,Monthly,19-07-2025
103632,19,Male,Mysuru,Footwear,Running Shoes,6653.82,4,Cash,Summer,Yes,Yes,No,Express,4.5,14,Quarterly,17-08-2025
103633,25,Male,Chennai,Sports,Cricket Bat,3234.73,3,Credit Card,Spring,Yes,Yes,No,Standard,4.4,19,Monthly,18-03-2025
103634,45,Female,Lucknow,Home Decor,Carpet,5519.57,3,Debit Card,Spring,No,No,No,Standard,4.5,7,Weekly,01-10-2024
103635,69,Female,Nagpur,Footwear,Sandals,1837.42,3,Debit Card,Autumn,No,No,Yes,Standard,4.5,47,Quarterly,26-12-2024
103636,40,Male,Bhopal,Grocery,Rice,323.7,2,Credit Card,Autumn,Yes,Yes,Yes,Same Day,4.6,46,Monthly,16-08-2025
103637,63,Female,Bhopal,Footwear,Flip Flops,3884.27,5,UPI,Spring,No,No,No,Standard,3.6,17,Monthly,26-06-2025
103638,31,Female,Mumbai,Grocery,Coffee,2381.69,1,Cash,Summer,Yes,Yes,No,Same Day,4.6,6,Yearly,19-01-2024
103639,19,Male,Indore,Books,Biography,369.12,5,Debit Card,Spring,No,No,No,Express,2.7,8,Yearly,30-04-2025
103640,40,Male,Indore,Clothing,T-Shirt,4389.27,2,Debit Card,Winter,Yes,Yes,No,Same Day,3.5,16,Quarterly,10-10-2025
103641,24,Female,Hyderabad,Electronics,Tablet,18597.67,5,Cash,Winter,No,No,Yes,Same Day,4.3,27,Weekly,27-11-2024
103642,59,Male,Coimbatore,Sports,Tennis Racket,7877.11,5,UPI,Spring,Yes,Yes,No,Express,3.2,5,Quarterly,21-11-2025
103643,32,Male,Mysuru,Electronics,Tablet,18831.7,5,Debit Card,Winter,No,No,No,Same Day,3.8,12,Quarterly,01-11-2025
103644,42,Female,Coimbatore,Footwear,Flip Flops,2452.43,4,Debit Card,Summer,No,No,Yes,Express,4.0,37,Quarterly,21-02-2025
103645,42,Female,Kolkata,Sports,Dumbbells,5247.18,1,UPI,Winter,Yes,Yes,No,Same Day,3.6,13,Monthly,14-11-2024
103646,49,Male,Lucknow,Clothing,Kurta,2330.46,2,Debit Card,Summer,No,No,Yes,Standard,4.9,41,Quarterly,30-03-2024
103647,53,Male,Mumbai,Electronics,Laptop,20698.94,5,UPI,Autumn,Yes,No,No,Standard,4.4,0,Monthly,16-02-2024
103648,62,Male,Lucknow,Clothing,Hoodie,3589.45,5,Cash,Spring,No,No,No,Same Day,4.3,9,Quarterly,12-05-2024
103649,62,Male,Ahmedabad,Beauty,Shampoo,2596.36,4,UPI,Spring,Yes,Yes,Yes,Same Day,3.5,12,Yearly,13-06-2025
103650,39,Female,Pune,Grocery,Tea,1756.76,4,UPI,Summer,Yes,Yes,Yes,Express,4.2,20,Weekly,06-10-2025
103651,18,Female,Pune,Grocery,Milk,1514.94,2,Credit Card,Summer,Yes,Yes,Yes,Same Day,5,33,Yearly,27-01-2024
103652,35,Female,Kolkata,Sports,Cricket Bat,7320.29,3,UPI,Summer,No,No,Yes,Same Day,5.0,27,Weekly,05-12-2025
103653,50,Male,Delhi,Beauty,Shampoo,1759.95,3,UPI,Summer,Yes,No,No,Express,3.7,10,Monthly,05-11-2025
103654,36,Male,Jaipur,Sports,Tennis Racket,9845.44,4,Net Banking,Spring,No,No,No,Express,4.1,8,Quarterly,11-04-2025
103655,28,Female,Hyderabad,Grocery,Rice,2123.95,4,UPI,Summer,No,No,Yes,Standard,4.1,39,Weekly,15-01-2024
103656,68,Male,Ahmedabad,Footwear,Flip Flops,3358.18,3,Credit Card,Spring,Yes,Yes,No,Same Day,3.9,0,Monthly,01-06-2024
103657,43,Male,Visakhapatnam,Footwear,Sandals,5707.59,3,Net Banking,Summer,No,No,Yes,Standard,4.1,40,Monthly,21-05-2025
103658,43,Male,Surat,Footwear,Sandals,2049.95,5,UPI,Autumn,Yes,No,Yes,Same Day,3.9,16,Quarterly,08-07-2025
103659,64,Female,Kochi,Footwear,Sandals,5452.21,4,UPI,Winter,Yes,Yes,Yes,Standard,5.0,20,Yearly,20-07-2024
103660,38,Male,Chennai,Footwear,Sneakers,5608.6,3,Debit Card,Autumn,Yes,No,Yes,Express,4.4,22,Yearly,14-05-2024
103661,51,Female,Ahmedabad,Footwear,Running Shoes,5565.31,2,Credit Card,Autumn,No,No,Yes,Same Day,4.0,11,Weekly,11-08-2024
103662,51,Male,Coimbatore,Books,Science Book,2139.65,2,Credit Card,Spring,No,No,No,Standard,3.7,11,Yearly,05-11-2025
103663,49,Male,Kochi,Electronics,Camera,19933.3,4,Cash,Autumn,Yes,No,No,Same Day,3.8,7,Yearly,05-04-2024
103664,50,Male,Nagpur,Grocery,Tea,1961.49,5,UPI,Summer,Yes,No,No,Standard,4.7,7,Quarterly,22-11-2025
103665,47,Female,Mumbai,Electronics,Tablet,24038.9,2,Cash,Spring,No,No,No,Standard,4.2,9,Yearly,12-09-2025
103666,69,Female,Pune,Sports,Cricket Bat,2590.84,2,Cash,Autumn,No,No,Yes,Express,3.1,10,Weekly,05-04-2025
103667,64,Male,Chennai,Beauty,Moisturizer,514.55,3,Debit Card,Autumn,No,No,Yes,Same Day,3.8,13,Quarterly,06-05-2025
103668,37,Female,Ahmedabad,Beauty,Perfume,2136.63,5,Net Banking,Spring,No,No,Yes,Same Day,4.5,34,Yearly,07-05-2024
103669,65,Male,Kolkata,Sports,Dumbbells,1003.25,2,Debit Card,Summer,No,No,No,Standard,3.8,16,Weekly,27-07-2025
103670,25,Female,Lucknow,Beauty,Face Wash,2412.02,1,Credit Card,Summer,No,No,Yes,Standard,3.5,42,Monthly,05-06-2025
103671,33,Female,Kolkata,Electronics,Smartphone,7186.65,5,Debit Card,Spring,Yes,No,No,Express,3.6,8,Weekly,23-09-2025
103672,26,Male,Vijayawada,Books,Science Book,549.64,4,Net Banking,Spring,No,No,No,Same Day,4.0,18,Monthly,18-06-2025
103673,58,Male,Kochi,Beauty,Shampoo,699.85,3,Cash,Winter,Yes,Yes,No,Same Day,3.9,12,Weekly,15-08-2024
103674,52,Female,Nagpur,Clothing,Kurta,675.8,4,Net Banking,Winter,No,No,No,Express,4.4,18,Quarterly,07-10-2024
103675,60,Male,Coimbatore,Clothing,T-Shirt,4001.9,2,Debit Card,Autumn,Yes,Yes,No,Express,4.3,2,Weekly,22-06-2025
103676,26,Male,Nagpur,Books,Biography,2336.85,2,Cash,Autumn,Yes,Yes,Yes,Standard,5,27,Weekly,04-12-2025
103677,62,Female,Kolkata,Grocery,Oil,860.53,4,Cash,Summer,Yes,No,No,Same Day,4.5,4,Quarterly,19-08-2025
103678,62,Female,Kochi,Books,Biography,309.77,2,Debit Card,Winter,Yes,Yes,No,Same Day,4.7,14,Quarterly,15-10-2025
103679,68,Male,Ahmedabad,Books,Science Book,1804.0,5,Cash,Winter,No,No,No,Standard,3.8,1,Yearly,11-06-2024
103680,30,Female,Hyderabad,Footwear,Flip Flops,2751.52,5,UPI,Spring,No,No,Yes,Standard,4.4,39,Weekly,24-01-2024
103681,25,Male,Kochi,Electronics,Smart Watch,9067.21,3,UPI,Winter,No,No,No,Same Day,4.2,15,Monthly,09-07-2024
103682,32,Male,Pune,Grocery,Rice,1291.9,3,Debit Card,Autumn,No,No,No,Express,3.9,2,Quarterly,17-10-2024
103683,49,Male,Jaipur,Home Decor,Carpet,1911.33,4,Cash,Spring,No,No,No,Express,4.0,14,Yearly,25-07-2025
103684,26,Male,Bhopal,Sports,Dumbbells,2150.8,4,Cash,Summer,No,No,No,Standard,4.7,18,Yearly,19-01-2025
103685,31,Male,Patna,Clothing,Dress,2715.53,4,Net Banking,Spring,No,No,Yes,Same Day,4.7,46,Weekly,29-06-2024
103686,63,Male,Indore,Clothing,Jeans,2454.47,1,UPI,Summer,Yes,No,No,Express,4.5,6,Monthly,23-06-2024
103687,69,Female,Jaipur,Grocery,Milk,728.58,2,Net Banking,Summer,Yes,Yes,Yes,Same Day,4.2,20,Weekly,20-06-2024
103688,54,Male,Patna,Grocery,Milk,560.29,1,Credit Card,Autumn,Yes,Yes,Yes,Express,5,10,Yearly,05-11-2025
103689,19,Male,Mumbai,Sports,Dumbbells,6290.17,5,Debit Card,Spring,No,No,No,Same Day,3.4,14,Yearly,24-12-2024
103690,34,Male,Jaipur,Clothing,Jeans,3815.5,1,Net Banking,Winter,No,No,No,Express,3.6,17,Weekly,23-07-2025
103691,35,Female,Indore,Home Decor,Wall Art,1723.51,5,Debit Card,Spring,Yes,No,Yes,Same Day,4.2,17,Yearly,06-07-2025
103692,62,Female,Bengaluru,Home Decor,Wall Art,5633.88,1,UPI,Winter,No,No,No,Express,4.7,18,Monthly,15-07-2025
103693,39,Female,Lucknow,Books,Comics,356.46,2,Debit Card,Summer,Yes,No,No,Same Day,4.5,5,Monthly,01-05-2025
103694,54,Female,Lucknow,Footwear,Boots,4638.74,2,UPI,Winter,No,No,Yes,Same Day,3.5,26,Quarterly,12-07-2025
103695,46,Male,Kolkata,Footwear,Boots,4598.03,4,Cash,Summer,No,No,Yes,Same Day,4.7,35,Weekly,20-02-2025
103696,57,Female,Hyderabad,Beauty,Shampoo,1904.87,5,UPI,Winter,Yes,No,Yes,Standard,4.2,35,Yearly,19-05-2024
103697,35,Male,Visakhapatnam,Footwear,Flip Flops,3219.78,3,Debit Card,Autumn,No,No,No,Express,5.0,3,Weekly,18-09-2025
103698,65,Female,Patna,Grocery,Tea,891.73,3,Net Banking,Summer,No,No,Yes,Standard,4.3,50,Monthly,01-12-2024
103699,32,Female,Chennai,Sports,Football,1718.49,4,Debit Card,Winter,No,No,No,Standard,3.9,4,Weekly,24-12-2024
103700,34,Male,Lucknow,Home Decor,Carpet,4122.23,1,Cash,Autumn,Yes,No,No,Same Day,4.4,15,Monthly,23-03-2024
103701,20,Female,Lucknow,Books,Biography,1143.35,1,Debit Card,Winter,No,No,No,Same Day,3.8,2,Monthly,07-03-2025
103702,41,Female,Surat,Grocery,Rice,2072.98,2,Cash,Winter,No,No,No,Same Day,3.9,19,Weekly,12-03-2025
103703,54,Female,Jaipur,Sports,Tennis Racket,8012.0,4,Credit Card,Summer,Yes,Yes,No,Standard,3.7,19,Quarterly,27-10-2024
103704,47,Male,Bhopal,Grocery,Tea,291.21,3,Debit Card,Summer,No,No,Yes,Express,4.3,38,Quarterly,28-02-2025
103705,37,Male,Chennai,Home Decor,Curtains,4438.33,3,Cash,Autumn,No,No,No,Standard,4.0,14,Weekly,19-10-2025
103706,57,Male,Patna,Grocery,Tea,330.73,3,Credit Card,Winter,No,No,Yes,Same Day,4.2,33,Monthly,28-01-2024
103707,64,Female,Kochi,Electronics,Headphones,5781.41,4,Debit Card,Summer,Yes,Yes,Yes,Standard,4.2,33,Monthly,11-06-2025
103708,27,Female,Jaipur,Beauty,Face Wash,1631.4,5,Credit Card,Summer,Yes,Yes,Yes,Same Day,4.7,13,Weekly,07-02-2025
103709,46,Male,Bengaluru,Sports,Dumbbells,7154.83,1,Credit Card,Spring,No,No,Yes,Standard,4.5,24,Monthly,04-03-2025
103710,50,Female,Ahmedabad,Sports,Dumbbells,4254.54,5,Net Banking,Spring,No,No,No,Express,4.3,14,Monthly,21-05-2025
103711,56,Female,Pune,Books,Programming Book,1047.56,1,Credit Card,Summer,No,No,Yes,Same Day,5,17,Quarterly,26-07-2024
103712,22,Female,Bhopal,Books,Science Book,1926.95,1,Cash,Summer,No,No,No,Express,5,5,Monthly,12-09-2025
103713,21,Female,Bengaluru,Beauty,Face Wash,523.61,4,Debit Card,Autumn,No,No,No,Express,4.6,3,Yearly,28-09-2024
103714,66,Male,Mumbai,Clothing,Kurta,4678.92,2,Credit Card,Spring,No,No,No,Express,4.2,0,Monthly,06-10-2024
103715,66,Male,Coimbatore,Books,Programming Book,1033.98,3,UPI,Winter,Yes,Yes,Yes,Express,3.4,39,Yearly,24-06-2025
103716,30,Male,Coimbatore,Footwear,Sandals,4033.78,1,Credit Card,Autumn,No,No,No,Same Day,3.9,14,Yearly,08-08-2024
103717,19,Male,Delhi,Grocery,Coffee,352.68,5,Net Banking,Spring,No,No,No,Express,4.8,20,Quarterly,12-05-2024
103718,33,Male,Chennai,Grocery,Oil,1979.59,4,Debit Card,Autumn,No,No,No,Same Day,3.9,10,Yearly,29-02-2024
103719,54,Male,Ahmedabad,Grocery,Snacks,920.01,1,UPI,Summer,Yes,Yes,No,Standard,4.0,8,Yearly,02-01-2024
103720,26,Male,Delhi,Books,Novel,2401.47,1,UPI,Spring,Yes,No,Yes,Express,3.9,48,Yearly,08-07-2025
103721,51,Female,Patna,Books,Comics,1221.13,3,Credit Card,Autumn,Yes,No,No,Same Day,4.9,4,Yearly,25-05-2024
103722,69,Male,Coimbatore,Footwear,Sandals,1257.6,3,Cash,Winter,Yes,Yes,No,Standard,3.9,20,Monthly,26-09-2025
103723,18,Female,Ahmedabad,Beauty,Moisturizer,2102.7,4,Credit Card,Summer,No,No,No,Express,4.3,1,Monthly,29-07-2025
103724,21,Female,Coimbatore,Grocery,Rice,1311.19,1,Debit Card,Summer,No,No,No,Same Day,2.9,11,Weekly,04-12-2025
103725,41,Female,Visakhapatnam,Books,Programming Book,1478.87,4,Debit Card,Summer,No,No,Yes,Same Day,4.3,23,Yearly,14-06-2024
103726,33,Male,Kolkata,Footwear,Boots,6098.09,1,Debit Card,Winter,Yes,Yes,Yes,Express,5.0,21,Yearly,09-05-2025
103727,38,Female,Chennai,Grocery,Rice,1445.3,2,UPI,Summer,No,No,Yes,Same Day,3.2,11,Weekly,09-12-2025
103728,20,Male,Vijayawada,Electronics,Tablet,16749.14,2,Debit Card,Spring,Yes,Yes,No,Same Day,4.2,6,Yearly,14-12-2025
103729,43,Female,Surat,Electronics,Laptop,12845.87,3,Net Banking,Autumn,No,No,No,Standard,4.4,15,Yearly,26-03-2025
103730,67,Female,Jaipur,Sports,Tennis Racket,11651.66,5,Credit Card,Winter,Yes,Yes,No,Express,4.5,10,Quarterly,24-01-2024
103731,46,Female,Mysuru,Clothing,Dress,1756.94,2,Credit Card,Spring,Yes,Yes,Yes,Express,3.7,31,Quarterly,27-06-2024
103732,46,Male,Jaipur,Beauty,Shampoo,708.56,1,Credit Card,Autumn,No,No,No,Express,4.7,8,Yearly,05-04-2025
103733,42,Male,Bhopal,Beauty,Lipstick,610.34,2,UPI,Winter,Yes,Yes,Yes,Express,4.0,11,Yearly,23-07-2024
103734,67,Female,Lucknow,Home Decor,Carpet,5865.95,3,Net Banking,Summer,Yes,Yes,No,Express,3.9,20,Yearly,30-12-2024
103735,22,Female,Patna,Home Decor,Carpet,3548.91,2,UPI,Summer,No,No,No,Same Day,3.6,19,Quarterly,24-06-2025
103736,54,Male,Kochi,Clothing,Jacket,2894.59,4,UPI,Spring,Yes,No,No,Express,4.2,20,Quarterly,25-01-2024
103737,40,Female,Mumbai,Grocery,Tea,299.75,3,Net Banking,Spring,No,No,Yes,Same Day,3.3,30,Yearly,16-04-2024
103738,64,Female,Delhi,Clothing,Jacket,3167.09,1,UPI,Summer,Yes,Yes,No,Express,4.1,19,Monthly,19-10-2025
103739,34,Male,Bengaluru,Clothing,Jacket,2256.56,3,UPI,Spring,No,No,No,Express,3.2,5,Yearly,16-09-2025
103740,43,Male,Chennai,Electronics,Tablet,17092.74,3,Cash,Spring,No,No,Yes,Same Day,3.2,29,Weekly,10-12-2025
103741,48,Male,Delhi,Footwear,Sandals,2842.57,4,Debit Card,Summer,Yes,No,Yes,Standard,4.5,14,Weekly,26-07-2024
103742,34,Male,Chennai,Home Decor,Vase,2824.29,1,UPI,Autumn,Yes,Yes,No,Express,4.1,20,Monthly,09-03-2024
103743,59,Male,Vijayawada,Clothing,Dress,2918.12,5,Credit Card,Autumn,No,No,No,Standard,4.0,14,Quarterly,05-01-2025
103744,27,Female,Jaipur,Beauty,Lipstick,2725.82,1,Net Banking,Winter,No,No,No,Standard,3.8,7,Quarterly,15-04-2024
103745,35,Male,Coimbatore,Beauty,Perfume,2715.57,4,Debit Card,Winter,No,No,No,Standard,3.6,0,Yearly,09-12-2025
103746,25,Male,Chennai,Footwear,Flip Flops,2562.14,3,Credit Card,Autumn,No,No,Yes,Same Day,3.4,34,Weekly,24-04-2025
103747,34,Female,Surat,Footwear,Sneakers,2445.21,5,Debit Card,Spring,No,No,No,Standard,4.6,14,Yearly,22-01-2025
103748,49,Male,Lucknow,Electronics,Smartphone,8536.79,5,Credit Card,Autumn,Yes,Yes,Yes,Express,4.6,11,Quarterly,25-12-2024
103749,59,Male,Chennai,Clothing,Hoodie,3796.55,1,Net Banking,Summer,Yes,Yes,No,Standard,3.5,1,Quarterly,23-07-2024
103750,28,Female,Coimbatore,Books,Novel,2219.6,3,Debit Card,Summer,No,No,Yes,Standard,4.6,50,Yearly,01-09-2024
103751,26,Female,Surat,Grocery,Oil,1164.62,5,Net Banking,Summer,No,No,No,Standard,4.4,18,Monthly,10-12-2024
103752,59,Female,Vijayawada,Electronics,Smartphone,5146.59,2,Net Banking,Autumn,Yes,Yes,No,Express,4.6,5,Weekly,12-08-2024
103753,63,Female,Lucknow,Books,Novel,565.86,2,UPI,Summer,No,No,Yes,Same Day,4.3,39,Quarterly,13-01-2024
103754,21,Male,Kolkata,Footwear,Sandals,4970.74,5,Cash,Summer,Yes,No,No,Same Day,4.1,8,Quarterly,16-01-2025
103755,64,Female,Kolkata,Beauty,Perfume,1720.51,4,Cash,Winter,Yes,Yes,No,Same Day,4.0,1,Yearly,12-12-2024
103756,52,Female,Mumbai,Sports,Tennis Racket,10203.75,3,Debit Card,Autumn,Yes,Yes,No,Same Day,5,19,Quarterly,10-09-2024
103757,55,Female,Delhi,Footwear,Flip Flops,4112.23,1,Net Banking,Winter,Yes,No,No,Standard,3.8,15,Monthly,06-09-2024
103758,24,Female,Ahmedabad,Home Decor,Curtains,4470.27,4,Net Banking,Summer,No,No,No,Express,4.5,1,Yearly,12-04-2025
103759,25,Male,Ahmedabad,Electronics,Tablet,22676.87,4,Debit Card,Autumn,No,No,No,Express,4.0,8,Monthly,10-03-2025
103760,69,Male,Indore,Books,Science Book,478.07,5,Credit Card,Autumn,No,No,No,Express,4.3,0,Yearly,17-06-2024
103761,24,Female,Patna,Beauty,Face Wash,629.88,2,UPI,Autumn,Yes,No,Yes,Express,3.8,46,Yearly,03-04-2025
103762,53,Male,Kolkata,Sports,Yoga Mat,9465.5,3,Debit Card,Spring,Yes,Yes,No,Express,4.5,13,Yearly,12-05-2025
103763,27,Female,Pune,Sports,Tennis Racket,10294.36,1,Debit Card,Summer,No,No,No,Express,5,6,Monthly,19-09-2025
103764,23,Female,Surat,Electronics,Headphones,13436.2,3,Debit Card,Winter,No,No,No,Same Day,4.0,2,Yearly,22-06-2025
103765,24,Female,Mysuru,Books,Biography,819.83,1,Net Banking,Summer,Yes,Yes,Yes,Express,4.2,37,Weekly,31-05-2025
103766,61,Female,Ahmedabad,Books,Novel,2392.81,1,Debit Card,Autumn,Yes,Yes,No,Standard,3.6,10,Weekly,19-08-2025
103767,25,Male,Nagpur,Home Decor,Vase,1945.35,4,UPI,Autumn,No,No,No,Standard,4.5,10,Weekly,30-10-2024
103768,39,Male,Coimbatore,Grocery,Rice,268.89,1,UPI,Summer,No,No,No,Express,4.6,5,Yearly,30-11-2025
103769,25,Male,Hyderabad,Home Decor,Curtains,2074.91,5,Credit Card,Autumn,No,No,No,Express,5,17,Monthly,09-07-2025
103770,69,Female,Pune,Grocery,Coffee,1120.8,2,UPI,Autumn,No,No,No,Standard,4.4,18,Weekly,09-01-2024
103771,26,Female,Coimbatore,Sports,Dumbbells,7506.24,2,Debit Card,Autumn,Yes,Yes,No,Same Day,5,1,Quarterly,02-06-2024
103772,35,Female,Bhopal,Footwear,Sandals,6672.38,1,Net Banking,Winter,No,No,No,Express,4.5,18,Quarterly,18-03-2024
103773,20,Female,Mysuru,Footwear,Sneakers,6338.45,2,Cash,Spring,No,No,Yes,Same Day,3.8,26,Monthly,08-12-2024
103774,51,Female,Bengaluru,Footwear,Running Shoes,5156.75,4,UPI,Winter,Yes,Yes,Yes,Standard,4.6,21,Quarterly,24-05-2025
103775,21,Female,Ahmedabad,Grocery,Coffee,1147.28,3,Cash,Autumn,No,No,No,Same Day,4.2,1,Quarterly,18-02-2025
103776,53,Female,Coimbatore,Electronics,Laptop,24591.67,4,Net Banking,Autumn,No,No,No,Standard,5,13,Monthly,10-11-2024
103777,43,Male,Mysuru,Books,Science Book,1533.99,2,Credit Card,Winter,Yes,Yes,No,Same Day,5,19,Yearly,24-04-2024
103778,36,Male,Visakhapatnam,Grocery,Milk,2189.55,5,Credit Card,Winter,No,No,No,Same Day,4.3,20,Weekly,21-11-2025
103779,38,Male,Coimbatore,Beauty,Moisturizer,997.72,4,UPI,Summer,No,No,Yes,Standard,4.2,12,Quarterly,30-11-2024
103780,65,Male,Bhopal,Sports,Yoga Mat,2984.32,5,UPI,Summer,No,No,No,Same Day,4.7,7,Monthly,06-11-2025
103781,66,Male,Mumbai,Footwear,Sandals,1056.91,4,Net Banking,Summer,No,No,Yes,Standard,4.0,11,Monthly,25-05-2025
103782,62,Male,Nagpur,Electronics,Laptop,17596.04,3,Net Banking,Spring,Yes,Yes,Yes,Standard,4.8,20,Monthly,06-09-2025
103783,19,Male,Kolkata,Footwear,Flip Flops,2017.52,1,Debit Card,Autumn,Yes,Yes,No,Express,4.8,19,Quarterly,20-02-2024
103784,23,Male,Mysuru,Books,Science Book,599.68,2,Credit Card,Winter,No,No,No,Same Day,3.7,2,Yearly,15-11-2024
103785,23,Male,Patna,Beauty,Shampoo,238.88,1,Credit Card,Summer,No,No,No,Same Day,4.3,13,Yearly,11-04-2025
103786,22,Female,Indore,Beauty,Moisturizer,2688.5,4,UPI,Autumn,Yes,Yes,Yes,Same Day,4.5,11,Weekly,01-06-2025
103787,57,Female,Delhi,Clothing,Hoodie,4094.37,5,Credit Card,Summer,No,No,Yes,Standard,4.8,33,Quarterly,31-12-2025
103788,53,Male,Hyderabad,Beauty,Face Wash,1546.18,2,Credit Card,Summer,No,No,Yes,Same Day,4.5,10,Yearly,03-11-2024
103789,37,Female,Mumbai,Books,Comics,263.24,5,Credit Card,Autumn,Yes,No,Yes,Express,4.2,10,Yearly,25-10-2024
103790,39,Female,Nagpur,Footwear,Boots,5417.11,1,Credit Card,Summer,Yes,Yes,No,Same Day,4.7,9,Monthly,03-06-2025
103791,56,Male,Hyderabad,Beauty,Lipstick,1018.04,2,Net Banking,Winter,Yes,No,Yes,Same Day,4.1,12,Monthly,13-11-2024
103792,37,Male,Indore,Clothing,T-Shirt,707.3,5,Cash,Summer,No,No,No,Standard,3.9,4,Weekly,20-01-2025
103793,53,Female,Coimbatore,Footwear,Running Shoes,5661.65,5,Net Banking,Winter,Yes,Yes,No,Standard,3.8,9,Yearly,19-12-2025
103794,19,Female,Pune,Footwear,Flip Flops,5540.88,4,Debit Card,Spring,No,No,No,Standard,3.1,4,Weekly,06-12-2025
103795,27,Female,Vijayawada,Home Decor,Lamp,3922.13,2,UPI,Winter,No,No,Yes,Express,4.7,9,Monthly,28-11-2024
103796,20,Female,Mysuru,Clothing,Jacket,4592.41,1,Debit Card,Autumn,No,No,No,Express,4.5,16,Weekly,17-01-2025
103797,39,Male,Nagpur,Electronics,Headphones,19962.95,1,Debit Card,Summer,No,No,Yes,Standard,4.2,49,Weekly,20-06-2025
103798,32,Male,Pune,Books,Comics,2211.48,5,Debit Card,Autumn,Yes,Yes,No,Standard,3.6,14,Monthly,24-08-2024
103799,61,Male,Bengaluru,Beauty,Perfume,804.25,4,UPI,Spring,No,No,No,Standard,4.2,1,Monthly,22-07-2024
103800,69,Female,Nagpur,Grocery,Rice,2263.96,5,Net Banking,Summer,Yes,Yes,No,Standard,4.5,14,Yearly,06-02-2024
103801,32,Female,Vijayawada,Home Decor,Lamp,5486.88,5,Net Banking,Summer,Yes,No,No,Express,4.5,9,Yearly,20-10-2024
103802,21,Female,Hyderabad,Sports,Yoga Mat,3230.29,1,Debit Card,Spring,No,No,No,Same Day,3.5,6,Weekly,03-01-2025
103803,52,Male,Mysuru,Grocery,Oil,2048.78,3,Net Banking,Spring,Yes,Yes,Yes,Same Day,3.7,35,Monthly,29-03-2025
103804,57,Male,Surat,Beauty,Face Wash,1266.88,3,Debit Card,Winter,No,No,Yes,Same Day,3.5,19,Quarterly,04-11-2025
103805,19,Female,Visakhapatnam,Electronics,Smartphone,15879.69,3,Cash,Summer,No,No,No,Express,4.0,0,Monthly,13-10-2024
103806,56,Male,Ahmedabad,Sports,Yoga Mat,5669.4,2,UPI,Spring,No,No,Yes,Same Day,4.1,20,Quarterly,11-02-2024
103807,70,Female,Chennai,Books,Comics,2053.54,4,UPI,Spring,Yes,Yes,No,Same Day,5.0,7,Monthly,22-04-2024
103808,45,Male,Pune,Books,Biography,464.5,3,Credit Card,Summer,No,No,Yes,Same Day,4.4,46,Yearly,24-11-2024
103809,70,Female,Mumbai,Beauty,Lipstick,2428.38,2,Debit Card,Spring,Yes,No,No,Same Day,4.1,10,Quarterly,10-08-2025
103810,23,Male,Lucknow,Beauty,Moisturizer,307.25,1,Credit Card,Summer,No,No,No,Same Day,4.1,10,Yearly,30-09-2024
103811,63,Female,Delhi,Electronics,Camera,23305.6,3,UPI,Spring,Yes,Yes,No,Same Day,4.7,15,Quarterly,04-07-2024
103812,63,Female,Chennai,Clothing,Hoodie,2244.45,2,Debit Card,Autumn,No,No,Yes,Express,3.4,16,Yearly,27-10-2025
103813,70,Male,Mysuru,Footwear,Running Shoes,4931.93,2,UPI,Autumn,No,No,No,Express,4.7,13,Quarterly,27-10-2025
103814,30,Male,Hyderabad,Books,Novel,901.26,3,Net Banking,Autumn,No,No,No,Same Day,3.4,11,Weekly,05-01-2025
103815,49,Male,Mumbai,Footwear,Running Shoes,6840.36,1,Credit Card,Spring,Yes,Yes,No,Standard,4.4,9,Weekly,04-12-2025
103816,49,Female,Indore,Electronics,Smartphone,24486.75,4,Net Banking,Winter,Yes,Yes,No,Standard,4.2,2,Weekly,02-03-2025
103817,31,Female,Ahmedabad,Beauty,Perfume,2807.55,4,Debit Card,Autumn,Yes,Yes,No,Standard,4.3,9,Monthly,21-07-2025
103818,32,Female,Chennai,Footwear,Flip Flops,4361.67,3,Net Banking,Spring,Yes,Yes,No,Express,3.9,17,Monthly,26-05-2024
103819,52,Female,Kochi,Books,Novel,2083.18,4,Credit Card,Winter,Yes,Yes,Yes,Standard,5,22,Monthly,23-07-2024
103820,33,Male,Nagpur,Beauty,Face Wash,2907.61,3,UPI,Summer,Yes,Yes,No,Express,4.6,15,Quarterly,17-12-2024
103821,21,Male,Kolkata,Grocery,Snacks,1858.65,2,UPI,Spring,No,No,Yes,Same Day,4.6,31,Quarterly,03-07-2025
103822,51,Male,Nagpur,Electronics,Tablet,9508.62,3,Net Banking,Spring,Yes,Yes,No,Same Day,4.5,2,Quarterly,03-11-2025
103823,59,Male,Visakhapatnam,Home Decor,Carpet,5012.63,2,Debit Card,Spring,No,No,No,Express,4.3,17,Quarterly,22-02-2025
103824,33,Female,Bengaluru,Clothing,Jeans,1259.48,3,Debit Card,Autumn,Yes,No,Yes,Same Day,4.4,24,Yearly,14-07-2024
103825,40,Female,Coimbatore,Home Decor,Vase,4085.68,5,UPI,Winter,Yes,No,Yes,Express,3.9,24,Monthly,25-09-2025
103826,62,Male,Ahmedabad,Sports,Dumbbells,1990.96,1,Net Banking,Summer,No,No,No,Express,4.1,17,Quarterly,20-11-2024
103827,55,Male,Indore,Books,Science Book,290.05,4,Credit Card,Summer,No,No,No,Express,4.6,11,Yearly,22-10-2024
103828,29,Male,Jaipur,Beauty,Perfume,1303.59,1,Cash,Spring,No,No,No,Same Day,3.4,7,Weekly,14-09-2025
103829,52,Female,Visakhapatnam,Grocery,Snacks,543.17,1,UPI,Summer,Yes,No,Yes,Express,3.9,9,Yearly,15-10-2024
103830,32,Female,Delhi,Books,Science Book,473.59,1,Net Banking,Summer,Yes,Yes,No,Express,4.5,19,Weekly,19-06-2024
103831,55,Male,Ahmedabad,Books,Science Book,2297.01,5,Cash,Autumn,Yes,No,No,Express,4.4,19,Monthly,07-01-2025
103832,28,Male,Lucknow,Beauty,Shampoo,1014.96,4,Credit Card,Winter,No,No,No,Express,3.6,10,Weekly,22-06-2025
103833,55,Male,Kochi,Footwear,Running Shoes,3140.79,2,Credit Card,Summer,Yes,Yes,No,Standard,4.0,1,Yearly,23-12-2024
103834,29,Male,Ahmedabad,Home Decor,Lamp,2247.3,2,Cash,Winter,No,No,Yes,Same Day,3.5,39,Yearly,04-09-2025
103835,35,Male,Vijayawada,Clothing,Hoodie,2342.27,1,Cash,Summer,Yes,No,No,Standard,4.7,14,Monthly,31-07-2024
103836,49,Male,Indore,Beauty,Shampoo,2618.5,2,Net Banking,Summer,No,No,No,Standard,4.3,2,Weekly,30-05-2025
103837,27,Female,Vijayawada,Books,Comics,1433.39,4,Credit Card,Autumn,No,No,No,Same Day,3.7,3,Quarterly,03-12-2025
103838,69,Male,Bengaluru,Books,Biography,1645.49,4,Net Banking,Autumn,No,No,Yes,Express,3.2,34,Monthly,22-08-2025
103839,27,Male,Patna,Beauty,Moisturizer,1445.7,2,Net Banking,Winter,Yes,No,No,Same Day,4.7,20,Yearly,16-05-2025
103840,26,Female,Kolkata,Books,Programming Book,1156.81,1,Cash,Autumn,Yes,No,Yes,Express,4.2,32,Weekly,19-09-2024
103841,50,Male,Surat,Electronics,Camera,16474.16,1,UPI,Winter,No,No,No,Express,5.0,3,Monthly,05-01-2024
103842,59,Female,Mumbai,Books,Comics,2312.71,2,Debit Card,Winter,No,No,Yes,Same Day,3.8,39,Weekly,28-02-2025
103843,18,Male,Patna,Sports,Yoga Mat,1092.67,2,Credit Card,Autumn,No,No,Yes,Express,4.5,18,Yearly,29-11-2024
103844,43,Female,Pune,Clothing,Kurta,4321.89,3,Cash,Spring,No,No,No,Express,3.8,11,Monthly,11-07-2025
103845,64,Female,Hyderabad,Beauty,Face Wash,1943.36,1,Credit Card,Winter,Yes,No,No,Same Day,4.7,5,Quarterly,12-08-2025
103846,38,Female,Bengaluru,Grocery,Tea,1761.9,4,UPI,Autumn,Yes,Yes,No,Express,4.4,9,Yearly,07-06-2024
103847,42,Female,Delhi,Electronics,Headphones,16743.87,4,Cash,Autumn,No,No,Yes,Express,4.7,25,Weekly,19-12-2025
103848,64,Male,Hyderabad,Sports,Dumbbells,11156.11,4,Net Banking,Winter,Yes,No,No,Express,4.6,15,Yearly,27-01-2025
103849,62,Female,Jaipur,Electronics,Laptop,20459.44,2,Net Banking,Summer,Yes,No,Yes,Standard,4.2,8,Monthly,31-01-2024
103850,59,Female,Pune,Home Decor,Lamp,3910.22,1,Credit Card,Spring,No,No,Yes,Standard,4.6,24,Quarterly,21-09-2024
103851,54,Female,Lucknow,Electronics,Headphones,10219.68,2,Debit Card,Autumn,No,No,Yes,Standard,3.7,13,Yearly,20-09-2025
103852,19,Male,Kochi,Beauty,Moisturizer,613.04,5,Cash,Autumn,No,No,Yes,Same Day,4.4,46,Yearly,05-06-2024
103853,24,Female,Visakhapatnam,Electronics,Camera,22103.52,4,UPI,Autumn,No,No,No,Standard,4.4,6,Quarterly,25-06-2025
103854,19,Female,Mysuru,Home Decor,Carpet,3579.23,5,UPI,Summer,No,No,Yes,Standard,3.6,50,Yearly,14-03-2024
103855,60,Male,Kolkata,Electronics,Tablet,18191.53,3,Cash,Spring,No,No,Yes,Express,3.9,11,Yearly,11-06-2025
103856,27,Female,Nagpur,Grocery,Snacks,1621.15,1,Debit Card,Summer,No,No,No,Same Day,3.2,6,Yearly,06-12-2024
103857,34,Male,Vijayawada,Clothing,Hoodie,2531.87,1,Credit Card,Winter,Yes,No,No,Same Day,4.2,19,Monthly,10-06-2025
103858,30,Male,Kochi,Electronics,Laptop,19576.63,5,Debit Card,Autumn,Yes,No,Yes,Standard,3.6,13,Weekly,27-09-2024
103859,61,Female,Indore,Footwear,Sandals,4142.28,2,Credit Card,Summer,Yes,No,No,Express,3.6,0,Monthly,01-11-2024
103860,47,Female,Nagpur,Footwear,Sneakers,2082.58,3,UPI,Autumn,Yes,Yes,Yes,Standard,4.0,26,Quarterly,05-03-2025
103861,25,Female,Vijayawada,Clothing,Kurta,4799.77,3,Cash,Winter,Yes,Yes,No,Standard,4.0,2,Quarterly,13-10-2025
103862,51,Female,Mumbai,Beauty,Lipstick,2596.36,2,Cash,Summer,No,No,Yes,Express,4.2,29,Weekly,04-02-2025
103863,29,Female,Visakhapatnam,Books,Science Book,1866.41,1,UPI,Autumn,No,No,Yes,Standard,4.7,22,Monthly,14-05-2024
103864,47,Male,Ahmedabad,Beauty,Lipstick,2069.34,1,Credit Card,Winter,Yes,Yes,No,Standard,3.9,4,Yearly,17-06-2024
103865,30,Female,Lucknow,Home Decor,Curtains,1003.91,5,Debit Card,Spring,No,No,Yes,Same Day,3.5,16,Monthly,03-07-2025
103866,33,Male,Bhopal,Grocery,Coffee,2279.58,1,Credit Card,Winter,No,No,No,Same Day,4.5,15,Yearly,19-07-2024
103867,41,Female,Mumbai,Home Decor,Vase,1059.81,1,Cash,Autumn,No,No,No,Express,4.3,13,Weekly,17-04-2024
103868,25,Female,Bhopal,Electronics,Camera,21186.14,4,Net Banking,Autumn,Yes,Yes,No,Same Day,3.9,10,Yearly,17-04-2024
103869,58,Male,Hyderabad,Beauty,Perfume,956.08,2,Net Banking,Autumn,No,No,Yes,Same Day,4.4,16,Yearly,23-11-2024
103870,38,Female,Ahmedabad,Grocery,Coffee,1443.69,3,Net Banking,Spring,No,No,No,Express,4.7,1,Weekly,09-11-2024
103871,52,Female,Mysuru,Beauty,Shampoo,1993.37,5,Debit Card,Autumn,No,No,No,Standard,4.0,15,Yearly,16-08-2025
103872,59,Male,Mumbai,Electronics,Headphones,24518.4,5,Net Banking,Spring,Yes,Yes,No,Standard,4.4,19,Weekly,23-05-2025
103873,50,Male,Lucknow,Books,Programming Book,767.12,2,Net Banking,Summer,No,No,Yes,Standard,4.3,42,Yearly,04-04-2025
103874,40,Male,Patna,Electronics,Tablet,11151.6,2,Cash,Spring,No,No,Yes,Standard,4.7,39,Monthly,17-01-2025
103875,53,Female,Hyderabad,Beauty,Face Wash,1050.72,1,Cash,Summer,No,No,Yes,Express,4.2,30,Monthly,18-11-2025
103876,59,Female,Hyderabad,Clothing,T-Shirt,1155.73,3,Cash,Spring,Yes,Yes,No,Standard,4.5,10,Weekly,02-02-2025
103877,49,Female,Kolkata,Clothing,T-Shirt,566.53,5,Debit Card,Spring,No,No,No,Same Day,3.8,7,Yearly,11-01-2024
103878,58,Male,Jaipur,Books,Biography,270.34,3,UPI,Spring,Yes,Yes,No,Standard,5,5,Weekly,31-03-2025
103879,31,Female,Visakhapatnam,Grocery,Tea,1119.85,3,Debit Card,Autumn,No,No,No,Standard,4.8,20,Quarterly,01-09-2024
103880,45,Female,Coimbatore,Clothing,Jeans,2473.84,4,Debit Card,Winter,No,No,No,Same Day,4.5,13,Monthly,26-01-2025
103881,65,Male,Kochi,Beauty,Face Wash,1620.74,3,Credit Card,Spring,Yes,Yes,No,Same Day,4.8,4,Weekly,05-12-2025
103882,48,Male,Pune,Books,Novel,1321.84,2,Net Banking,Summer,Yes,No,Yes,Express,3.8,27,Yearly,17-04-2025
103883,19,Male,Kolkata,Beauty,Lipstick,595.8,3,Credit Card,Winter,Yes,Yes,Yes,Same Day,3.6,32,Quarterly,18-11-2025
103884,55,Male,Mysuru,Books,Programming Book,622.81,1,Credit Card,Summer,Yes,Yes,Yes,Standard,4.5,17,Quarterly,06-01-2024
103885,43,Male,Indore,Sports,Football,5237.05,2,Cash,Autumn,No,No,No,Express,4.7,19,Yearly,24-09-2025
103886,45,Male,Visakhapatnam,Grocery,Milk,836.01,2,Net Banking,Spring,Yes,No,No,Standard,4.3,12,Quarterly,27-07-2025
103887,35,Female,Kochi,Electronics,Smartphone,5950.52,3,UPI,Autumn,Yes,Yes,Yes,Standard,4.2,33,Yearly,18-11-2024
103888,33,Male,Hyderabad,Sports,Cricket Bat,5713.25,3,Cash,Winter,Yes,Yes,No,Express,4.6,12,Weekly,31-12-2024
103889,66,Male,Coimbatore,Beauty,Lipstick,994.92,4,Cash,Summer,No,No,No,Express,3.6,19,Monthly,08-11-2024
103890,29,Female,Kochi,Footwear,Boots,5553.42,1,Credit Card,Summer,Yes,Yes,Yes,Express,4.3,40,Weekly,12-06-2024
103891,56,Female,Surat,Home Decor,Vase,717.57,3,UPI,Winter,No,No,No,Same Day,3.9,17,Yearly,21-12-2024
103892,53,Female,Nagpur,Sports,Football,10132.49,2,Credit Card,Autumn,No,No,No,Same Day,4.1,9,Yearly,30-05-2025
103893,35,Female,Chennai,Home Decor,Vase,5670.52,4,Debit Card,Winter,No,No,Yes,Same Day,4.5,32,Yearly,20-11-2024
103894,50,Male,Nagpur,Clothing,Jeans,2755.27,3,Cash,Winter,Yes,No,Yes,Standard,5,24,Weekly,06-03-2025
103895,30,Female,Delhi,Sports,Cricket Bat,6305.68,1,Cash,Autumn,No,No,No,Standard,4.1,4,Yearly,07-07-2025
103896,41,Male,Pune,Grocery,Tea,1553.29,1,Debit Card,Autumn,Yes,No,No,Same Day,4.0,6,Yearly,12-08-2024
103897,39,Male,Bengaluru,Grocery,Snacks,838.37,3,UPI,Spring,Yes,No,No,Same Day,3.8,4,Yearly,13-01-2024
103898,34,Male,Vijayawada,Grocery,Snacks,1671.3,5,UPI,Autumn,Yes,Yes,No,Same Day,4.5,18,Monthly,15-06-2024
103899,52,Female,Bhopal,Footwear,Boots,6816.58,1,Credit Card,Summer,Yes,Yes,No,Same Day,4.4,1,Yearly,24-12-2024
103900,48,Male,Indore,Sports,Tennis Racket,11901.0,5,Credit Card,Winter,No,No,No,Standard,4.0,3,Weekly,19-11-2024
103901,67,Female,Jaipur,Beauty,Shampoo,1852.86,3,Cash,Autumn,Yes,Yes,Yes,Standard,4.6,32,Monthly,16-03-2025
103902,69,Female,Kochi,Books,Comics,1896.66,1,UPI,Autumn,No,No,No,Express,4.3,8,Yearly,29-07-2025
103903,37,Male,Indore,Clothing,Kurta,2474.31,4,Cash,Winter,No,No,No,Standard,4.3,19,Weekly,27-04-2025
103904,36,Female,Kolkata,Footwear,Flip Flops,807.4,3,Net Banking,Spring,No,No,No,Standard,3.4,3,Yearly,04-09-2025
103905,55,Female,Mysuru,Books,Biography,2027.52,5,Debit Card,Winter,Yes,Yes,No,Express,4.5,15,Weekly,01-05-2025
103906,62,Female,Visakhapatnam,Home Decor,Wall Art,4877.34,4,Net Banking,Autumn,No,No,No,Express,3.3,10,Monthly,06-12-2025
103907,41,Female,Vijayawada,Electronics,Camera,12073.72,3,Cash,Summer,Yes,No,No,Same Day,4.5,16,Yearly,07-04-2025
103908,23,Male,Hyderabad,Books,Biography,531.51,2,Credit Card,Winter,No,No,No,Express,3.9,11,Monthly,01-09-2025
103909,31,Female,Bhopal,Clothing,Kurta,2855.41,4,Debit Card,Winter,Yes,Yes,No,Express,4.8,19,Weekly,21-11-2025
103910,58,Female,Indore,Books,Science Book,505.3,4,Debit Card,Winter,Yes,Yes,No,Standard,4.1,8,Quarterly,13-10-2024
103911,42,Male,Kochi,Electronics,Smart Watch,17298.44,5,Cash,Winter,Yes,Yes,Yes,Standard,4.3,15,Monthly,07-08-2024
103912,30,Male,Vijayawada,Footwear,Sandals,3302.2,5,Credit Card,Autumn,No,No,No,Standard,3.7,6,Yearly,18-08-2025
103913,57,Female,Pune,Clothing,Jeans,2399.46,1,Debit Card,Winter,Yes,Yes,No,Same Day,4.6,1,Yearly,16-01-2024
103914,55,Female,Indore,Clothing,Jeans,1817.03,4,Debit Card,Winter,Yes,Yes,No,Standard,4.4,17,Yearly,03-12-2025
103915,61,Female,Indore,Clothing,Jacket,4610.76,5,Debit Card,Summer,No,No,Yes,Standard,4.6,35,Yearly,12-12-2025
103916,27,Male,Delhi,Sports,Tennis Racket,10496.04,1,UPI,Winter,No,No,No,Express,4.3,10,Yearly,24-10-2025
103917,23,Male,Visakhapatnam,Books,Science Book,2319.64,2,UPI,Winter,Yes,Yes,No,Same Day,4.7,9,Monthly,10-03-2024
103918,59,Male,Patna,Books,Novel,521.92,4,Net Banking,Winter,Yes,No,Yes,Standard,4.0,35,Weekly,23-03-2024
103919,39,Male,Bhopal,Sports,Dumbbells,9833.36,5,Net Banking,Spring,Yes,Yes,Yes,Same Day,4.2,23,Weekly,20-02-2025
103920,45,Female,Pune,Sports,Yoga Mat,2671.41,2,UPI,Winter,No,No,No,Standard,3.5,3,Weekly,22-05-2024
103921,42,Male,Mysuru,Clothing,Jeans,3081.31,4,Net Banking,Summer,Yes,Yes,No,Express,4.0,11,Quarterly,10-02-2025
103922,37,Male,Coimbatore,Electronics,Camera,16328.34,3,Credit Card,Autumn,Yes,Yes,No,Express,4.2,17,Quarterly,25-04-2024
103923,43,Male,Chennai,Books,Science Book,750.66,2,Net Banking,Summer,Yes,No,No,Same Day,4.0,12,Yearly,28-01-2025
103924,43,Female,Surat,Clothing,T-Shirt,3678.8,5,Cash,Summer,No,No,No,Express,4.4,4,Yearly,25-11-2025
103925,57,Male,Surat,Electronics,Camera,15703.14,1,Net Banking,Spring,No,No,Yes,Express,3.9,12,Yearly,12-11-2025
103926,33,Male,Ahmedabad,Books,Biography,540.46,1,UPI,Autumn,No,No,No,Same Day,4.7,2,Weekly,24-12-2024
103927,46,Female,Indore,Footwear,Running Shoes,6174.63,4,Credit Card,Summer,No,No,Yes,Express,4.7,13,Quarterly,25-01-2024
103928,40,Male,Pune,Beauty,Shampoo,707.66,5,Credit Card,Autumn,Yes,Yes,Yes,Express,4.6,11,Quarterly,29-01-2024
103929,54,Male,Delhi,Sports,Dumbbells,2303.9,5,Cash,Winter,No,No,No,Same Day,3.8,2,Yearly,08-03-2024
103930,25,Female,Kolkata,Beauty,Shampoo,694.28,1,UPI,Winter,No,No,Yes,Standard,3.4,29,Quarterly,24-12-2024
103931,21,Male,Patna,Sports,Football,5435.8,4,Net Banking,Spring,No,No,No,Same Day,4.0,2,Quarterly,17-08-2024
103932,27,Male,Indore,Home Decor,Carpet,2946.37,2,Cash,Autumn,No,No,No,Same Day,4.2,4,Quarterly,17-08-2025
103933,68,Female,Vijayawada,Footwear,Boots,1689.93,1,Debit Card,Winter,No,No,No,Same Day,3.5,15,Weekly,12-03-2024
103934,48,Male,Pune,Books,Biography,1830.16,1,Cash,Winter,No,No,No,Standard,3.8,20,Yearly,07-12-2025
103935,23,Male,Pune,Books,Biography,1190.1,1,UPI,Summer,Yes,No,No,Standard,3.3,1,Weekly,15-08-2025
103936,52,Female,Chennai,Clothing,Jacket,4019.23,2,UPI,Spring,Yes,Yes,No,Same Day,3.9,20,Monthly,23-08-2024
103937,54,Female,Pune,Electronics,Smart Watch,15582.63,4,UPI,Summer,Yes,Yes,No,Same Day,4.5,2,Monthly,03-06-2025
103938,18,Male,Nagpur,Books,Programming Book,2080.13,4,Net Banking,Winter,No,No,No,Express,4.3,0,Monthly,16-04-2025
103939,41,Male,Indore,Books,Novel,803.18,5,Net Banking,Spring,No,No,No,Standard,4.6,14,Quarterly,10-03-2024
103940,34,Female,Patna,Beauty,Lipstick,2083.35,3,UPI,Autumn,No,No,No,Express,4.0,14,Quarterly,23-06-2024
103941,59,Female,Lucknow,Beauty,Face Wash,2760.27,1,Net Banking,Summer,Yes,No,Yes,Same Day,4.4,10,Weekly,19-06-2025
103942,58,Female,Jaipur,Books,Science Book,1767.0,4,UPI,Winter,Yes,Yes,No,Same Day,3.7,7,Monthly,12-12-2024
103943,66,Male,Coimbatore,Home Decor,Carpet,4825.22,5,Credit Card,Autumn,Yes,No,No,Standard,4.6,15,Weekly,24-04-2024
103944,51,Female,Ahmedabad,Electronics,Camera,20618.49,3,Cash,Summer,Yes,No,No,Standard,4.6,13,Yearly,27-07-2025
103945,63,Male,Nagpur,Clothing,Hoodie,712.22,3,Debit Card,Autumn,Yes,Yes,Yes,Standard,3.8,12,Monthly,01-09-2024
103946,57,Male,Mumbai,Electronics,Smart Watch,14575.84,3,Net Banking,Autumn,Yes,No,No,Standard,3.9,13,Quarterly,14-06-2024
103947,42,Female,Nagpur,Home Decor,Carpet,5500.49,5,UPI,Winter,Yes,Yes,No,Express,4.4,14,Monthly,14-06-2024
103948,64,Female,Mumbai,Home Decor,Curtains,1643.61,2,UPI,Winter,No,No,Yes,Same Day,4.8,46,Quarterly,01-10-2024
103949,40,Male,Kochi,Beauty,Face Wash,1927.97,5,Net Banking,Summer,Yes,Yes,Yes,Same Day,5,25,Yearly,08-05-2025
103950,25,Female,Delhi,Footwear,Sneakers,3631.88,1,Cash,Winter,No,No,Yes,Express,3.8,44,Yearly,15-10-2024
103951,28,Female,Hyderabad,Grocery,Coffee,2208.97,3,Cash,Winter,No,No,No,Same Day,3.5,19,Quarterly,09-11-2024
103952,37,Male,Lucknow,Electronics,Smart Watch,9335.45,5,Credit Card,Winter,No,No,No,Same Day,4.7,19,Monthly,06-01-2024
103953,49,Male,Mumbai,Electronics,Laptop,18016.05,5,Net Banking,Summer,No,No,Yes,Same Day,4.5,50,Weekly,28-12-2024
103954,52,Female,Mumbai,Sports,Yoga Mat,5369.54,1,UPI,Winter,No,No,No,Standard,4.2,5,Weekly,06-09-2024
103955,52,Male,Indore,Sports,Yoga Mat,9144.98,1,Net Banking,Autumn,No,No,No,Standard,4.0,13,Yearly,04-09-2024
103956,51,Female,Vijayawada,Grocery,Rice,1257.95,3,UPI,Winter,No,No,Yes,Standard,4.8,15,Monthly,17-06-2024
103957,32,Female,Kochi,Grocery,Coffee,2098.76,1,Credit Card,Summer,No,No,No,Express,4.8,7,Weekly,24-05-2025
103958,22,Male,Hyderabad,Footwear,Sneakers,5819.93,3,UPI,Spring,Yes,Yes,Yes,Standard,5,43,Yearly,28-03-2024
103959,58,Female,Bengaluru,Electronics,Tablet,19163.31,4,Credit Card,Summer,Yes,Yes,No,Standard,4.6,16,Yearly,17-02-2025
103960,42,Female,Lucknow,Grocery,Milk,1363.79,5,Debit Card,Autumn,No,No,Yes,Express,4.3,24,Monthly,03-05-2025
103961,35,Female,Mumbai,Beauty,Face Wash,1267.2,4,Credit Card,Summer,Yes,No,Yes,Express,4.5,8,Monthly,22-10-2025
103962,58,Male,Vijayawada,Electronics,Laptop,10762.51,1,UPI,Spring,No,No,No,Standard,4.2,20,Quarterly,17-05-2024
103963,60,Female,Mumbai,Electronics,Smart Watch,11067.1,3,Cash,Winter,Yes,Yes,No,Same Day,4.2,16,Weekly,08-10-2025
103964,63,Female,Chennai,Home Decor,Curtains,1754.82,3,Credit Card,Autumn,Yes,No,No,Express,4.4,15,Quarterly,14-03-2025
103965,37,Female,Bhopal,Footwear,Sandals,3138.14,1,Net Banking,Winter,No,No,Yes,Express,4.4,42,Weekly,12-08-2025
103966,41,Male,Indore,Clothing,Hoodie,955.53,1,Net Banking,Autumn,No,No,Yes,Same Day,3.1,14,Quarterly,28-02-2024
103967,39,Female,Hyderabad,Electronics,Tablet,16041.55,4,Net Banking,Autumn,No,No,No,Express,3.9,19,Quarterly,21-01-2025
103968,66,Male,Pune,Books,Programming Book,803.31,1,UPI,Spring,No,No,No,Same Day,3.6,13,Quarterly,16-05-2024
103969,19,Female,Kochi,Footwear,Flip Flops,1739.48,3,Credit Card,Spring,Yes,Yes,Yes,Standard,4.3,26,Monthly,08-07-2024
103970,26,Female,Chennai,Electronics,Headphones,18464.31,5,Debit Card,Winter,Yes,Yes,Yes,Express,4.4,24,Yearly,04-08-2024
103971,27,Male,Bengaluru,Home Decor,Lamp,4389.81,4,Credit Card,Autumn,No,No,No,Express,4.5,7,Weekly,28-05-2025
103972,55,Female,Visakhapatnam,Books,Programming Book,1924.18,3,Credit Card,Autumn,No,No,Yes,Same Day,4.4,39,Quarterly,09-09-2024
103973,25,Female,Ahmedabad,Grocery,Coffee,442.36,3,Credit Card,Winter,No,No,No,Standard,4.0,19,Monthly,20-10-2024
103974,64,Male,Kochi,Beauty,Lipstick,2583.1,1,Debit Card,Autumn,Yes,No,No,Same Day,4.8,16,Monthly,06-01-2025
103975,33,Female,Lucknow,Electronics,Headphones,18990.66,5,UPI,Spring,No,No,No,Express,5,12,Weekly,14-03-2025
103976,58,Female,Pune,Beauty,Shampoo,2913.16,5,Cash,Autumn,Yes,Yes,Yes,Standard,3.9,26,Yearly,17-02-2024
103977,56,Female,Bhopal,Home Decor,Carpet,3425.76,3,UPI,Autumn,No,No,No,Standard,4.4,16,Quarterly,31-01-2024
103978,61,Male,Mumbai,Footwear,Running Shoes,6444.21,2,Net Banking,Autumn,No,No,No,Standard,3.9,8,Monthly,06-10-2025
103979,37,Male,Delhi,Beauty,Moisturizer,2653.69,1,UPI,Autumn,No,No,No,Express,4.0,12,Weekly,05-10-2025
103980,55,Male,Hyderabad,Home Decor,Carpet,3835.3,4,Cash,Summer,Yes,Yes,Yes,Express,4.8,31,Weekly,01-03-2025
103981,30,Male,Ahmedabad,Sports,Football,4818.45,3,Credit Card,Winter,No,No,No,Standard,4.3,10,Monthly,16-03-2024
103982,20,Male,Patna,Footwear,Sneakers,3781.3,2,Net Banking,Spring,Yes,Yes,No,Standard,3.9,17,Yearly,26-05-2025
103983,46,Male,Kochi,Clothing,Dress,4379.94,4,Net Banking,Autumn,No,No,No,Standard,4.7,17,Yearly,24-11-2024
103984,22,Male,Nagpur,Electronics,Headphones,7805.38,3,Net Banking,Spring,No,No,No,Standard,3.1,7,Quarterly,25-02-2024
103985,57,Female,Nagpur,Grocery,Coffee,1709.75,5,Debit Card,Summer,Yes,Yes,Yes,Same Day,4.1,46,Yearly,01-07-2024
103986,39,Male,Indore,Grocery,Milk,1398.77,5,Cash,Summer,No,No,No,Standard,4.5,2,Weekly,28-07-2024
103987,26,Female,Patna,Footwear,Sandals,6746.82,4,UPI,Spring,Yes,No,Yes,Express,4.3,8,Quarterly,07-01-2025
103988,70,Female,Bhopal,Grocery,Rice,2351.95,1,Debit Card,Summer,No,No,Yes,Express,4.7,48,Yearly,21-05-2024
103989,63,Male,Ahmedabad,Home Decor,Wall Art,3887.73,1,UPI,Spring,No,No,Yes,Same Day,4.9,39,Monthly,21-10-2025
103990,60,Female,Ahmedabad,Sports,Yoga Mat,10261.54,5,Net Banking,Autumn,No,No,No,Express,4.4,6,Quarterly,23-05-2024
103991,55,Male,Hyderabad,Grocery,Oil,1034.31,2,Cash,Summer,Yes,Yes,No,Express,3.8,6,Monthly,23-05-2025
103992,56,Male,Mysuru,Beauty,Perfume,369.47,1,UPI,Summer,No,No,Yes,Express,4.5,27,Monthly,23-01-2024
103993,42,Female,Delhi,Clothing,Jeans,2179.57,5,Debit Card,Winter,No,No,No,Same Day,3.8,12,Weekly,12-05-2024
103994,65,Male,Nagpur,Home Decor,Vase,1744.96,2,UPI,Autumn,No,No,Yes,Standard,4.3,13,Quarterly,29-04-2025
103995,51,Female,Vijayawada,Clothing,Jeans,3507.59,5,Net Banking,Spring,Yes,Yes,No,Same Day,4.8,3,Monthly,07-04-2025
103996,40,Male,Vijayawada,Home Decor,Lamp,2953.95,2,Credit Card,Spring,No,No,Yes,Same Day,5,49,Yearly,17-02-2024
103997,55,Female,Delhi,Beauty,Shampoo,1589.41,3,Net Banking,Winter,No,No,Yes,Same Day,4.0,25,Quarterly,03-02-2025
103998,39,Male,Kolkata,Beauty,Perfume,476.07,1,UPI,Autumn,Yes,Yes,No,Standard,3.9,15,Monthly,16-03-2024
103999,22,Male,Visakhapatnam,Clothing,Jacket,2415.4,5,Net Banking,Winter,Yes,Yes,No,Express,4.9,18,Monthly,25-08-2024
104000,39,Male,Pune,Footwear,Sandals,2732.92,3,Net Banking,Autumn,Yes,Yes,No,Express,4.4,3,Yearly,20-01-2024
104001,21,Male,Visakhapatnam,Beauty,Lipstick,2525.8,3,Cash,Spring,No,No,No,Express,4.4,17,Quarterly,21-03-2024
104002,63,Female,Ahmedabad,Home Decor,Curtains,5952.74,3,UPI,Winter,Yes,No,No,Standard,4.8,14,Monthly,06-01-2024
104003,47,Female,Indore,Clothing,Kurta,2519.21,1,Debit Card,Spring,No,No,Yes,Express,3.2,24,Quarterly,09-12-2024
104004,67,Male,Kochi,Clothing,Kurta,738.43,1,Cash,Spring,Yes,Yes,Yes,Express,5,43,Yearly,12-06-2024
104005,54,Female,Lucknow,Footwear,Sandals,1212.46,3,Debit Card,Spring,Yes,No,No,Same Day,3.7,9,Quarterly,11-01-2024
104006,69,Male,Mysuru,Electronics,Headphones,10464.21,2,UPI,Winter,No,No,Yes,Same Day,3.5,22,Yearly,10-12-2025
104007,57,Female,Vijayawada,Clothing,Hoodie,2938.71,5,Cash,Autumn,No,No,No,Same Day,4.0,1,Weekly,17-04-2024
104008,65,Male,Lucknow,Books,Novel,1257.23,3,Net Banking,Spring,No,No,No,Express,4.1,16,Yearly,09-03-2024
104009,51,Female,Kochi,Sports,Yoga Mat,6313.33,5,Net Banking,Autumn,No,No,No,Standard,4.1,1,Weekly,25-07-2024
104010,37,Male,Chennai,Grocery,Oil,2200.74,3,Debit Card,Spring,No,No,No,Same Day,3.6,11,Quarterly,19-01-2024
104011,53,Male,Chennai,Sports,Tennis Racket,5061.83,4,Net Banking,Winter,Yes,Yes,No,Standard,4.0,17,Quarterly,29-04-2024
104012,47,Male,Bhopal,Home Decor,Vase,3556.68,3,UPI,Summer,No,No,No,Standard,5,13,Weekly,24-07-2024
104013,60,Female,Vijayawada,Home Decor,Curtains,3826.2,4,UPI,Summer,Yes,Yes,No,Same Day,3.6,17,Yearly,23-01-2024
104014,28,Female,Bengaluru,Electronics,Laptop,8482.94,5,Cash,Summer,Yes,Yes,No,Standard,3.5,9,Monthly,04-07-2025
104015,21,Female,Hyderabad,Clothing,Jacket,3082.08,2,Cash,Summer,No,No,No,Same Day,4.5,12,Quarterly,26-07-2024
104016,53,Female,Visakhapatnam,Books,Programming Book,657.81,4,Credit Card,Winter,No,No,Yes,Standard,4.1,8,Weekly,18-03-2025
104017,59,Male,Indore,Sports,Dumbbells,11306.82,4,Credit Card,Spring,No,No,No,Standard,3.5,8,Yearly,18-09-2024
104018,51,Male,Hyderabad,Grocery,Milk,1851.45,5,Credit Card,Autumn,No,No,No,Same Day,4.4,16,Weekly,28-03-2025
104019,55,Female,Delhi,Electronics,Tablet,13918.9,5,UPI,Spring,No,No,No,Express,5,13,Monthly,07-04-2025
104020,64,Male,Visakhapatnam,Electronics,Laptop,16565.94,5,Cash,Spring,Yes,Yes,Yes,Same Day,3.6,36,Yearly,02-05-2025
104021,37,Male,Ahmedabad,Electronics,Laptop,10672.87,1,UPI,Summer,No,No,Yes,Same Day,3.4,18,Weekly,23-01-2024
104022,20,Male,Lucknow,Beauty,Moisturizer,2504.28,3,Credit Card,Winter,No,No,No,Standard,3.8,8,Monthly,20-04-2024
104023,24,Female,Patna,Clothing,Dress,4020.88,2,UPI,Autumn,Yes,No,Yes,Same Day,4.7,25,Monthly,20-05-2025
104024,43,Female,Patna,Grocery,Milk,422.68,4,Debit Card,Autumn,No,No,No,Express,4.2,17,Yearly,21-09-2024
104025,28,Female,Hyderabad,Footwear,Sandals,2607.45,3,Cash,Spring,Yes,No,Yes,Same Day,5,42,Yearly,26-10-2024
104026,69,Female,Bengaluru,Footwear,Running Shoes,6796.35,4,Cash,Spring,No,No,No,Standard,4.2,17,Quarterly,19-12-2024
104027,69,Female,Mumbai,Electronics,Laptop,21677.81,1,UPI,Winter,Yes,Yes,Yes,Standard,3.9,50,Weekly,24-01-2024
104028,42,Female,Nagpur,Sports,Tennis Racket,2822.77,1,Credit Card,Spring,Yes,Yes,No,Express,4.3,5,Monthly,12-03-2024
104029,29,Female,Jaipur,Home Decor,Lamp,324.09,3,Cash,Winter,Yes,Yes,No,Express,4.6,18,Yearly,06-05-2024
104030,26,Female,Visakhapatnam,Books,Biography,403.65,5,Net Banking,Winter,No,No,No,Standard,4.7,14,Yearly,18-02-2024
104031,36,Female,Nagpur,Home Decor,Wall Art,717.81,5,UPI,Winter,Yes,Yes,No,Same Day,3.8,0,Monthly,03-10-2025
104032,59,Male,Kolkata,Clothing,Jacket,4845.34,4,Debit Card,Summer,Yes,Yes,Yes,Same Day,4.3,13,Weekly,21-05-2025
104033,36,Male,Coimbatore,Electronics,Smartphone,7290.58,2,Debit Card,Summer,No,No,No,Express,3.7,7,Quarterly,12-11-2025
104034,69,Male,Kochi,Footwear,Sandals,5263.15,3,UPI,Spring,No,No,No,Express,4.2,10,Quarterly,15-06-2024
104035,63,Female,Kochi,Home Decor,Lamp,2054.15,4,Credit Card,Winter,Yes,No,Yes,Standard,4.3,48,Weekly,22-05-2024
104036,49,Female,Vijayawada,Electronics,Smart Watch,17248.7,4,Net Banking,Autumn,No,No,Yes,Same Day,4.1,30,Yearly,19-11-2024
104037,42,Female,Coimbatore,Sports,Dumbbells,9809.38,5,UPI,Summer,Yes,Yes,No,Express,4.1,8,Quarterly,13-01-2024
104038,62,Female,Indore,Beauty,Face Wash,758.89,2,Debit Card,Autumn,Yes,Yes,Yes,Same Day,4.0,17,Monthly,02-05-2024
104039,38,Male,Bengaluru,Home Decor,Carpet,2205.8,5,UPI,Summer,Yes,Yes,Yes,Express,3.6,9,Yearly,18-08-2025
104040,32,Female,Kochi,Electronics,Tablet,12068.51,5,Cash,Spring,No,No,No,Standard,4.8,2,Quarterly,14-04-2025
104041,55,Female,Bengaluru,Beauty,Perfume,2042.05,2,Debit Card,Autumn,Yes,Yes,Yes,Express,5,42,Quarterly,08-02-2024
104042,27,Male,Patna,Footwear,Flip Flops,2795.44,3,UPI,Summer,No,No,No,Standard,4.9,5,Monthly,15-12-2025
104043,65,Female,Vijayawada,Clothing,Jacket,3989.06,3,UPI,Winter,Yes,Yes,Yes,Standard,3.8,44,Monthly,23-01-2025
104044,67,Male,Visakhapatnam,Electronics,Laptop,7596.7,1,Credit Card,Summer,No,No,No,Same Day,4.4,3,Quarterly,24-07-2024
104045,63,Male,Nagpur,Beauty,Moisturizer,1822.72,1,Cash,Autumn,Yes,No,Yes,Standard,3.8,26,Weekly,05-03-2024
104046,29,Female,Mumbai,Clothing,Jacket,1031.97,2,Cash,Spring,No,No,No,Standard,5,13,Weekly,18-01-2025
104047,41,Female,Vijayawada,Beauty,Shampoo,1876.77,4,Credit Card,Spring,Yes,No,No,Standard,4.1,8,Monthly,17-03-2024
104048,26,Male,Visakhapatnam,Footwear,Boots,6509.1,4,Credit Card,Spring,Yes,Yes,Yes,Express,4.0,50,Monthly,29-08-2025
104049,36,Female,Mumbai,Home Decor,Wall Art,4264.64,1,Debit Card,Autumn,Yes,No,Yes,Same Day,3.8,32,Yearly,16-01-2025
104050,24,Male,Visakhapatnam,Beauty,Shampoo,1234.52,2,Credit Card,Winter,Yes,Yes,Yes,Same Day,4.1,11,Quarterly,05-03-2024
104051,46,Female,Bhopal,Books,Science Book,1076.92,2,Debit Card,Autumn,No,No,Yes,Express,3.8,9,Yearly,25-07-2025
104052,49,Male,Lucknow,Sports,Football,850.76,2,UPI,Spring,No,No,Yes,Express,4.2,29,Monthly,02-08-2025
104053,30,Male,Visakhapatnam,Home Decor,Vase,4611.36,4,Credit Card,Winter,Yes,Yes,Yes,Standard,4.4,23,Quarterly,11-11-2024
104054,63,Female,Mysuru,Books,Novel,2106.13,2,Net Banking,Summer,Yes,Yes,Yes,Same Day,4.8,13,Quarterly,14-06-2024
104055,52,Male,Indore,Books,Biography,2239.69,3,Net Banking,Winter,No,No,No,Standard,4.1,4,Yearly,15-10-2024
104056,31,Male,Lucknow,Home Decor,Carpet,3147.51,2,Net Banking,Summer,Yes,Yes,No,Express,4.5,0,Quarterly,13-05-2024
104057,37,Male,Vijayawada,Beauty,Perfume,893.78,2,Net Banking,Winter,No,No,No,Standard,4.0,12,Yearly,20-07-2024
104058,62,Female,Ahmedabad,Footwear,Sandals,2935.71,3,Debit Card,Winter,Yes,Yes,No,Same Day,4.4,19,Weekly,15-07-2024
104059,42,Female,Vijayawada,Clothing,Hoodie,1323.38,5,Net Banking,Autumn,Yes,No,No,Same Day,4.7,17,Yearly,28-10-2024
104060,25,Female,Mysuru,Grocery,Coffee,385.51,1,Net Banking,Autumn,No,No,No,Standard,4.7,4,Monthly,12-02-2025
104061,52,Female,Jaipur,Home Decor,Wall Art,547.21,1,Debit Card,Winter,Yes,Yes,No,Same Day,4.5,15,Monthly,31-03-2024
104062,26,Female,Ahmedabad,Sports,Football,11049.55,2,Cash,Spring,Yes,No,No,Same Day,4.2,4,Weekly,27-09-2024
104063,52,Female,Mumbai,Grocery,Coffee,570.71,4,Debit Card,Autumn,No,No,No,Express,5,2,Monthly,04-02-2025
104064,48,Male,Jaipur,Grocery,Rice,1255.04,2,Credit Card,Winter,No,No,No,Standard,3.7,6,Monthly,06-01-2025
104065,18,Male,Indore,Electronics,Smart Watch,15287.64,2,Net Banking,Winter,Yes,No,No,Same Day,4.1,5,Yearly,11-10-2025
104066,54,Female,Pune,Footwear,Boots,2167.68,3,Net Banking,Spring,Yes,Yes,No,Same Day,4.0,8,Quarterly,01-01-2025
104067,29,Female,Vijayawada,Footwear,Sandals,5697.32,3,Debit Card,Autumn,Yes,No,No,Express,4.3,19,Weekly,25-11-2024
104068,68,Male,Pune,Home Decor,Vase,3722.3,5,Cash,Winter,No,No,No,Standard,4.0,14,Monthly,29-10-2025
104069,58,Female,Visakhapatnam,Grocery,Milk,536.07,1,UPI,Spring,No,No,No,Express,5,7,Quarterly,30-12-2024
104070,59,Male,Bhopal,Books,Programming Book,2170.74,2,UPI,Autumn,No,No,Yes,Same Day,4.9,46,Yearly,12-10-2025
104071,49,Male,Kolkata,Books,Science Book,1696.63,2,Cash,Winter,Yes,Yes,No,Standard,4.8,12,Weekly,10-05-2024
104072,39,Female,Hyderabad,Sports,Tennis Racket,4537.18,1,Net Banking,Winter,No,No,No,Express,4.0,3,Quarterly,05-07-2024
104073,28,Female,Ahmedabad,Footwear,Flip Flops,6285.8,1,UPI,Summer,Yes,Yes,No,Express,4.9,15,Monthly,24-06-2025
104074,55,Female,Vijayawada,Books,Novel,1251.03,3,UPI,Spring,Yes,Yes,No,Same Day,4.7,11,Yearly,20-02-2024
104075,48,Male,Pune,Sports,Yoga Mat,8422.2,2,Debit Card,Winter,Yes,No,No,Standard,5.0,8,Quarterly,02-10-2025
104076,68,Male,Coimbatore,Grocery,Oil,1488.32,2,UPI,Spring,No,No,No,Express,4.8,8,Weekly,27-04-2024
104077,56,Female,Visakhapatnam,Beauty,Lipstick,511.49,4,Net Banking,Autumn,No,No,No,Same Day,3.9,20,Quarterly,10-05-2024
104078,53,Female,Hyderabad,Footwear,Sandals,5030.14,4,UPI,Summer,No,No,Yes,Express,3.4,11,Yearly,27-01-2025
104079,42,Male,Kochi,Books,Novel,369.25,3,UPI,Winter,No,No,No,Express,4.4,17,Monthly,01-07-2024
104080,64,Female,Bengaluru,Home Decor,Lamp,2889.72,1,Debit Card,Summer,No,No,No,Same Day,4.2,3,Monthly,24-11-2024
104081,45,Male,Indore,Beauty,Lipstick,2726.27,3,Credit Card,Summer,No,No,No,Express,4.1,4,Monthly,23-09-2024
104082,54,Male,Bhopal,Clothing,Jacket,2164.63,2,Debit Card,Summer,Yes,No,No,Express,4.0,3,Monthly,03-07-2025
104083,44,Male,Kochi,Beauty,Shampoo,2913.96,5,Debit Card,Autumn,No,No,No,Express,3.2,16,Yearly,22-02-2024
104084,55,Female,Lucknow,Beauty,Lipstick,1782.55,2,Credit Card,Autumn,No,No,No,Express,4.1,15,Quarterly,23-09-2025
104085,50,Female,Ahmedabad,Beauty,Lipstick,1869.05,1,Credit Card,Summer,Yes,Yes,No,Standard,3.2,17,Weekly,13-11-2024
104086,61,Male,Patna,Sports,Yoga Mat,5525.51,1,UPI,Summer,No,No,No,Express,4.3,1,Yearly,22-09-2025
104087,52,Male,Kolkata,Clothing,T-Shirt,2627.49,1,UPI,Spring,No,No,No,Standard,4.2,17,Quarterly,10-10-2024
104088,61,Male,Indore,Home Decor,Wall Art,2613.86,2,UPI,Spring,No,No,Yes,Same Day,4.2,22,Quarterly,18-03-2024
104089,61,Male,Bhopal,Clothing,T-Shirt,2091.2,5,Credit Card,Spring,No,No,No,Express,4.1,11,Yearly,25-06-2024
104090,51,Female,Kochi,Electronics,Laptop,10967.51,1,Debit Card,Summer,No,No,Yes,Express,4.4,40,Yearly,18-06-2024
104091,45,Male,Chennai,Footwear,Sandals,5995.48,3,Net Banking,Summer,No,No,No,Express,4.1,10,Weekly,19-05-2025
104092,56,Male,Kolkata,Beauty,Face Wash,1453.12,4,Cash,Summer,No,No,No,Standard,4.8,2,Weekly,10-01-2024
104093,60,Female,Vijayawada,Footwear,Boots,2081.5,3,Net Banking,Autumn,No,No,No,Standard,4.0,6,Weekly,02-10-2025
104094,70,Female,Nagpur,Home Decor,Vase,1065.79,5,Cash,Spring,Yes,Yes,Yes,Standard,3.8,50,Monthly,08-04-2024
104095,54,Female,Lucknow,Electronics,Smart Watch,15707.99,4,UPI,Autumn,Yes,No,No,Standard,3.7,1,Yearly,20-02-2025
104096,35,Female,Bhopal,Sports,Dumbbells,1137.16,4,UPI,Summer,No,No,No,Same Day,4.8,4,Yearly,07-08-2024
104097,27,Male,Bhopal,Books,Biography,2167.85,4,Credit Card,Winter,Yes,Yes,Yes,Same Day,4.7,9,Monthly,04-05-2025
104098,59,Female,Pune,Beauty,Perfume,1311.65,3,Debit Card,Autumn,No,No,Yes,Express,3.8,44,Weekly,07-10-2025
104099,56,Male,Delhi,Sports,Tennis Racket,1587.54,1,Credit Card,Summer,No,No,No,Same Day,4.6,10,Monthly,07-04-2024
104100,67,Female,Kochi,Books,Comics,816.46,3,UPI,Autumn,Yes,Yes,Yes,Express,4.3,21,Yearly,21-06-2024
104101,66,Female,Mumbai,Home Decor,Lamp,2606.93,2,UPI,Winter,No,No,No,Same Day,3.8,9,Yearly,21-10-2024
104102,19,Female,Coimbatore,Clothing,Kurta,1695.93,2,UPI,Summer,Yes,Yes,Yes,Same Day,3.5,11,Weekly,11-03-2025
104103,67,Female,Kochi,Sports,Football,7447.11,1,Credit Card,Spring,Yes,No,No,Same Day,3.6,16,Weekly,25-03-2025
104104,33,Male,Patna,Footwear,Boots,6624.99,4,Cash,Summer,No,No,Yes,Standard,4.2,11,Yearly,04-09-2025
104105,51,Female,Bengaluru,Sports,Dumbbells,1800.46,3,UPI,Spring,Yes,Yes,No,Same Day,3.8,7,Quarterly,12-08-2025
104106,49,Male,Mumbai,Clothing,Hoodie,1143.42,1,Net Banking,Autumn,Yes,Yes,Yes,Standard,4.7,32,Yearly,04-04-2024
104107,50,Male,Nagpur,Books,Novel,565.71,1,UPI,Winter,Yes,Yes,No,Express,3.2,15,Quarterly,18-04-2025
104108,55,Female,Visakhapatnam,Clothing,Jeans,1641.45,1,Credit Card,Spring,Yes,Yes,Yes,Standard,3.9,50,Quarterly,27-11-2025
104109,43,Male,Lucknow,Beauty,Moisturizer,888.1,5,Credit Card,Spring,No,No,No,Express,3.0,11,Yearly,10-12-2025
104110,23,Male,Chennai,Sports,Cricket Bat,1191.16,1,Net Banking,Autumn,Yes,Yes,No,Same Day,3.8,0,Weekly,19-01-2025
104111,52,Female,Lucknow,Clothing,Dress,1368.4,4,Cash,Spring,No,No,No,Express,3.7,4,Weekly,28-07-2025
104112,70,Female,Jaipur,Books,Comics,1942.63,2,Cash,Spring,No,No,No,Standard,4.8,1,Quarterly,08-03-2024
104113,51,Male,Delhi,Home Decor,Curtains,2075.8,3,Credit Card,Spring,No,No,No,Standard,4.8,12,Monthly,05-08-2024
104114,28,Female,Mysuru,Books,Biography,2010.4,3,Cash,Summer,Yes,Yes,Yes,Express,4.6,32,Yearly,11-01-2025
104115,37,Female,Delhi,Sports,Yoga Mat,1152.52,2,Debit Card,Autumn,No,No,No,Same Day,4.8,0,Quarterly,21-08-2025
104116,55,Female,Lucknow,Home Decor,Lamp,2357.81,2,Debit Card,Autumn,No,No,Yes,Express,4.2,23,Quarterly,08-05-2024
104117,66,Female,Visakhapatnam,Footwear,Flip Flops,1631.79,3,Net Banking,Winter,Yes,No,Yes,Standard,4.3,12,Monthly,12-01-2024
104118,24,Male,Mumbai,Grocery,Tea,1743.53,2,Cash,Summer,No,No,Yes,Standard,5,48,Yearly,25-04-2025
104119,65,Female,Pune,Electronics,Headphones,19800.84,2,UPI,Spring,No,No,Yes,Standard,4.7,15,Monthly,09-11-2025
104120,20,Male,Visakhapatnam,Electronics,Headphones,15325.45,5,UPI,Winter,Yes,Yes,No,Standard,4.6,18,Monthly,19-01-2024
104121,52,Male,Ahmedabad,Footwear,Flip Flops,2188.19,3,Net Banking,Winter,No,No,No,Standard,4.6,16,Quarterly,01-06-2025
104122,46,Female,Vijayawada,Electronics,Tablet,13712.74,1,Cash,Winter,No,No,No,Same Day,4.2,16,Yearly,05-08-2025
104123,30,Female,Vijayawada,Electronics,Smartphone,15592.89,4,Debit Card,Autumn,Yes,Yes,Yes,Standard,3.8,34,Monthly,03-12-2025
104124,41,Female,Delhi,Books,Novel,2041.15,2,Debit Card,Spring,Yes,Yes,No,Standard,3.1,18,Quarterly,19-04-2025
104125,30,Male,Lucknow,Sports,Tennis Racket,10830.26,4,Debit Card,Winter,No,No,No,Express,3.8,6,Weekly,06-10-2024
104126,39,Female,Lucknow,Electronics,Smartphone,9833.44,4,Net Banking,Summer,No,No,No,Same Day,3.5,17,Monthly,02-03-2025
104127,22,Female,Indore,Beauty,Face Wash,2945.28,5,Cash,Winter,Yes,Yes,Yes,Standard,4.6,36,Yearly,02-02-2025
104128,69,Female,Nagpur,Grocery,Snacks,482.65,4,UPI,Winter,Yes,Yes,No,Standard,4.1,18,Weekly,19-09-2024
104129,39,Female,Hyderabad,Electronics,Smartphone,12540.27,3,Net Banking,Autumn,No,No,Yes,Express,4.7,21,Quarterly,24-01-2024
104130,35,Female,Patna,Home Decor,Wall Art,4049.23,4,UPI,Spring,No,No,Yes,Express,5,9,Quarterly,26-11-2024
104131,45,Male,Kochi,Books,Science Book,1596.42,1,UPI,Winter,No,No,No,Standard,4.1,16,Yearly,29-12-2024
104132,31,Male,Jaipur,Electronics,Smart Watch,23661.65,5,Cash,Spring,Yes,No,No,Express,4.1,13,Quarterly,11-12-2024
104133,67,Female,Kolkata,Electronics,Laptop,19926.75,4,Credit Card,Winter,Yes,No,No,Same Day,3.9,6,Monthly,08-04-2024
104134,43,Male,Bengaluru,Grocery,Oil,481.4,5,Debit Card,Summer,No,No,No,Express,5,0,Monthly,22-06-2024
104135,58,Female,Nagpur,Beauty,Lipstick,1526.49,5,Debit Card,Winter,No,No,Yes,Standard,4.7,41,Quarterly,17-05-2024
104136,43,Male,Nagpur,Electronics,Camera,8294.15,2,Debit Card,Spring,No,No,No,Standard,4.1,2,Weekly,16-10-2024
104137,22,Male,Coimbatore,Books,Programming Book,429.04,3,UPI,Summer,No,No,No,Standard,3.7,3,Monthly,23-04-2025
104138,46,Male,Patna,Sports,Cricket Bat,9735.99,5,Cash,Summer,Yes,Yes,Yes,Express,3.9,46,Quarterly,28-04-2025
104139,68,Female,Pune,Beauty,Moisturizer,1455.24,4,Net Banking,Summer,Yes,No,Yes,Standard,4.7,37,Weekly,28-03-2025
104140,27,Male,Lucknow,Clothing,Jeans,2095.66,2,Credit Card,Winter,Yes,Yes,Yes,Standard,3.7,35,Yearly,07-04-2025
104141,39,Female,Chennai,Electronics,Tablet,9331.49,3,Credit Card,Summer,No,No,No,Standard,3.6,8,Weekly,12-02-2025
104142,66,Female,Ahmedabad,Beauty,Face Wash,2215.1,5,Debit Card,Spring,No,No,No,Standard,4.8,14,Quarterly,02-06-2024
104143,55,Female,Coimbatore,Clothing,T-Shirt,2333.32,1,UPI,Winter,No,No,No,Same Day,3.6,19,Yearly,04-12-2025
104144,29,Female,Patna,Books,Comics,1764.61,2,Cash,Spring,No,No,Yes,Same Day,4.6,45,Yearly,18-08-2025
104145,52,Male,Hyderabad,Electronics,Camera,14997.47,5,Net Banking,Summer,No,No,No,Same Day,4.2,15,Weekly,20-04-2024
104146,23,Female,Delhi,Beauty,Moisturizer,2203.29,4,Debit Card,Winter,Yes,No,No,Express,4.4,8,Quarterly,15-09-2024
104147,29,Male,Lucknow,Grocery,Tea,251.67,3,Cash,Winter,No,No,No,Same Day,3.6,6,Quarterly,27-05-2025
104148,29,Male,Hyderabad,Electronics,Tablet,7552.16,5,Credit Card,Summer,No,No,No,Express,4.1,8,Monthly,08-11-2025
104149,36,Male,Surat,Books,Novel,1733.72,1,UPI,Summer,No,No,No,Same Day,3.1,5,Quarterly,14-09-2025
104150,68,Female,Mysuru,Footwear,Flip Flops,5550.79,3,Cash,Summer,No,No,No,Same Day,4.5,9,Quarterly,27-08-2024
104151,49,Male,Chennai,Books,Science Book,2104.89,3,Net Banking,Spring,Yes,Yes,No,Express,4.0,3,Monthly,02-06-2024
104152,62,Male,Kolkata,Home Decor,Carpet,4755.78,2,Cash,Spring,Yes,No,No,Standard,4.4,7,Yearly,04-07-2025
104153,54,Male,Patna,Home Decor,Lamp,5742.99,3,Debit Card,Autumn,Yes,No,No,Standard,3.6,13,Monthly,08-01-2024
104154,37,Female,Vijayawada,Electronics,Camera,7423.15,1,Cash,Spring,Yes,Yes,No,Standard,4.4,16,Quarterly,21-11-2024
104155,69,Female,Ahmedabad,Books,Novel,2448.2,3,UPI,Spring,Yes,Yes,Yes,Same Day,4.4,45,Weekly,17-08-2024
104156,30,Male,Mumbai,Footwear,Flip Flops,2068.9,5,Credit Card,Autumn,Yes,Yes,No,Same Day,4.4,2,Weekly,16-10-2024
104157,35,Male,Bhopal,Footwear,Running Shoes,6043.29,1,UPI,Autumn,Yes,Yes,Yes,Standard,3.7,10,Weekly,02-12-2024
104158,60,Male,Jaipur,Books,Comics,2347.5,2,Debit Card,Spring,No,No,No,Same Day,3.0,5,Quarterly,05-12-2025
104159,68,Male,Nagpur,Clothing,Dress,2329.55,1,UPI,Spring,No,No,No,Standard,3.7,14,Monthly,26-04-2024
104160,25,Male,Jaipur,Sports,Dumbbells,8351.77,5,Net Banking,Summer,No,No,No,Standard,4.9,2,Yearly,25-09-2024
104161,58,Male,Mysuru,Grocery,Tea,1458.28,2,Cash,Summer,No,No,No,Express,4.2,20,Monthly,16-09-2025
104162,26,Male,Lucknow,Books,Biography,1102.15,4,Cash,Spring,No,No,No,Express,3.9,20,Yearly,14-03-2024
104163,19,Male,Kolkata,Footwear,Running Shoes,836.94,5,Cash,Summer,Yes,Yes,No,Express,4.3,19,Monthly,12-11-2024
104164,53,Female,Patna,Books,Novel,2139.71,1,Net Banking,Summer,Yes,Yes,No,Standard,3.8,6,Monthly,12-12-2025
104165,43,Male,Kochi,Footwear,Flip Flops,6143.22,5,Debit Card,Autumn,Yes,Yes,No,Same Day,4.6,9,Yearly,30-10-2025
104166,66,Male,Kochi,Footwear,Sandals,782.82,3,Net Banking,Summer,Yes,Yes,Yes,Same Day,4.4,42,Yearly,16-07-2025
104167,37,Female,Mumbai,Clothing,Jacket,4295.39,2,Net Banking,Spring,Yes,No,No,Standard,3.7,1,Quarterly,06-09-2024
104168,70,Male,Hyderabad,Beauty,Perfume,1912.08,2,Cash,Winter,Yes,Yes,No,Same Day,4.6,11,Monthly,02-08-2024
104169,21,Female,Delhi,Clothing,T-Shirt,694.79,3,Cash,Autumn,No,No,No,Express,4.1,5,Monthly,21-09-2024
104170,70,Female,Chennai,Home Decor,Lamp,3628.4,4,Debit Card,Summer,Yes,No,Yes,Same Day,4.2,30,Quarterly,05-02-2024
104171,63,Male,Hyderabad,Home Decor,Wall Art,3679.85,3,Debit Card,Autumn,No,No,No,Express,4.4,20,Monthly,15-03-2024
104172,55,Female,Ahmedabad,Clothing,Kurta,4591.73,2,Net Banking,Summer,No,No,No,Standard,4.1,18,Quarterly,14-11-2025
104173,44,Male,Hyderabad,Books,Science Book,2167.35,5,Debit Card,Autumn,No,No,Yes,Standard,3.4,46,Quarterly,28-03-2025
104174,28,Male,Hyderabad,Sports,Yoga Mat,11972.19,3,Net Banking,Summer,Yes,Yes,Yes,Express,3.8,35,Weekly,17-06-2024
104175,36,Female,Pune,Clothing,T-Shirt,1600.84,1,UPI,Winter,No,No,No,Express,3.5,16,Quarterly,03-02-2025
104176,70,Male,Visakhapatnam,Beauty,Moisturizer,1095.29,1,UPI,Autumn,Yes,Yes,No,Express,5.0,0,Quarterly,14-01-2024
104177,54,Female,Chennai,Books,Science Book,845.43,4,Cash,Summer,No,No,No,Express,3.2,10,Monthly,26-11-2025
104178,34,Male,Bhopal,Sports,Cricket Bat,2172.57,4,Debit Card,Winter,No,No,No,Same Day,3.3,15,Yearly,19-11-2024
104179,39,Female,Mumbai,Books,Programming Book,1257.14,1,UPI,Winter,Yes,Yes,Yes,Same Day,4.4,33,Yearly,05-09-2025
104180,44,Male,Kolkata,Beauty,Shampoo,1071.35,2,Cash,Summer,Yes,Yes,No,Same Day,3.7,5,Quarterly,26-03-2024
104181,67,Female,Coimbatore,Grocery,Tea,1228.88,3,UPI,Winter,Yes,Yes,Yes,Same Day,4.4,41,Yearly,27-02-2024
104182,48,Female,Bengaluru,Clothing,T-Shirt,2154.62,3,Debit Card,Spring,No,No,No,Standard,5.0,17,Quarterly,14-07-2025
104183,57,Male,Bhopal,Clothing,Kurta,990.94,3,Cash,Autumn,No,No,No,Same Day,4.3,11,Weekly,19-06-2025
104184,31,Female,Visakhapatnam,Grocery,Tea,1720.83,3,Credit Card,Winter,Yes,No,No,Express,3.6,9,Monthly,27-05-2024
104185,44,Female,Lucknow,Books,Novel,2454.74,4,Cash,Summer,Yes,Yes,No,Same Day,5,20,Weekly,15-05-2025
104186,60,Male,Kochi,Footwear,Running Shoes,3052.81,4,Cash,Spring,No,No,No,Express,4.6,5,Yearly,16-12-2025
104187,44,Female,Hyderabad,Sports,Dumbbells,10856.6,2,Cash,Spring,No,No,No,Same Day,3.5,15,Monthly,18-09-2024
104188,23,Female,Kochi,Home Decor,Wall Art,1844.04,2,Cash,Spring,Yes,Yes,No,Express,3.1,5,Weekly,27-01-2024
104189,33,Male,Surat,Grocery,Milk,1666.95,1,Cash,Spring,No,No,No,Standard,3.6,2,Quarterly,07-02-2025
104190,59,Male,Patna,Sports,Dumbbells,9548.05,1,Net Banking,Summer,No,No,Yes,Same Day,3.6,20,Yearly,28-02-2024
104191,56,Female,Kochi,Sports,Tennis Racket,9101.8,1,UPI,Spring,Yes,Yes,No,Standard,4.8,5,Yearly,02-01-2025
104192,34,Male,Jaipur,Sports,Cricket Bat,9421.7,1,Cash,Spring,No,No,No,Express,4.3,20,Yearly,13-10-2025
104193,40,Male,Vijayawada,Clothing,Jeans,4710.27,1,UPI,Autumn,Yes,Yes,No,Same Day,4.3,12,Weekly,18-11-2024
104194,63,Female,Indore,Books,Science Book,1442.38,3,UPI,Summer,No,No,No,Express,3.6,18,Monthly,28-05-2025
104195,66,Male,Coimbatore,Books,Novel,1528.18,2,Debit Card,Autumn,No,No,No,Express,4.0,17,Weekly,16-12-2024
104196,56,Female,Delhi,Books,Biography,1140.58,3,Debit Card,Winter,No,No,No,Same Day,3.8,3,Monthly,29-10-2024
104197,40,Male,Delhi,Grocery,Milk,1388.8,1,Cash,Summer,Yes,Yes,No,Express,3.8,13,Weekly,16-04-2025
104198,53,Female,Bhopal,Beauty,Face Wash,1742.56,2,Cash,Autumn,No,No,No,Express,3.8,6,Weekly,09-10-2025
104199,33,Female,Visakhapatnam,Electronics,Laptop,7389.4,4,Credit Card,Summer,No,No,Yes,Standard,4.1,10,Weekly,01-09-2024
104200,19,Female,Nagpur,Home Decor,Curtains,2067.55,2,UPI,Summer,Yes,No,Yes,Same Day,3.7,36,Yearly,03-01-2024
104201,26,Female,Bengaluru,Sports,Tennis Racket,2390.64,3,Debit Card,Winter,No,No,Yes,Express,4.3,47,Monthly,02-05-2024
104202,48,Male,Hyderabad,Electronics,Smart Watch,20313.16,5,Cash,Spring,No,No,No,Same Day,3.8,18,Yearly,21-04-2025
104203,55,Male,Ahmedabad,Home Decor,Wall Art,2374.65,4,UPI,Winter,No,No,Yes,Same Day,3.6,28,Quarterly,27-10-2025
104204,19,Male,Kolkata,Sports,Cricket Bat,8474.09,2,UPI,Summer,Yes,No,Yes,Standard,3.1,9,Weekly,21-08-2024
104205,20,Male,Kochi,Sports,Dumbbells,7460.04,1,Credit Card,Autumn,Yes,Yes,Yes,Standard,4.4,40,Monthly,14-02-2024
104206,18,Female,Delhi,Sports,Cricket Bat,4068.76,5,Debit Card,Spring,Yes,Yes,No,Same Day,5.0,19,Weekly,06-11-2025
104207,22,Male,Jaipur,Sports,Tennis Racket,9644.29,4,Cash,Autumn,No,No,No,Same Day,3.9,7,Quarterly,30-01-2025
104208,57,Male,Bengaluru,Sports,Dumbbells,11917.62,4,Credit Card,Winter,No,No,No,Standard,4.3,12,Monthly,01-06-2025
104209,35,Male,Surat,Books,Programming Book,1743.27,1,Net Banking,Summer,No,No,Yes,Express,4.1,35,Quarterly,11-12-2024
104210,48,Female,Pune,Grocery,Coffee,424.2,5,Debit Card,Summer,Yes,Yes,Yes,Same Day,4.1,23,Weekly,22-12-2024
104211,34,Male,Hyderabad,Home Decor,Carpet,5299.87,5,Cash,Spring,No,No,No,Same Day,5.0,18,Quarterly,13-08-2024
104212,46,Female,Hyderabad,Beauty,Shampoo,2879.23,3,Credit Card,Winter,No,No,No,Standard,4.3,11,Monthly,08-09-2025
104213,55,Female,Visakhapatnam,Sports,Yoga Mat,8437.2,2,Net Banking,Spring,No,No,Yes,Same Day,3.4,41,Yearly,24-08-2024
104214,42,Female,Surat,Home Decor,Carpet,532.14,4,Net Banking,Spring,Yes,No,No,Express,5,20,Quarterly,13-09-2024
104215,34,Male,Jaipur,Grocery,Oil,1456.66,5,Cash,Autumn,No,No,No,Express,4.0,11,Monthly,10-04-2024
104216,69,Female,Bhopal,Electronics,Tablet,6310.37,3,UPI,Winter,Yes,Yes,No,Express,4.1,15,Yearly,05-03-2024
104217,66,Female,Mumbai,Home Decor,Lamp,470.48,4,Cash,Summer,No,No,No,Standard,3.9,17,Quarterly,09-03-2025
104218,65,Female,Patna,Beauty,Lipstick,2262.73,3,Credit Card,Autumn,No,No,Yes,Express,4.4,29,Yearly,05-03-2025
104219,19,Male,Delhi,Sports,Dumbbells,10492.51,1,Credit Card,Autumn,No,No,No,Express,4.0,13,Quarterly,09-05-2025
104220,40,Male,Mysuru,Home Decor,Wall Art,3687.72,5,Credit Card,Summer,No,No,No,Express,4.1,3,Yearly,24-05-2024
104221,19,Female,Vijayawada,Electronics,Headphones,13375.68,2,Credit Card,Summer,No,No,Yes,Same Day,4.1,22,Yearly,26-12-2025
104222,66,Female,Lucknow,Beauty,Face Wash,2888.17,1,UPI,Winter,Yes,Yes,No,Standard,4.1,5,Quarterly,10-08-2025
104223,50,Female,Chennai,Sports,Tennis Racket,2132.93,4,Cash,Winter,No,No,No,Standard,4.0,14,Quarterly,22-09-2025
104224,47,Female,Mumbai,Beauty,Shampoo,461.59,5,UPI,Summer,Yes,No,Yes,Same Day,4.4,33,Monthly,03-12-2025
104225,20,Male,Lucknow,Home Decor,Wall Art,4071.65,5,Net Banking,Winter,Yes,No,Yes,Express,4.0,16,Quarterly,03-03-2024
104226,58,Female,Mysuru,Grocery,Snacks,612.13,4,Cash,Winter,Yes,No,Yes,Same Day,3.9,8,Quarterly,19-03-2025
104227,22,Female,Lucknow,Books,Science Book,2498.2,2,Net Banking,Summer,Yes,Yes,Yes,Same Day,4.1,41,Monthly,26-07-2024
104228,60,Female,Bengaluru,Books,Biography,1421.01,5,Debit Card,Autumn,No,No,Yes,Express,4.4,19,Weekly,29-05-2024
104229,24,Male,Chennai,Electronics,Headphones,11313.36,5,Cash,Autumn,Yes,Yes,Yes,Same Day,4.1,37,Monthly,31-07-2025
104230,38,Male,Surat,Sports,Football,5810.39,1,UPI,Spring,No,No,No,Express,4.8,0,Monthly,19-10-2024
104231,68,Male,Delhi,Sports,Yoga Mat,4750.8,2,Debit Card,Autumn,No,No,Yes,Standard,3.3,12,Monthly,08-02-2024
104232,59,Female,Nagpur,Sports,Dumbbells,1403.4,2,Cash,Spring,Yes,Yes,No,Express,4.4,8,Weekly,09-03-2024
104233,41,Female,Indore,Electronics,Headphones,9672.83,5,Net Banking,Summer,No,No,No,Express,4.3,11,Quarterly,05-12-2025
104234,67,Male,Patna,Beauty,Moisturizer,1181.25,4,Net Banking,Spring,No,No,Yes,Same Day,3.7,14,Weekly,28-04-2025
104235,50,Male,Indore,Clothing,Dress,2974.35,1,Net Banking,Winter,No,No,No,Standard,4.2,10,Quarterly,28-02-2024
104236,29,Male,Hyderabad,Books,Novel,2393.98,1,Debit Card,Winter,Yes,No,No,Same Day,4.5,15,Weekly,07-08-2025
104237,51,Female,Vijayawada,Home Decor,Lamp,519.17,1,Credit Card,Winter,No,No,No,Standard,5,10,Weekly,05-11-2024
104238,58,Female,Pune,Sports,Cricket Bat,3233.03,5,Credit Card,Winter,Yes,No,No,Same Day,3.5,1,Yearly,21-05-2024
104239,23,Male,Bhopal,Beauty,Lipstick,2119.15,3,Cash,Summer,No,No,No,Same Day,4.5,8,Monthly,27-08-2024
104240,32,Female,Delhi,Sports,Cricket Bat,10528.5,3,Net Banking,Winter,No,No,Yes,Express,4.6,14,Monthly,01-02-2024
104241,25,Male,Patna,Footwear,Flip Flops,812.36,1,Net Banking,Winter,No,No,No,Same Day,3.8,4,Quarterly,27-08-2025
104242,49,Female,Coimbatore,Clothing,Jeans,2862.37,5,Net Banking,Summer,Yes,Yes,No,Express,4.1,16,Quarterly,02-12-2025
104243,54,Male,Nagpur,Clothing,Dress,1168.62,2,Net Banking,Summer,Yes,Yes,No,Same Day,4.3,17,Yearly,23-11-2024
104244,41,Female,Jaipur,Home Decor,Lamp,4893.01,1,Debit Card,Autumn,No,No,No,Express,3.5,16,Quarterly,26-12-2024
104245,44,Male,Nagpur,Beauty,Face Wash,295.79,2,Debit Card,Spring,No,No,Yes,Express,4.2,15,Yearly,10-04-2024
104246,65,Male,Bhopal,Books,Comics,2309.25,1,Debit Card,Autumn,Yes,No,No,Express,4.1,18,Quarterly,25-05-2025
104247,31,Male,Bhopal,Home Decor,Curtains,5139.16,5,Debit Card,Summer,Yes,Yes,No,Express,4.5,11,Yearly,03-05-2024
104248,59,Male,Kochi,Footwear,Sandals,4464.02,1,UPI,Spring,Yes,Yes,No,Standard,4.5,18,Quarterly,07-06-2025
104249,19,Female,Kolkata,Grocery,Oil,1367.45,5,Cash,Spring,Yes,Yes,No,Express,4.1,1,Monthly,20-05-2025
104250,26,Female,Kolkata,Home Decor,Vase,5459.28,4,Net Banking,Summer,No,No,No,Express,4.1,15,Yearly,11-03-2024
104251,59,Male,Mumbai,Electronics,Tablet,15915.38,1,Debit Card,Autumn,No,No,No,Express,3.1,18,Quarterly,08-02-2024
104252,44,Male,Kolkata,Grocery,Rice,2348.77,4,Credit Card,Winter,No,No,Yes,Standard,3.3,25,Yearly,18-03-2024
104253,56,Male,Nagpur,Electronics,Camera,21122.58,5,Debit Card,Summer,No,No,No,Express,4.8,1,Yearly,09-05-2025
104254,48,Female,Indore,Home Decor,Lamp,4043.69,1,UPI,Autumn,No,No,No,Same Day,5,17,Quarterly,26-11-2024
104255,55,Male,Surat,Clothing,Kurta,2905.49,4,Cash,Spring,No,No,Yes,Standard,3.9,23,Weekly,19-07-2025
104256,63,Female,Indore,Sports,Tennis Racket,6282.87,1,Net Banking,Winter,No,No,No,Standard,4.0,17,Monthly,23-02-2024
104257,53,Female,Mumbai,Books,Science Book,1103.98,5,Debit Card,Spring,No,No,No,Same Day,4.5,11,Weekly,26-09-2025
104258,44,Female,Nagpur,Beauty,Face Wash,681.56,5,Credit Card,Winter,Yes,Yes,Yes,Standard,3.3,34,Quarterly,31-12-2025
104259,62,Male,Mysuru,Clothing,Hoodie,2314.91,5,UPI,Summer,No,No,No,Express,3.9,5,Monthly,26-07-2025
104260,28,Male,Kochi,Electronics,Smartphone,11308.32,5,UPI,Winter,No,No,Yes,Express,4.8,14,Monthly,18-08-2025
104261,51,Male,Delhi,Footwear,Boots,2101.96,3,Credit Card,Summer,Yes,No,No,Express,4.3,6,Weekly,12-10-2025
104262,33,Male,Nagpur,Clothing,Dress,1456.04,5,Net Banking,Spring,No,No,No,Standard,4.3,5,Monthly,19-06-2024
104263,66,Female,Indore,Clothing,Jeans,4749.01,1,UPI,Spring,No,No,Yes,Standard,3.5,20,Quarterly,01-07-2024
104264,23,Male,Mysuru,Electronics,Camera,17572.72,4,UPI,Autumn,Yes,No,Yes,Same Day,4.5,11,Weekly,06-06-2025
104265,38,Male,Jaipur,Grocery,Milk,446.74,2,Debit Card,Spring,No,No,Yes,Standard,4.4,12,Yearly,05-12-2024
104266,30,Male,Vijayawada,Electronics,Headphones,14700.37,5,UPI,Winter,No,No,Yes,Same Day,4.4,37,Weekly,18-10-2024
104267,20,Female,Indore,Beauty,Moisturizer,510.32,1,Debit Card,Winter,No,No,No,Same Day,3.3,3,Weekly,21-05-2025
104268,36,Male,Lucknow,Grocery,Tea,2340.8,1,Credit Card,Winter,Yes,Yes,Yes,Express,4.0,44,Monthly,03-03-2025
104269,57,Male,Indore,Footwear,Boots,1854.15,2,Credit Card,Autumn,No,No,No,Express,3.7,15,Weekly,10-05-2025
104270,42,Female,Bengaluru,Beauty,Perfume,2959.55,3,Net Banking,Autumn,No,No,No,Same Day,5.0,6,Weekly,12-04-2024
104271,19,Female,Coimbatore,Grocery,Coffee,1029.94,4,Cash,Summer,No,No,No,Express,5,2,Yearly,15-04-2024
104272,63,Female,Kolkata,Electronics,Tablet,16236.81,5,Credit Card,Spring,Yes,Yes,Yes,Express,4.6,10,Yearly,03-07-2025
104273,42,Male,Kochi,Electronics,Laptop,17098.75,1,Net Banking,Autumn,No,No,No,Standard,4.2,20,Quarterly,03-03-2024
104274,33,Female,Ahmedabad,Books,Science Book,1174.11,5,Credit Card,Winter,Yes,No,No,Express,4.8,3,Monthly,28-02-2025
104275,62,Male,Kolkata,Beauty,Shampoo,1695.93,2,Credit Card,Autumn,No,No,No,Same Day,4.7,3,Weekly,22-11-2024
104276,61,Female,Chennai,Grocery,Oil,637.49,5,Net Banking,Winter,Yes,Yes,No,Standard,3.7,19,Yearly,24-01-2024
104277,68,Female,Surat,Electronics,Laptop,13897.62,5,Cash,Winter,Yes,No,Yes,Same Day,4.0,15,Monthly,08-08-2025
104278,27,Female,Patna,Beauty,Lipstick,1036.64,1,Net Banking,Spring,No,No,No,Express,3.5,14,Monthly,10-10-2025
104279,43,Male,Lucknow,Grocery,Rice,2232.51,1,Cash,Spring,Yes,Yes,No,Standard,4.5,8,Monthly,01-06-2025
104280,18,Female,Mumbai,Books,Biography,1558.38,2,Debit Card,Spring,Yes,Yes,No,Express,3.4,17,Weekly,22-05-2025
104281,46,Male,Bengaluru,Books,Biography,1528.49,1,Debit Card,Summer,No,No,Yes,Standard,4.2,39,Monthly,03-12-2024
104282,41,Female,Bengaluru,Clothing,Dress,1267.58,1,Credit Card,Winter,Yes,Yes,No,Same Day,4.0,9,Quarterly,27-12-2025
104283,40,Male,Visakhapatnam,Home Decor,Carpet,4979.21,1,Debit Card,Spring,No,No,Yes,Standard,3.6,30,Monthly,06-06-2025
104284,63,Male,Lucknow,Footwear,Running Shoes,5784.8,4,Credit Card,Spring,Yes,Yes,No,Express,4.3,1,Yearly,02-12-2025
104285,64,Female,Mysuru,Books,Comics,2016.81,4,Credit Card,Autumn,Yes,Yes,No,Standard,4.4,15,Yearly,07-09-2024
104286,63,Female,Vijayawada,Sports,Yoga Mat,8598.59,2,UPI,Autumn,Yes,No,No,Standard,3.7,16,Weekly,09-01-2024
104287,39,Female,Chennai,Clothing,Kurta,4578.85,1,Net Banking,Summer,No,No,No,Same Day,4.3,2,Weekly,10-05-2025
104288,69,Male,Coimbatore,Sports,Yoga Mat,10141.39,1,Cash,Spring,Yes,No,No,Same Day,3.7,16,Yearly,20-03-2024
104289,40,Female,Vijayawada,Footwear,Boots,1933.05,1,Cash,Summer,No,No,Yes,Express,4.2,11,Monthly,03-10-2024
104290,39,Female,Vijayawada,Home Decor,Wall Art,3687.86,1,UPI,Winter,Yes,Yes,Yes,Express,4.4,11,Weekly,15-05-2025
104291,30,Male,Patna,Grocery,Tea,1175.44,5,Credit Card,Summer,Yes,Yes,No,Standard,5,7,Monthly,20-07-2025
104292,26,Female,Mysuru,Sports,Yoga Mat,7353.26,5,Net Banking,Winter,Yes,Yes,No,Same Day,4.3,7,Monthly,16-05-2024
104293,61,Male,Jaipur,Home Decor,Vase,4950.4,4,Cash,Winter,Yes,Yes,No,Standard,4.4,13,Yearly,14-05-2024
104294,66,Female,Mumbai,Home Decor,Wall Art,3406.43,2,Cash,Autumn,No,No,Yes,Standard,4.3,15,Monthly,11-04-2025
104295,45,Female,Kochi,Clothing,Hoodie,2147.79,3,UPI,Autumn,Yes,Yes,Yes,Standard,3.6,41,Weekly,22-10-2025
104296,46,Male,Kochi,Electronics,Smartphone,10987.99,4,Cash,Spring,No,No,No,Standard,3.5,8,Weekly,20-12-2025
104297,22,Female,Indore,Footwear,Boots,3687.44,2,UPI,Summer,Yes,No,No,Standard,4.0,14,Monthly,19-08-2025
104298,21,Male,Surat,Sports,Tennis Racket,2590.08,4,Cash,Winter,No,No,No,Same Day,3.5,18,Monthly,01-07-2024
104299,59,Male,Visakhapatnam,Electronics,Smart Watch,23934.27,1,Credit Card,Summer,No,No,No,Express,3.5,2,Quarterly,14-09-2025
104300,35,Female,Nagpur,Home Decor,Vase,1368.92,3,Debit Card,Winter,Yes,Yes,Yes,Standard,4.6,43,Quarterly,09-01-2025
104301,48,Male,Coimbatore,Home Decor,Vase,4215.48,1,Debit Card,Spring,No,No,No,Same Day,4.5,13,Yearly,26-05-2025
104302,36,Female,Jaipur,Clothing,Kurta,1333.76,5,Credit Card,Winter,No,No,Yes,Standard,4.8,45,Monthly,05-10-2024
104303,41,Female,Ahmedabad,Books,Novel,2480.28,4,UPI,Summer,Yes,Yes,No,Standard,4.6,9,Weekly,27-01-2025
104304,57,Female,Coimbatore,Electronics,Headphones,12835.04,4,Debit Card,Summer,Yes,Yes,Yes,Standard,4.3,43,Monthly,14-08-2025
104305,21,Female,Surat,Clothing,Dress,2882.44,1,Net Banking,Autumn,No,No,No,Same Day,4.4,10,Quarterly,30-11-2025
104306,35,Female,Coimbatore,Clothing,T-Shirt,705.47,1,Cash,Spring,Yes,Yes,No,Express,4.7,16,Monthly,06-07-2025
104307,33,Female,Hyderabad,Home Decor,Carpet,5602.65,4,Credit Card,Spring,Yes,Yes,Yes,Same Day,3.8,12,Monthly,06-02-2025
104308,57,Female,Mysuru,Clothing,Kurta,591.27,1,Cash,Autumn,Yes,Yes,Yes,Standard,4.7,10,Quarterly,03-03-2024
104309,33,Female,Coimbatore,Electronics,Laptop,15963.94,3,UPI,Summer,Yes,Yes,No,Express,4.3,11,Quarterly,02-09-2024
104310,33,Male,Mysuru,Beauty,Shampoo,548.13,2,Credit Card,Spring,No,No,No,Same Day,4.2,4,Weekly,02-11-2025
104311,32,Male,Bhopal,Books,Science Book,620.2,3,Credit Card,Summer,Yes,Yes,No,Standard,3.9,1,Monthly,23-11-2024
104312,36,Female,Pune,Sports,Dumbbells,10407.42,2,Cash,Autumn,Yes,No,No,Express,3.8,18,Monthly,28-05-2025
104313,67,Male,Pune,Beauty,Face Wash,581.19,4,Debit Card,Winter,Yes,Yes,Yes,Standard,3.2,23,Quarterly,24-06-2025
104314,32,Male,Mysuru,Beauty,Perfume,2475.68,5,UPI,Spring,No,No,No,Same Day,4.2,2,Monthly,22-10-2024
104315,32,Female,Mysuru,Footwear,Boots,3801.35,2,Credit Card,Summer,No,No,Yes,Standard,4.9,18,Yearly,25-09-2024
104316,46,Female,Patna,Electronics,Laptop,12354.94,1,Debit Card,Autumn,Yes,Yes,No,Express,4.3,19,Quarterly,31-08-2025
104317,59,Female,Kolkata,Home Decor,Wall Art,3088.76,4,Net Banking,Summer,Yes,No,Yes,Standard,4.3,27,Quarterly,29-06-2025
104318,58,Male,Nagpur,Beauty,Face Wash,1715.85,1,Credit Card,Summer,Yes,Yes,No,Standard,3.9,11,Weekly,02-02-2025
104319,62,Female,Coimbatore,Grocery,Oil,2293.91,4,UPI,Autumn,Yes,No,Yes,Express,5.0,34,Weekly,05-01-2025
104320,32,Male,Indore,Clothing,Hoodie,2279.6,3,Debit Card,Spring,No,No,No,Standard,4.8,7,Monthly,09-12-2024
104321,33,Female,Chennai,Home Decor,Lamp,744.83,2,Cash,Summer,No,No,No,Same Day,5.0,1,Monthly,15-05-2024
104322,29,Male,Kochi,Electronics,Laptop,20493.19,1,Cash,Winter,Yes,No,No,Same Day,5,14,Yearly,07-03-2025
104323,44,Female,Patna,Beauty,Lipstick,2892.72,4,Credit Card,Winter,No,No,No,Express,4.8,0,Weekly,12-08-2025
104324,23,Male,Hyderabad,Footwear,Flip Flops,1510.86,5,Debit Card,Summer,No,No,No,Same Day,4.0,10,Monthly,23-11-2024
104325,64,Female,Mysuru,Electronics,Headphones,10797.62,5,Cash,Summer,Yes,Yes,Yes,Same Day,4.1,36,Weekly,05-09-2024
104326,62,Female,Mysuru,Electronics,Smart Watch,6415.61,1,Net Banking,Winter,Yes,Yes,No,Express,4.1,6,Quarterly,29-11-2025
104327,60,Female,Kochi,Clothing,T-Shirt,4086.44,5,Credit Card,Summer,Yes,No,Yes,Same Day,3.8,32,Yearly,28-07-2025
104328,18,Female,Coimbatore,Footwear,Running Shoes,719.57,2,Credit Card,Winter,No,No,No,Standard,4.4,1,Weekly,24-06-2025
104329,57,Female,Kolkata,Home Decor,Curtains,970.87,1,Debit Card,Summer,Yes,No,No,Same Day,3.5,2,Monthly,13-04-2024
104330,65,Female,Pune,Footwear,Flip Flops,3868.14,2,Credit Card,Winter,No,No,No,Standard,4.1,9,Yearly,04-02-2024
104331,27,Male,Patna,Clothing,T-Shirt,1271.38,2,UPI,Spring,No,No,No,Standard,5,19,Weekly,28-02-2025
104332,19,Female,Delhi,Electronics,Camera,18992.78,5,Cash,Winter,Yes,Yes,No,Same Day,4.0,16,Yearly,12-03-2025
104333,37,Female,Visakhapatnam,Beauty,Lipstick,414.82,3,Credit Card,Summer,No,No,No,Standard,3.6,1,Monthly,17-06-2024
104334,29,Female,Hyderabad,Books,Novel,1334.16,4,Credit Card,Summer,No,No,Yes,Standard,4.8,38,Monthly,14-04-2025
104335,70,Female,Surat,Grocery,Rice,710.92,4,Debit Card,Summer,No,No,No,Express,5,8,Yearly,24-03-2024
104336,49,Male,Coimbatore,Sports,Tennis Racket,2621.5,3,Cash,Autumn,Yes,Yes,No,Same Day,4.3,12,Quarterly,27-06-2025
104337,70,Male,Surat,Beauty,Moisturizer,1920.92,5,UPI,Spring,Yes,Yes,Yes,Standard,3.4,15,Monthly,26-06-2024
104338,26,Male,Ahmedabad,Beauty,Face Wash,2948.57,2,Credit Card,Summer,No,No,No,Express,3.8,10,Monthly,27-05-2024
104339,69,Male,Visakhapatnam,Sports,Yoga Mat,10813.51,3,Cash,Winter,Yes,Yes,Yes,Express,4.2,15,Weekly,17-02-2025
104340,49,Female,Kolkata,Clothing,Hoodie,1858.07,1,UPI,Autumn,No,No,No,Standard,3.7,11,Monthly,15-12-2025
104341,34,Female,Kochi,Electronics,Smartphone,23937.02,1,Credit Card,Winter,No,No,No,Same Day,4.6,13,Quarterly,26-07-2025
104342,60,Female,Mumbai,Grocery,Rice,538.95,4,Cash,Autumn,Yes,No,No,Same Day,3.7,3,Yearly,22-01-2025
104343,56,Male,Pune,Sports,Yoga Mat,6961.54,2,Cash,Winter,Yes,Yes,No,Same Day,4.0,18,Quarterly,11-07-2025
104344,33,Female,Jaipur,Footwear,Boots,5811.82,5,Credit Card,Spring,No,No,No,Standard,4.9,10,Weekly,15-07-2024
104345,28,Male,Kolkata,Books,Programming Book,1341.39,3,Credit Card,Spring,No,No,No,Express,3.8,11,Quarterly,11-06-2024
104346,69,Female,Delhi,Clothing,Hoodie,2200.9,4,Cash,Summer,No,No,No,Standard,4.4,1,Weekly,28-05-2024
104347,49,Female,Vijayawada,Electronics,Smartphone,21799.21,1,UPI,Summer,Yes,No,Yes,Standard,4.8,20,Monthly,09-09-2024
104348,69,Female,Pune,Home Decor,Lamp,3067.53,5,UPI,Spring,Yes,Yes,No,Express,3.3,19,Monthly,13-03-2024
104349,64,Female,Ahmedabad,Grocery,Coffee,1823.89,4,Credit Card,Spring,Yes,Yes,Yes,Same Day,4.8,42,Yearly,26-11-2024
104350,38,Female,Nagpur,Clothing,Kurta,4285.61,4,UPI,Autumn,No,No,Yes,Standard,3.6,16,Weekly,06-11-2024
104351,66,Female,Bengaluru,Clothing,Jacket,3952.37,1,Net Banking,Autumn,Yes,No,Yes,Express,4.3,43,Monthly,14-12-2024
104352,59,Male,Pune,Books,Programming Book,686.85,3,Debit Card,Summer,No,No,Yes,Same Day,4.1,21,Monthly,16-03-2025
104353,44,Male,Delhi,Electronics,Smart Watch,17759.11,1,Cash,Spring,No,No,Yes,Express,4.2,21,Yearly,05-03-2025
104354,45,Male,Coimbatore,Electronics,Smartphone,19292.84,1,Debit Card,Winter,No,No,Yes,Same Day,4.6,46,Yearly,23-01-2024
104355,55,Female,Vijayawada,Electronics,Tablet,24608.39,3,Debit Card,Spring,No,No,Yes,Same Day,4.1,23,Weekly,10-07-2024
104356,38,Female,Lucknow,Books,Comics,1252.29,3,UPI,Autumn,Yes,Yes,No,Same Day,4.0,4,Quarterly,10-10-2025
104357,32,Female,Kolkata,Electronics,Headphones,10312.89,5,UPI,Winter,Yes,Yes,No,Standard,4.7,19,Weekly,08-09-2024
104358,52,Male,Ahmedabad,Beauty,Face Wash,2064.63,2,Credit Card,Winter,Yes,No,No,Express,3.9,9,Quarterly,30-09-2024
104359,35,Female,Mumbai,Grocery,Snacks,2018.53,2,Net Banking,Winter,No,No,Yes,Same Day,5,27,Weekly,05-01-2025
104360,62,Female,Vijayawada,Sports,Dumbbells,1869.55,5,UPI,Winter,No,No,Yes,Standard,5,9,Weekly,22-05-2024
104361,51,Male,Delhi,Grocery,Tea,810.75,5,Net Banking,Winter,Yes,Yes,No,Standard,4.1,12,Yearly,14-05-2025
104362,19,Male,Pune,Grocery,Snacks,2136.5,5,Cash,Winter,Yes,No,No,Same Day,4.4,10,Yearly,06-11-2024
104363,43,Female,Bhopal,Books,Novel,406.02,3,Cash,Winter,Yes,Yes,No,Standard,3.3,17,Quarterly,06-03-2024
104364,58,Male,Pune,Footwear,Boots,3106.57,1,Debit Card,Summer,No,No,Yes,Standard,5,16,Quarterly,26-05-2025
104365,45,Male,Mysuru,Home Decor,Carpet,1862.4,5,UPI,Autumn,Yes,Yes,No,Express,4.2,16,Quarterly,03-12-2025
104366,70,Male,Mysuru,Electronics,Laptop,6871.34,1,Debit Card,Spring,Yes,No,No,Standard,3.8,20,Monthly,21-04-2024
104367,64,Female,Chennai,Footwear,Flip Flops,4375.97,2,Cash,Summer,No,No,Yes,Express,3.6,30,Monthly,02-04-2024
104368,64,Male,Mysuru,Beauty,Perfume,1145.29,2,UPI,Summer,Yes,Yes,No,Same Day,3.6,13,Quarterly,16-06-2024
104369,29,Male,Chennai,Footwear,Sandals,1199.68,3,Cash,Winter,Yes,Yes,No,Same Day,4.1,6,Quarterly,30-09-2025
104370,38,Male,Vijayawada,Beauty,Lipstick,1157.78,3,Credit Card,Summer,Yes,Yes,No,Same Day,3.3,5,Quarterly,21-12-2024
104371,51,Female,Visakhapatnam,Clothing,Jeans,845.13,4,Debit Card,Spring,Yes,Yes,No,Express,4.8,18,Yearly,14-10-2024
104372,21,Male,Patna,Footwear,Running Shoes,4237.3,4,UPI,Winter,No,No,Yes,Same Day,4.1,8,Monthly,31-05-2024
104373,19,Male,Kochi,Footwear,Boots,4106.29,1,Cash,Summer,Yes,No,Yes,Standard,4.4,15,Yearly,10-01-2025
104374,53,Male,Kochi,Electronics,Smart Watch,13384.07,3,UPI,Autumn,No,No,No,Express,4.1,2,Quarterly,14-01-2025
104375,61,Female,Chennai,Beauty,Perfume,1353.72,4,Credit Card,Winter,Yes,Yes,No,Express,3.9,0,Quarterly,22-09-2024
104376,24,Male,Patna,Beauty,Lipstick,1340.05,5,UPI,Autumn,No,No,No,Same Day,4.9,20,Monthly,29-10-2025
104377,33,Male,Hyderabad,Clothing,Dress,4455.1,3,Net Banking,Summer,No,No,No,Standard,4.5,5,Yearly,14-02-2025
104378,20,Male,Chennai,Clothing,Kurta,4239.34,5,Credit Card,Spring,Yes,Yes,No,Express,4.0,3,Monthly,29-03-2025
104379,48,Male,Mysuru,Sports,Dumbbells,4562.82,3,Cash,Summer,No,No,Yes,Same Day,4.6,50,Monthly,13-07-2025
104380,61,Male,Nagpur,Sports,Yoga Mat,2464.71,4,Credit Card,Autumn,No,No,Yes,Same Day,4.3,32,Weekly,11-02-2025
104381,62,Female,Chennai,Beauty,Perfume,2055.45,1,UPI,Spring,Yes,No,No,Standard,3.7,7,Monthly,06-10-2024
104382,38,Male,Coimbatore,Sports,Football,6010.26,1,UPI,Spring,Yes,Yes,Yes,Standard,3.7,13,Weekly,03-12-2025
104383,41,Female,Kolkata,Home Decor,Wall Art,3273.71,3,Debit Card,Summer,Yes,Yes,No,Express,4.0,18,Weekly,26-09-2025
104384,64,Male,Hyderabad,Sports,Dumbbells,2933.36,4,Credit Card,Winter,No,No,Yes,Standard,3.2,20,Yearly,29-11-2025
104385,39,Male,Patna,Grocery,Tea,2106.33,1,Cash,Winter,No,No,No,Same Day,4.3,1,Monthly,24-02-2025
104386,40,Female,Coimbatore,Clothing,Jacket,2077.42,2,UPI,Spring,Yes,No,No,Standard,5,9,Monthly,24-02-2025
104387,48,Female,Coimbatore,Sports,Tennis Racket,11270.52,3,Net Banking,Spring,Yes,No,No,Standard,4.7,14,Weekly,26-11-2025
104388,54,Female,Ahmedabad,Sports,Yoga Mat,5856.44,1,UPI,Autumn,No,No,Yes,Same Day,4.2,46,Yearly,03-03-2025
104389,41,Female,Lucknow,Home Decor,Vase,5132.24,2,Net Banking,Summer,No,No,No,Same Day,4.4,14,Weekly,21-05-2024
104390,64,Male,Delhi,Beauty,Lipstick,653.87,5,Debit Card,Summer,No,No,No,Same Day,4.0,18,Yearly,17-04-2024
104391,60,Male,Vijayawada,Grocery,Rice,886.51,3,Credit Card,Spring,No,No,Yes,Standard,4.5,17,Weekly,28-03-2025
104392,50,Male,Delhi,Books,Science Book,915.42,3,UPI,Spring,No,No,No,Standard,3.9,3,Yearly,17-12-2025
104393,57,Male,Chennai,Books,Novel,1943.7,5,Net Banking,Summer,No,No,No,Express,4.1,5,Yearly,19-04-2025
104394,46,Male,Hyderabad,Sports,Cricket Bat,8582.89,4,Credit Card,Spring,Yes,No,No,Same Day,3.5,15,Yearly,21-07-2025
104395,68,Male,Bengaluru,Footwear,Sneakers,3247.57,5,Debit Card,Winter,No,No,No,Express,4.5,4,Monthly,04-11-2024
104396,50,Female,Visakhapatnam,Grocery,Milk,423.41,1,Credit Card,Autumn,Yes,No,No,Express,4.7,12,Monthly,17-11-2024
104397,36,Female,Kolkata,Sports,Dumbbells,2142.59,2,Net Banking,Spring,No,No,Yes,Same Day,3.9,34,Monthly,06-03-2025
104398,20,Female,Kochi,Footwear,Sandals,724.1,5,Debit Card,Winter,No,No,No,Same Day,4.6,4,Yearly,31-10-2024
104399,70,Male,Mumbai,Electronics,Smart Watch,15275.12,5,Net Banking,Winter,No,No,Yes,Standard,4.3,41,Weekly,07-07-2025
104400,62,Male,Chennai,Home Decor,Vase,2345.99,2,Cash,Autumn,No,No,Yes,Same Day,3.6,18,Weekly,21-04-2025
104401,69,Female,Kolkata,Beauty,Moisturizer,2369.25,2,Credit Card,Winter,Yes,Yes,Yes,Standard,3.3,23,Yearly,30-07-2025
104402,44,Female,Chennai,Clothing,T-Shirt,4091.32,5,Cash,Winter,Yes,Yes,No,Standard,3.1,6,Yearly,26-08-2025
104403,49,Male,Ahmedabad,Sports,Tennis Racket,1518.07,5,Credit Card,Winter,Yes,Yes,No,Same Day,4.0,2,Weekly,25-02-2024
104404,26,Female,Chennai,Books,Biography,1752.51,2,UPI,Autumn,No,No,No,Standard,3.6,3,Yearly,28-10-2025
104405,24,Female,Nagpur,Electronics,Headphones,9066.95,3,Net Banking,Summer,No,No,No,Same Day,4.3,4,Yearly,16-06-2025
104406,18,Female,Jaipur,Sports,Football,6869.15,1,Credit Card,Spring,No,No,No,Express,4.0,16,Weekly,09-05-2024
104407,24,Female,Ahmedabad,Sports,Tennis Racket,7728.42,5,Cash,Winter,No,No,No,Standard,4.8,7,Monthly,19-05-2025
104408,32,Male,Vijayawada,Clothing,Hoodie,3581.73,1,Net Banking,Winter,No,No,Yes,Same Day,3.8,30,Monthly,05-03-2025
104409,26,Female,Chennai,Sports,Yoga Mat,11939.06,5,UPI,Summer,Yes,No,Yes,Same Day,4.1,28,Quarterly,21-01-2025
104410,49,Female,Coimbatore,Grocery,Oil,725.07,2,Cash,Autumn,No,No,No,Standard,3.6,17,Yearly,07-11-2025
104411,70,Male,Lucknow,Sports,Dumbbells,8176.15,4,Net Banking,Autumn,Yes,No,No,Standard,3.8,0,Yearly,15-03-2024
104412,51,Female,Surat,Sports,Cricket Bat,5663.63,3,Cash,Autumn,Yes,Yes,No,Standard,5,15,Monthly,22-03-2024
104413,57,Female,Delhi,Electronics,Smart Watch,17306.71,3,UPI,Summer,No,No,No,Same Day,3.9,1,Weekly,18-03-2024
104414,58,Female,Vijayawada,Home Decor,Vase,5047.34,3,UPI,Summer,Yes,No,Yes,Same Day,4.6,43,Yearly,10-08-2024
104415,19,Female,Jaipur,Footwear,Running Shoes,2020.21,2,Cash,Spring,No,No,Yes,Standard,3.8,22,Yearly,19-12-2025
104416,51,Male,Coimbatore,Footwear,Boots,5828.18,5,Debit Card,Autumn,No,No,No,Same Day,4.2,12,Yearly,15-12-2025
104417,68,Male,Bengaluru,Electronics,Smartphone,19993.7,4,Debit Card,Spring,No,No,Yes,Same Day,4.7,9,Quarterly,18-04-2024
104418,64,Male,Patna,Grocery,Snacks,1339.49,3,UPI,Autumn,Yes,Yes,No,Same Day,4.3,19,Quarterly,18-01-2024
104419,58,Male,Vijayawada,Books,Science Book,661.01,3,Net Banking,Spring,Yes,Yes,No,Same Day,4.0,13,Quarterly,04-03-2024
104420,23,Male,Kochi,Home Decor,Curtains,586.75,2,Credit Card,Summer,No,No,No,Express,4.4,9,Quarterly,29-12-2025
104421,37,Male,Ahmedabad,Sports,Dumbbells,10884.87,1,Cash,Spring,Yes,Yes,No,Express,3.4,19,Yearly,04-01-2025
104422,70,Male,Chennai,Sports,Football,10294.3,2,Cash,Winter,Yes,No,Yes,Express,4.1,47,Yearly,08-10-2024
104423,49,Male,Ahmedabad,Clothing,Jeans,1701.61,4,UPI,Winter,No,No,No,Same Day,4.1,16,Weekly,17-09-2024
104424,66,Male,Lucknow,Electronics,Headphones,19559.44,3,Cash,Spring,Yes,No,Yes,Express,4.4,34,Monthly,23-04-2025
104425,64,Male,Chennai,Electronics,Headphones,8012.1,5,Debit Card,Summer,No,No,Yes,Express,4.3,13,Quarterly,02-05-2024
104426,20,Female,Patna,Footwear,Running Shoes,6326.57,4,Cash,Spring,No,No,No,Same Day,4.5,5,Weekly,26-12-2025
104427,63,Male,Delhi,Footwear,Flip Flops,881.52,3,UPI,Summer,Yes,No,No,Express,4.9,9,Quarterly,13-01-2025
104428,23,Female,Chennai,Home Decor,Curtains,5390.88,3,Debit Card,Summer,No,No,No,Same Day,3.5,14,Yearly,20-02-2025
104429,57,Male,Ahmedabad,Home Decor,Carpet,5591.08,3,Credit Card,Winter,Yes,No,No,Standard,3.7,16,Quarterly,27-10-2024
104430,70,Male,Mumbai,Sports,Yoga Mat,2229.36,2,UPI,Autumn,No,No,No,Express,5,6,Yearly,22-08-2024
104431,41,Female,Patna,Sports,Dumbbells,4646.43,5,Net Banking,Winter,No,No,No,Express,4.7,5,Yearly,20-12-2024
104432,36,Female,Visakhapatnam,Books,Novel,2228.59,2,Net Banking,Spring,Yes,Yes,No,Same Day,3.1,11,Weekly,24-12-2025
104433,29,Male,Vijayawada,Clothing,Kurta,3757.97,4,UPI,Summer,No,No,Yes,Express,4.9,46,Weekly,08-01-2024
104434,61,Male,Mumbai,Beauty,Moisturizer,2435.17,1,Net Banking,Winter,No,No,Yes,Same Day,4.7,48,Yearly,07-02-2024
104435,38,Female,Chennai,Electronics,Camera,12236.34,3,Cash,Summer,No,No,No,Same Day,4.5,14,Yearly,02-03-2025
104436,39,Female,Surat,Home Decor,Carpet,4833.17,5,UPI,Autumn,Yes,Yes,No,Standard,4.9,19,Weekly,23-08-2025
104437,31,Male,Bhopal,Grocery,Snacks,2131.56,4,Credit Card,Autumn,Yes,Yes,No,Same Day,4.5,1,Quarterly,11-09-2024
104438,28,Female,Kochi,Electronics,Headphones,14680.99,4,Cash,Winter,Yes,Yes,No,Same Day,4.4,1,Yearly,06-01-2024
104439,60,Male,Hyderabad,Sports,Yoga Mat,6062.29,2,Net Banking,Winter,Yes,No,Yes,Express,4.4,40,Quarterly,25-12-2024
104440,30,Female,Vijayawada,Clothing,Jacket,917.45,1,UPI,Spring,Yes,Yes,No,Standard,4.6,14,Quarterly,19-05-2025
104441,59,Female,Vijayawada,Electronics,Tablet,24537.35,2,Cash,Autumn,No,No,No,Express,3.8,7,Yearly,25-07-2025
104442,64,Male,Bhopal,Grocery,Oil,2350.26,2,Debit Card,Spring,No,No,No,Standard,4.6,5,Quarterly,20-05-2024
104443,40,Male,Kochi,Grocery,Tea,2383.53,3,Credit Card,Summer,No,No,Yes,Standard,4.1,14,Yearly,06-08-2025
104444,53,Male,Coimbatore,Sports,Yoga Mat,2381.98,4,Credit Card,Summer,Yes,No,Yes,Standard,4.3,40,Weekly,18-08-2025
104445,41,Female,Visakhapatnam,Footwear,Sandals,3402.91,4,Credit Card,Spring,Yes,Yes,Yes,Same Day,3.8,12,Monthly,08-03-2024
104446,28,Female,Mysuru,Clothing,Jacket,4484.22,4,UPI,Winter,No,No,Yes,Standard,4.2,45,Yearly,13-07-2024
104447,54,Female,Patna,Grocery,Coffee,1396.87,4,Credit Card,Autumn,Yes,Yes,Yes,Same Day,4.1,13,Weekly,18-11-2025
104448,64,Female,Bengaluru,Books,Science Book,1616.77,3,Credit Card,Summer,Yes,Yes,No,Express,4.5,14,Yearly,01-08-2024
104449,57,Male,Jaipur,Grocery,Rice,809.04,2,Net Banking,Spring,Yes,Yes,No,Express,4.0,6,Monthly,21-05-2024
104450,41,Female,Vijayawada,Books,Science Book,563.38,2,Cash,Spring,Yes,Yes,Yes,Same Day,4.6,24,Monthly,07-10-2025
104451,36,Female,Pune,Electronics,Smart Watch,17164.14,4,Net Banking,Summer,No,No,Yes,Standard,3.5,13,Quarterly,16-07-2024
104452,45,Female,Bengaluru,Clothing,Jeans,4361.31,1,UPI,Summer,No,No,No,Same Day,3.4,3,Yearly,09-07-2025
104453,23,Female,Coimbatore,Books,Novel,2416.34,3,Debit Card,Spring,Yes,Yes,Yes,Standard,4.6,17,Monthly,19-10-2025
104454,44,Female,Vijayawada,Clothing,Hoodie,4857.63,2,Credit Card,Winter,No,No,Yes,Standard,4.3,18,Quarterly,11-10-2025
104455,31,Female,Nagpur,Home Decor,Wall Art,2719.16,3,Net Banking,Autumn,No,No,No,Standard,4.1,7,Quarterly,23-07-2024
104456,46,Male,Bhopal,Books,Programming Book,897.73,3,Credit Card,Autumn,Yes,Yes,No,Standard,3.9,5,Quarterly,02-01-2025
104457,41,Female,Indore,Home Decor,Carpet,3386.31,3,Net Banking,Spring,Yes,Yes,Yes,Same Day,4.8,10,Weekly,13-08-2024
104458,40,Female,Visakhapatnam,Home Decor,Carpet,4314.16,1,UPI,Spring,Yes,Yes,No,Standard,3.8,8,Weekly,29-06-2025
104459,24,Female,Mumbai,Beauty,Face Wash,2699.77,4,Cash,Summer,No,No,No,Express,5.0,2,Yearly,30-07-2024
104460,51,Male,Visakhapatnam,Clothing,Hoodie,4926.35,2,Cash,Autumn,No,No,Yes,Standard,3.9,48,Weekly,02-01-2024
104461,60,Female,Chennai,Electronics,Smart Watch,22994.23,3,Debit Card,Autumn,No,No,Yes,Standard,4.1,47,Weekly,28-02-2024
104462,22,Female,Visakhapatnam,Sports,Dumbbells,7767.94,4,Credit Card,Summer,No,No,No,Standard,4.6,16,Monthly,21-09-2025
104463,35,Female,Kochi,Beauty,Moisturizer,2794.86,5,Credit Card,Spring,No,No,Yes,Express,4.0,35,Quarterly,22-02-2024
104464,44,Male,Mysuru,Books,Biography,1784.37,4,Cash,Summer,No,No,Yes,Express,4.8,37,Monthly,08-01-2025
104465,59,Female,Kochi,Footwear,Sandals,1622.06,2,Debit Card,Spring,No,No,No,Express,4.5,1,Weekly,13-01-2024
104466,26,Male,Nagpur,Home Decor,Lamp,1024.02,3,Net Banking,Autumn,No,No,No,Same Day,4.2,16,Monthly,05-03-2024
104467,70,Female,Visakhapatnam,Books,Comics,864.5,3,Credit Card,Winter,No,No,No,Express,4.7,16,Yearly,13-01-2024
104468,48,Male,Patna,Beauty,Moisturizer,2524.92,2,Cash,Winter,Yes,No,No,Standard,4.2,6,Quarterly,01-12-2025
104469,48,Male,Pune,Sports,Yoga Mat,3006.12,5,Debit Card,Winter,Yes,No,No,Standard,4.5,2,Weekly,21-03-2025
104470,43,Female,Jaipur,Footwear,Running Shoes,1161.42,5,Cash,Winter,No,No,Yes,Express,4.0,31,Quarterly,12-12-2024
104471,18,Male,Vijayawada,Home Decor,Lamp,4634.36,2,UPI,Winter,Yes,No,No,Same Day,3.9,7,Weekly,02-05-2025
104472,32,Male,Pune,Grocery,Coffee,1957.4,3,Debit Card,Summer,No,No,No,Express,4.5,10,Weekly,29-01-2024
104473,64,Female,Kochi,Beauty,Lipstick,341.98,2,Cash,Winter,No,No,No,Standard,5,14,Monthly,16-05-2024
104474,58,Female,Visakhapatnam,Clothing,Hoodie,678.73,5,Credit Card,Autumn,No,No,Yes,Same Day,3.8,40,Yearly,21-04-2025
104475,57,Male,Kolkata,Home Decor,Curtains,2535.39,5,UPI,Winter,Yes,Yes,No,Same Day,4.2,12,Weekly,05-12-2025
104476,50,Male,Bhopal,Home Decor,Carpet,4139.06,3,UPI,Summer,No,No,No,Standard,4.2,2,Weekly,09-10-2024
104477,46,Female,Bhopal,Footwear,Flip Flops,5741.65,5,Cash,Summer,No,No,No,Same Day,4.6,6,Weekly,03-03-2024
104478,56,Female,Mysuru,Books,Comics,525.42,4,Debit Card,Autumn,Yes,Yes,No,Same Day,4.1,3,Monthly,13-08-2024
104479,36,Male,Surat,Clothing,Kurta,4704.99,3,Cash,Summer,Yes,Yes,No,Standard,4.2,15,Monthly,22-04-2024
104480,70,Female,Nagpur,Sports,Dumbbells,10521.69,5,Debit Card,Spring,Yes,Yes,Yes,Same Day,4.5,11,Quarterly,29-03-2024
104481,20,Male,Visakhapatnam,Beauty,Lipstick,1181.98,2,UPI,Autumn,Yes,No,No,Express,3.6,10,Monthly,18-08-2025
104482,31,Male,Nagpur,Footwear,Sandals,3880.46,2,Cash,Spring,No,No,No,Same Day,3.4,0,Yearly,23-09-2024
104483,40,Female,Mysuru,Footwear,Flip Flops,6231.82,1,Credit Card,Summer,Yes,Yes,Yes,Standard,4.2,33,Yearly,30-01-2024
104484,61,Female,Bhopal,Beauty,Lipstick,873.55,1,UPI,Autumn,No,No,No,Standard,4.0,19,Monthly,06-04-2024
104485,69,Female,Bengaluru,Grocery,Oil,569.23,4,UPI,Winter,No,No,No,Express,4.0,16,Monthly,08-09-2024
104486,66,Male,Chennai,Footwear,Sandals,5411.02,4,Net Banking,Spring,Yes,Yes,Yes,Express,4.1,31,Monthly,24-04-2024
104487,39,Female,Hyderabad,Home Decor,Curtains,3023.19,2,UPI,Autumn,No,No,No,Standard,3.4,11,Weekly,25-11-2025
104488,42,Male,Mumbai,Footwear,Sneakers,6069.15,1,UPI,Winter,No,No,Yes,Express,4.7,13,Quarterly,11-12-2024
104489,26,Female,Ahmedabad,Footwear,Sneakers,2963.85,4,UPI,Autumn,Yes,Yes,Yes,Express,3.8,44,Weekly,01-10-2025
104490,51,Male,Pune,Footwear,Sandals,4638.85,2,Credit Card,Winter,No,No,No,Express,5.0,15,Yearly,26-01-2024
104491,49,Male,Mumbai,Grocery,Oil,641.95,3,Net Banking,Spring,Yes,No,No,Same Day,4.5,4,Quarterly,17-05-2024
104492,66,Female,Mumbai,Home Decor,Vase,1463.2,1,Cash,Spring,No,No,No,Same Day,4.6,7,Weekly,12-11-2024
104493,22,Male,Bhopal,Clothing,T-Shirt,1051.7,5,UPI,Winter,No,No,No,Same Day,4.8,5,Monthly,08-08-2025
104494,56,Female,Coimbatore,Sports,Dumbbells,6525.99,2,Debit Card,Summer,No,No,Yes,Standard,4.7,34,Yearly,26-08-2024
104495,19,Female,Coimbatore,Beauty,Perfume,1039.31,4,UPI,Winter,Yes,Yes,No,Express,4.6,11,Quarterly,18-06-2025
104496,67,Female,Vijayawada,Sports,Yoga Mat,5127.59,1,Net Banking,Spring,No,No,Yes,Express,4.5,17,Yearly,02-01-2024
104497,45,Male,Hyderabad,Beauty,Face Wash,2476.12,5,Credit Card,Autumn,Yes,Yes,No,Standard,5,8,Monthly,12-03-2024
104498,57,Female,Kolkata,Books,Biography,1919.33,2,Debit Card,Winter,Yes,Yes,No,Standard,4.9,1,Quarterly,06-11-2025
104499,56,Female,Nagpur,Footwear,Boots,6242.09,2,Net Banking,Spring,No,No,No,Standard,4.6,18,Yearly,29-06-2024
104500,34,Male,Coimbatore,Clothing,Dress,1588.1,3,Credit Card,Spring,Yes,No,No,Same Day,4.5,16,Weekly,28-11-2025
104501,66,Female,Coimbatore,Grocery,Milk,981.33,5,Net Banking,Winter,Yes,Yes,No,Standard,4.6,6,Quarterly,04-06-2024
104502,59,Male,Bengaluru,Footwear,Running Shoes,6285.9,1,Debit Card,Summer,Yes,Yes,Yes,Express,4.4,31,Weekly,21-07-2025
104503,29,Male,Mumbai,Sports,Yoga Mat,6841.59,4,Cash,Winter,No,No,Yes,Same Day,5,23,Quarterly,29-10-2025
104504,57,Male,Delhi,Home Decor,Lamp,4304.7,1,Cash,Summer,Yes,Yes,No,Express,4.7,11,Yearly,01-07-2024
104505,34,Female,Coimbatore,Electronics,Smart Watch,23624.69,5,Net Banking,Winter,No,No,No,Express,4.2,4,Weekly,18-03-2025
104506,61,Female,Lucknow,Footwear,Sandals,5057.49,4,Debit Card,Winter,Yes,Yes,No,Express,4.3,11,Weekly,23-04-2024
104507,38,Female,Kolkata,Footwear,Sneakers,1006.42,3,UPI,Winter,Yes,Yes,Yes,Same Day,4.1,30,Monthly,27-06-2025
104508,48,Female,Mysuru,Books,Biography,1864.86,2,Debit Card,Summer,No,No,No,Express,4.9,14,Monthly,18-07-2024
104509,55,Male,Mumbai,Home Decor,Wall Art,4540.21,1,UPI,Winter,Yes,Yes,No,Standard,3.0,4,Weekly,12-07-2025
104510,55,Female,Ahmedabad,Sports,Tennis Racket,2938.6,3,Cash,Spring,No,No,No,Standard,4.3,7,Quarterly,26-02-2024
104511,53,Female,Hyderabad,Beauty,Shampoo,904.65,5,UPI,Summer,No,No,Yes,Standard,3.7,11,Monthly,26-08-2024
104512,26,Male,Kolkata,Beauty,Perfume,1053.15,1,Debit Card,Summer,Yes,Yes,Yes,Same Day,4.0,29,Monthly,05-09-2024
104513,60,Male,Lucknow,Beauty,Face Wash,2287.06,1,Debit Card,Summer,No,No,No,Same Day,3.6,16,Quarterly,05-08-2025
104514,39,Male,Indore,Clothing,Jacket,2039.93,4,Debit Card,Winter,Yes,No,No,Express,3.5,17,Monthly,06-07-2024
104515,20,Female,Surat,Books,Biography,1327.44,3,Credit Card,Spring,Yes,Yes,Yes,Express,4.8,34,Weekly,10-09-2025
104516,30,Female,Nagpur,Footwear,Flip Flops,5564.21,5,Credit Card,Spring,Yes,Yes,Yes,Express,3.9,48,Yearly,11-02-2024
104517,45,Male,Ahmedabad,Clothing,Jeans,3164.55,5,UPI,Winter,No,No,No,Same Day,4.1,6,Quarterly,11-04-2025
104518,65,Male,Kolkata,Books,Biography,2390.37,2,Credit Card,Autumn,Yes,Yes,Yes,Express,4.2,40,Yearly,16-06-2025
104519,22,Male,Kolkata,Home Decor,Lamp,5000.7,5,Net Banking,Winter,Yes,Yes,No,Same Day,3.7,0,Yearly,19-03-2025
104520,38,Female,Pune,Electronics,Smart Watch,20367.99,1,Cash,Autumn,Yes,No,Yes,Same Day,3.6,27,Quarterly,24-12-2024
104521,22,Male,Indore,Beauty,Moisturizer,758.97,3,UPI,Autumn,No,No,No,Standard,3.9,16,Monthly,17-10-2025
104522,48,Male,Ahmedabad,Beauty,Lipstick,1191.44,3,UPI,Summer,No,No,No,Same Day,5,2,Weekly,25-04-2025
104523,38,Male,Kolkata,Footwear,Running Shoes,4573.53,2,Debit Card,Spring,No,No,No,Express,4.9,9,Monthly,07-05-2025
104524,48,Male,Delhi,Clothing,Jacket,4598.42,2,Net Banking,Winter,No,No,Yes,Standard,3.5,16,Yearly,22-04-2024
104525,39,Male,Nagpur,Sports,Tennis Racket,6477.3,1,Debit Card,Summer,No,No,Yes,Express,3.9,43,Monthly,17-11-2024
104526,63,Male,Lucknow,Books,Comics,1315.24,4,UPI,Autumn,Yes,No,Yes,Express,3.9,27,Quarterly,24-01-2024
104527,53,Female,Kolkata,Electronics,Tablet,6655.75,3,Credit Card,Summer,No,No,No,Express,4.0,18,Weekly,14-01-2024
104528,43,Female,Kolkata,Books,Science Book,271.83,1,UPI,Winter,No,No,No,Same Day,3.5,10,Yearly,21-12-2024
104529,36,Male,Delhi,Footwear,Sandals,6279.58,4,UPI,Autumn,Yes,Yes,Yes,Standard,2.8,27,Quarterly,28-05-2025
104530,39,Male,Patna,Grocery,Rice,1615.4,2,UPI,Spring,Yes,Yes,No,Same Day,4.0,6,Quarterly,06-12-2025
104531,37,Female,Bhopal,Books,Science Book,939.41,1,UPI,Summer,Yes,Yes,Yes,Same Day,5.0,44,Monthly,28-01-2024
104532,25,Female,Surat,Books,Programming Book,1966.95,2,UPI,Summer,Yes,Yes,No,Express,4.9,16,Yearly,22-09-2025
104533,51,Male,Nagpur,Beauty,Perfume,942.43,4,Net Banking,Spring,No,No,No,Standard,4.0,5,Yearly,04-05-2025
104534,44,Male,Indore,Grocery,Coffee,1252.75,4,Cash,Autumn,Yes,Yes,No,Same Day,4.3,11,Weekly,16-11-2025
104535,19,Male,Mysuru,Sports,Tennis Racket,5958.86,1,Debit Card,Winter,Yes,Yes,Yes,Express,3.8,19,Quarterly,22-10-2024
104536,69,Female,Pune,Electronics,Headphones,6349.9,5,Credit Card,Spring,Yes,Yes,No,Express,4.8,16,Weekly,22-07-2025
104537,19,Female,Kochi,Electronics,Headphones,8135.3,5,Cash,Summer,Yes,No,No,Same Day,4.1,17,Weekly,10-01-2025
104538,56,Female,Kochi,Sports,Cricket Bat,10319.37,2,Debit Card,Summer,No,No,No,Standard,4.5,9,Weekly,17-12-2024
104539,68,Female,Lucknow,Home Decor,Carpet,4903.26,3,Debit Card,Summer,No,No,Yes,Same Day,4.2,21,Quarterly,12-12-2025
104540,48,Female,Ahmedabad,Home Decor,Lamp,1715.67,5,Cash,Summer,No,No,Yes,Same Day,4.3,44,Weekly,09-07-2024
104541,60,Male,Kolkata,Footwear,Sandals,1683.45,2,Net Banking,Winter,Yes,No,Yes,Standard,3.5,17,Yearly,01-02-2024
104542,19,Female,Mumbai,Electronics,Camera,22577.78,4,Net Banking,Winter,Yes,No,No,Express,2.7,1,Yearly,11-12-2024
104543,48,Male,Bhopal,Beauty,Face Wash,2247.27,2,UPI,Winter,Yes,Yes,Yes,Same Day,3.4,33,Yearly,13-06-2024
104544,35,Male,Bhopal,Footwear,Flip Flops,4492.78,4,Debit Card,Summer,No,No,No,Same Day,5,0,Monthly,21-07-2025
104545,55,Male,Surat,Electronics,Camera,6071.31,5,UPI,Winter,No,No,No,Express,3.9,19,Yearly,23-11-2024
104546,20,Male,Visakhapatnam,Beauty,Moisturizer,813.8,4,Credit Card,Winter,Yes,Yes,No,Express,4.9,0,Weekly,11-03-2024
104547,33,Male,Chennai,Sports,Tennis Racket,8305.99,4,Debit Card,Spring,No,No,Yes,Standard,3.8,38,Weekly,09-03-2025
104548,20,Male,Patna,Books,Biography,1034.5,3,Debit Card,Spring,Yes,Yes,No,Express,4.4,7,Yearly,22-09-2024
104549,53,Male,Nagpur,Home Decor,Vase,855.78,3,Cash,Autumn,No,No,No,Same Day,4.3,0,Yearly,19-09-2025
104550,33,Female,Delhi,Footwear,Sandals,1952.43,3,Cash,Winter,Yes,No,Yes,Standard,4.1,31,Weekly,20-12-2025
104551,56,Male,Mumbai,Books,Biography,2231.14,3,Net Banking,Autumn,No,No,No,Standard,4.9,13,Yearly,25-05-2024
104552,61,Female,Jaipur,Grocery,Oil,627.52,3,Credit Card,Autumn,Yes,Yes,No,Same Day,4.0,12,Weekly,27-08-2025
104553,44,Male,Jaipur,Beauty,Perfume,913.09,5,Credit Card,Spring,No,No,Yes,Express,4.3,45,Quarterly,11-11-2024
104554,18,Male,Mysuru,Grocery,Milk,718.53,4,Cash,Summer,No,No,No,Same Day,4.3,16,Yearly,26-05-2025
104555,19,Female,Visakhapatnam,Grocery,Milk,912.07,4,UPI,Spring,No,No,No,Express,4.7,12,Yearly,26-12-2024
104556,26,Male,Chennai,Grocery,Rice,801.3,4,Debit Card,Summer,No,No,Yes,Standard,4.6,27,Monthly,14-01-2024
104557,43,Female,Indore,Books,Programming Book,1424.94,2,Debit Card,Summer,No,No,No,Express,4.0,15,Yearly,24-01-2025
104558,46,Female,Mumbai,Footwear,Sandals,1845.27,1,Debit Card,Autumn,Yes,Yes,No,Same Day,3.7,18,Yearly,23-05-2025
104559,34,Male,Ahmedabad,Sports,Dumbbells,7738.84,1,Cash,Summer,No,No,No,Express,4.6,20,Weekly,29-03-2024
104560,69,Male,Mysuru,Grocery,Milk,2177.99,4,Net Banking,Spring,No,No,No,Same Day,3.5,10,Monthly,18-02-2025
104561,35,Female,Nagpur,Footwear,Boots,3658.38,5,Credit Card,Summer,No,No,No,Same Day,4.2,0,Weekly,03-06-2024
104562,42,Male,Mumbai,Books,Comics,844.51,1,Credit Card,Autumn,No,No,No,Same Day,4.7,5,Weekly,16-07-2024
104563,29,Male,Chennai,Books,Comics,416.52,5,UPI,Winter,Yes,No,No,Express,4.5,10,Yearly,11-07-2025
104564,59,Female,Coimbatore,Grocery,Oil,1156.0,1,Debit Card,Autumn,No,No,No,Same Day,4.1,14,Quarterly,21-08-2025
104565,22,Male,Indore,Books,Biography,2157.33,1,Credit Card,Autumn,Yes,Yes,No,Standard,3.9,9,Yearly,08-05-2025
104566,42,Female,Indore,Sports,Football,3058.22,5,Credit Card,Winter,No,No,No,Standard,3.7,12,Monthly,05-05-2024
104567,30,Male,Bengaluru,Electronics,Smart Watch,14393.05,4,Credit Card,Autumn,Yes,Yes,No,Standard,4.2,9,Weekly,03-10-2024
104568,54,Male,Pune,Home Decor,Lamp,2908.18,2,UPI,Summer,No,No,Yes,Express,4.7,31,Monthly,08-01-2025
104569,40,Female,Jaipur,Clothing,Jeans,4699.56,4,Cash,Spring,No,No,Yes,Standard,4.1,47,Yearly,14-02-2024
104570,20,Male,Ahmedabad,Clothing,Jeans,948.86,1,Cash,Summer,Yes,Yes,No,Same Day,4.7,16,Yearly,16-03-2024
104571,39,Male,Coimbatore,Electronics,Laptop,24493.79,1,UPI,Autumn,Yes,Yes,Yes,Express,4.7,20,Yearly,16-07-2024
104572,69,Male,Mysuru,Home Decor,Lamp,1790.92,4,Debit Card,Winter,Yes,Yes,No,Same Day,3.8,12,Weekly,03-01-2025
104573,22,Male,Vijayawada,Books,Comics,975.78,4,Net Banking,Autumn,No,No,Yes,Standard,3.8,18,Quarterly,19-01-2025
104574,53,Female,Kolkata,Footwear,Boots,1324.77,5,Credit Card,Winter,Yes,No,Yes,Same Day,4.1,30,Yearly,25-09-2025
104575,62,Male,Coimbatore,Grocery,Tea,1782.78,5,Debit Card,Winter,Yes,Yes,No,Same Day,4.1,18,Quarterly,05-12-2025
104576,31,Female,Surat,Sports,Dumbbells,6131.08,4,Debit Card,Spring,No,No,Yes,Standard,4.2,15,Weekly,03-12-2024
104577,26,Female,Jaipur,Clothing,Hoodie,1056.5,1,Credit Card,Summer,No,No,Yes,Standard,4.0,26,Quarterly,13-10-2025
104578,29,Female,Kolkata,Books,Comics,2395.11,5,Credit Card,Winter,Yes,Yes,No,Express,4.5,17,Weekly,22-03-2025
104579,57,Male,Nagpur,Books,Novel,1891.87,5,Credit Card,Winter,No,No,No,Standard,5,11,Weekly,15-09-2025
104580,57,Male,Pune,Grocery,Tea,763.7,2,Cash,Winter,No,No,No,Same Day,4.9,12,Monthly,13-02-2025
104581,64,Female,Visakhapatnam,Grocery,Milk,474.44,1,Credit Card,Spring,Yes,Yes,Yes,Same Day,4.6,11,Monthly,26-04-2024
104582,24,Male,Patna,Sports,Cricket Bat,7169.35,4,Credit Card,Summer,Yes,Yes,No,Express,4.6,15,Weekly,12-09-2025
104583,33,Male,Bhopal,Grocery,Snacks,1996.09,4,Credit Card,Autumn,Yes,Yes,No,Standard,3.6,10,Yearly,20-01-2025
104584,45,Male,Visakhapatnam,Beauty,Shampoo,1605.0,5,UPI,Summer,Yes,Yes,Yes,Standard,3.9,36,Weekly,10-01-2024
104585,70,Female,Hyderabad,Footwear,Sandals,4632.03,2,UPI,Autumn,No,No,No,Standard,3.8,1,Monthly,02-02-2025
104586,55,Female,Lucknow,Clothing,Jeans,4989.04,3,Net Banking,Winter,Yes,Yes,Yes,Express,4.3,21,Weekly,05-12-2025
104587,53,Female,Delhi,Grocery,Oil,1000.54,4,Cash,Spring,No,No,Yes,Standard,4.8,41,Monthly,06-04-2025
104588,43,Female,Jaipur,Electronics,Headphones,23288.14,5,UPI,Spring,Yes,Yes,Yes,Express,5.0,23,Monthly,14-08-2024
104589,70,Female,Indore,Grocery,Snacks,290.01,5,UPI,Spring,No,No,Yes,Standard,4.4,20,Quarterly,29-10-2025
104590,21,Male,Bengaluru,Beauty,Moisturizer,2341.32,4,Cash,Spring,No,No,Yes,Same Day,4.2,46,Monthly,17-10-2024
104591,19,Female,Indore,Sports,Tennis Racket,5229.77,2,UPI,Winter,No,No,No,Express,2.5,12,Yearly,03-07-2024
104592,63,Female,Nagpur,Beauty,Perfume,617.58,3,Credit Card,Winter,No,No,No,Express,4.5,13,Yearly,25-12-2025
104593,26,Male,Patna,Electronics,Smart Watch,23046.48,1,Net Banking,Summer,No,No,Yes,Standard,3.3,27,Monthly,23-07-2024
104594,33,Female,Delhi,Books,Comics,1779.72,1,Debit Card,Winter,No,No,No,Express,4.9,18,Weekly,12-04-2025
104595,42,Female,Pune,Beauty,Perfume,1939.59,5,UPI,Autumn,Yes,Yes,No,Standard,3.5,5,Monthly,10-02-2025
104596,58,Male,Lucknow,Clothing,T-Shirt,990.54,1,UPI,Autumn,No,No,No,Standard,3.3,8,Weekly,01-10-2025
104597,47,Female,Delhi,Books,Biography,2157.69,3,Net Banking,Summer,Yes,Yes,No,Same Day,4.4,13,Quarterly,21-03-2024
104598,34,Male,Ahmedabad,Grocery,Tea,2028.42,3,Credit Card,Autumn,No,No,No,Same Day,3.8,7,Weekly,01-10-2025
104599,45,Female,Chennai,Grocery,Snacks,1520.97,3,Cash,Autumn,No,No,No,Express,4.4,15,Yearly,31-01-2024
104600,34,Female,Patna,Beauty,Face Wash,2518.97,5,Debit Card,Spring,No,No,No,Same Day,5,17,Yearly,09-05-2024
104601,50,Male,Surat,Sports,Cricket Bat,2599.38,2,UPI,Autumn,Yes,Yes,No,Standard,5,11,Weekly,09-11-2025
104602,67,Male,Jaipur,Footwear,Boots,1718.73,4,Net Banking,Spring,No,No,Yes,Same Day,4.2,8,Yearly,10-07-2025
104603,18,Female,Surat,Footwear,Boots,5415.87,1,Cash,Spring,No,No,Yes,Express,4.4,32,Monthly,04-05-2024
104604,61,Male,Kochi,Books,Comics,1702.6,4,Cash,Winter,No,No,No,Same Day,4.3,17,Yearly,01-10-2024
104605,51,Female,Jaipur,Footwear,Sandals,6828.48,4,UPI,Spring,No,No,No,Express,3.4,7,Quarterly,05-11-2024
104606,70,Male,Coimbatore,Grocery,Milk,1993.5,3,Net Banking,Autumn,No,No,No,Same Day,3.9,2,Quarterly,27-10-2025
104607,34,Female,Chennai,Clothing,Jacket,3593.28,5,Credit Card,Spring,No,No,No,Standard,4.8,12,Weekly,17-12-2025
104608,24,Female,Bhopal,Sports,Dumbbells,10153.32,1,UPI,Winter,No,No,No,Standard,5.0,9,Yearly,04-03-2024
104609,36,Male,Kochi,Books,Programming Book,897.87,1,Debit Card,Autumn,Yes,No,No,Express,3.7,11,Monthly,29-05-2025
104610,68,Male,Patna,Footwear,Running Shoes,4612.71,1,UPI,Winter,No,No,No,Express,4.9,4,Quarterly,03-09-2025
104611,68,Male,Lucknow,Books,Biography,2041.67,3,Cash,Autumn,No,No,No,Same Day,3.5,16,Monthly,30-07-2024
104612,53,Male,Visakhapatnam,Books,Science Book,1483.69,1,Net Banking,Winter,Yes,Yes,No,Standard,4.0,6,Yearly,28-08-2025
104613,57,Male,Mysuru,Home Decor,Carpet,3881.22,2,Debit Card,Winter,Yes,No,No,Express,3.6,11,Quarterly,25-04-2025
104614,35,Female,Visakhapatnam,Books,Science Book,1202.2,4,Credit Card,Spring,Yes,Yes,No,Standard,4.1,2,Yearly,13-01-2024
104615,58,Male,Nagpur,Sports,Cricket Bat,2313.83,3,Debit Card,Winter,Yes,Yes,No,Express,3.7,18,Yearly,16-11-2024
104616,33,Male,Kolkata,Clothing,T-Shirt,2288.67,2,Net Banking,Winter,No,No,No,Standard,3.8,16,Weekly,15-11-2024
104617,47,Female,Chennai,Home Decor,Carpet,3579.68,3,Debit Card,Autumn,No,No,Yes,Same Day,4.1,44,Weekly,20-09-2025
104618,36,Male,Delhi,Books,Programming Book,2317.38,3,UPI,Autumn,No,No,No,Standard,4.1,2,Quarterly,18-05-2024
104619,30,Male,Lucknow,Beauty,Face Wash,2399.42,2,UPI,Winter,Yes,No,Yes,Express,3.6,37,Monthly,12-05-2024
104620,34,Male,Mysuru,Sports,Football,3912.99,2,Credit Card,Winter,Yes,No,No,Same Day,5,19,Weekly,13-06-2025
104621,21,Male,Kochi,Electronics,Tablet,23527.39,5,Net Banking,Winter,No,No,Yes,Standard,4.2,24,Monthly,30-07-2025
104622,59,Male,Kolkata,Sports,Cricket Bat,11101.95,3,UPI,Winter,No,No,Yes,Express,4.2,30,Monthly,10-07-2025
104623,53,Male,Kochi,Footwear,Running Shoes,2241.72,1,Net Banking,Winter,Yes,No,Yes,Same Day,3.9,50,Quarterly,17-02-2024
104624,51,Male,Kochi,Books,Programming Book,2193.9,2,UPI,Autumn,No,No,No,Standard,4.3,8,Monthly,15-06-2025
104625,66,Female,Jaipur,Clothing,Jeans,3555.16,2,Cash,Autumn,Yes,No,No,Standard,3.5,15,Yearly,12-06-2024
104626,35,Male,Bhopal,Home Decor,Curtains,2167.75,1,Debit Card,Spring,No,No,No,Same Day,4.3,16,Quarterly,07-08-2024
104627,58,Female,Patna,Clothing,Kurta,4063.02,4,Debit Card,Summer,Yes,Yes,No,Same Day,4.1,14,Monthly,03-07-2024
104628,54,Male,Delhi,Home Decor,Wall Art,1089.77,5,UPI,Winter,No,No,No,Standard,4.8,17,Weekly,15-07-2025
104629,31,Male,Ahmedabad,Footwear,Sandals,4282.71,4,Cash,Autumn,Yes,Yes,No,Same Day,3.6,17,Monthly,04-08-2024
104630,36,Female,Ahmedabad,Sports,Dumbbells,7308.96,5,Cash,Winter,Yes,Yes,No,Same Day,3.5,7,Weekly,02-08-2024
104631,64,Male,Mysuru,Footwear,Sandals,3266.72,4,Cash,Autumn,No,No,No,Express,4.0,3,Monthly,06-09-2024
104632,66,Male,Surat,Grocery,Tea,580.5,4,UPI,Winter,No,No,No,Same Day,4.8,16,Yearly,26-05-2025
104633,29,Female,Bengaluru,Books,Programming Book,1263.57,4,UPI,Summer,No,No,Yes,Standard,4.0,42,Weekly,11-11-2025
104634,27,Male,Chennai,Home Decor,Carpet,5352.32,3,Debit Card,Winter,No,No,No,Standard,4.3,12,Monthly,15-03-2024
104635,58,Male,Patna,Home Decor,Vase,5986.94,4,Cash,Summer,No,No,No,Standard,4.0,2,Weekly,17-10-2025
104636,38,Male,Mumbai,Home Decor,Vase,3329.92,5,UPI,Summer,Yes,No,No,Standard,3.9,20,Monthly,26-10-2025
104637,65,Male,Vijayawada,Beauty,Lipstick,2821.18,1,Credit Card,Autumn,Yes,Yes,Yes,Same Day,4.9,49,Quarterly,24-08-2024
104638,18,Male,Kochi,Grocery,Milk,934.56,2,Cash,Summer,No,No,No,Same Day,5,15,Weekly,15-04-2024
104639,34,Female,Jaipur,Sports,Yoga Mat,9123.53,3,Credit Card,Winter,Yes,Yes,No,Standard,3.8,11,Weekly,24-11-2024
104640,41,Male,Mumbai,Home Decor,Lamp,2866.37,4,Credit Card,Winter,No,No,No,Standard,4.5,16,Monthly,15-08-2025
104641,44,Female,Mumbai,Footwear,Sandals,4098.04,3,Cash,Spring,No,No,No,Same Day,3.9,9,Quarterly,06-09-2024
104642,42,Female,Ahmedabad,Electronics,Camera,17610.5,1,UPI,Autumn,No,No,No,Express,4.3,20,Yearly,29-01-2025
104643,27,Female,Bengaluru,Grocery,Oil,1465.03,3,Cash,Winter,Yes,No,Yes,Express,3.9,32,Quarterly,25-01-2025
104644,58,Male,Jaipur,Footwear,Sandals,4680.1,2,Cash,Spring,Yes,Yes,No,Standard,3.2,14,Quarterly,20-11-2024
104645,19,Female,Lucknow,Footwear,Running Shoes,1046.39,5,Cash,Autumn,No,No,Yes,Standard,4.3,33,Weekly,26-02-2025
104646,22,Male,Hyderabad,Sports,Dumbbells,8717.76,1,Cash,Summer,No,No,No,Same Day,4.4,9,Yearly,29-05-2025
104647,33,Male,Kochi,Home Decor,Curtains,767.58,5,UPI,Summer,No,No,No,Express,3.8,13,Yearly,07-01-2025
104648,53,Male,Surat,Books,Biography,2026.1,3,UPI,Autumn,No,No,No,Express,4.8,17,Yearly,08-07-2024
104649,49,Male,Mysuru,Beauty,Shampoo,1010.34,1,Net Banking,Winter,No,No,Yes,Express,4.1,33,Yearly,12-10-2024
104650,61,Male,Delhi,Clothing,Dress,3137.1,2,Cash,Summer,Yes,No,Yes,Standard,4.0,34,Monthly,15-06-2025
104651,18,Male,Visakhapatnam,Electronics,Camera,20248.09,4,Credit Card,Spring,Yes,No,No,Same Day,3.2,19,Yearly,31-01-2025
104652,42,Female,Hyderabad,Books,Science Book,795.24,5,Credit Card,Winter,Yes,Yes,Yes,Express,4.6,35,Weekly,31-10-2024
104653,70,Male,Lucknow,Beauty,Shampoo,2691.17,1,Net Banking,Summer,No,No,Yes,Standard,4.6,36,Weekly,15-04-2024
104654,40,Male,Chennai,Home Decor,Carpet,5757.17,5,Net Banking,Summer,No,No,No,Express,3.4,15,Weekly,03-09-2024
104655,33,Female,Bengaluru,Footwear,Sandals,2625.98,2,Cash,Autumn,No,No,Yes,Express,3.7,40,Yearly,10-09-2024
104656,49,Female,Surat,Home Decor,Lamp,4781.88,3,Net Banking,Summer,No,No,No,Express,4.7,18,Yearly,12-01-2025
104657,69,Male,Chennai,Home Decor,Carpet,5797.24,2,Debit Card,Winter,No,No,No,Express,3.9,5,Yearly,29-07-2024
104658,38,Male,Coimbatore,Beauty,Moisturizer,285.96,5,Cash,Spring,No,No,Yes,Express,4.5,12,Quarterly,24-02-2024
104659,28,Female,Delhi,Clothing,Kurta,2979.77,1,Cash,Autumn,Yes,Yes,Yes,Express,4.2,36,Quarterly,18-11-2024
104660,47,Male,Ahmedabad,Grocery,Coffee,825.92,4,Debit Card,Summer,No,No,Yes,Same Day,5.0,48,Yearly,07-10-2025
104661,28,Male,Nagpur,Footwear,Sneakers,4545.28,2,Debit Card,Winter,Yes,No,Yes,Same Day,3.6,41,Weekly,23-01-2025
104662,43,Female,Mumbai,Sports,Football,1713.55,1,Credit Card,Autumn,Yes,Yes,Yes,Express,4.6,13,Quarterly,19-07-2025
104663,40,Female,Nagpur,Clothing,Dress,2660.24,2,UPI,Summer,Yes,Yes,No,Express,4.8,1,Quarterly,06-08-2024
104664,64,Male,Nagpur,Electronics,Laptop,15592.32,2,Cash,Spring,No,No,No,Standard,4.3,13,Yearly,09-11-2025
104665,69,Female,Visakhapatnam,Books,Biography,1757.11,5,UPI,Winter,No,No,No,Express,4.7,2,Weekly,03-10-2024
104666,20,Male,Mysuru,Books,Biography,717.4,5,Cash,Spring,Yes,No,Yes,Express,4.5,20,Weekly,09-07-2024
104667,60,Female,Hyderabad,Electronics,Laptop,18052.89,1,Net Banking,Winter,No,No,No,Same Day,3.2,11,Weekly,30-10-2025
104668,40,Female,Visakhapatnam,Grocery,Oil,1686.39,3,Net Banking,Summer,Yes,Yes,No,Same Day,3.7,8,Monthly,27-06-2024
104669,27,Female,Surat,Clothing,Jeans,3459.21,2,Credit Card,Spring,No,No,No,Standard,4.0,6,Monthly,23-05-2024
104670,70,Female,Ahmedabad,Books,Programming Book,920.73,2,UPI,Spring,No,No,No,Standard,4.3,0,Weekly,31-03-2025
104671,51,Female,Lucknow,Electronics,Camera,9121.72,2,Debit Card,Summer,Yes,Yes,No,Same Day,4.2,15,Yearly,08-06-2025
104672,50,Male,Visakhapatnam,Home Decor,Curtains,1427.4,4,UPI,Summer,No,No,No,Express,5.0,2,Monthly,07-05-2025
104673,64,Female,Mumbai,Grocery,Rice,2266.19,1,Cash,Summer,Yes,Yes,No,Same Day,3.9,10,Quarterly,28-12-2024
104674,18,Male,Ahmedabad,Books,Biography,1739.76,2,Cash,Spring,Yes,No,No,Standard,3.7,5,Yearly,29-08-2024
104675,46,Male,Surat,Footwear,Sandals,3623.12,2,Credit Card,Autumn,No,No,No,Same Day,4.9,19,Yearly,04-12-2024
104676,56,Female,Hyderabad,Clothing,T-Shirt,3086.44,5,Cash,Autumn,No,No,Yes,Express,4.3,19,Yearly,24-07-2025
104677,61,Male,Coimbatore,Grocery,Milk,347.32,1,Credit Card,Summer,No,No,No,Same Day,4.6,11,Quarterly,26-06-2024
104678,31,Male,Chennai,Footwear,Sneakers,5554.84,2,UPI,Spring,No,No,Yes,Same Day,4.7,26,Weekly,23-10-2024
104679,56,Male,Hyderabad,Footwear,Flip Flops,4362.43,5,Cash,Summer,Yes,No,Yes,Standard,4.6,8,Quarterly,05-06-2024
104680,31,Male,Surat,Electronics,Laptop,24750.27,1,Cash,Summer,Yes,Yes,No,Standard,5.0,5,Weekly,29-09-2024
104681,18,Female,Kolkata,Beauty,Shampoo,2930.12,5,Cash,Summer,Yes,No,No,Express,4.1,9,Yearly,26-01-2025
104682,56,Female,Bhopal,Beauty,Face Wash,1560.19,3,Net Banking,Spring,No,No,Yes,Standard,4.2,37,Weekly,07-10-2024
104683,37,Male,Jaipur,Footwear,Sneakers,2263.74,3,UPI,Spring,Yes,Yes,Yes,Standard,3.7,39,Quarterly,14-06-2024
104684,47,Male,Surat,Grocery,Oil,2332.95,3,Credit Card,Autumn,No,No,No,Standard,3.9,6,Quarterly,25-02-2025
104685,39,Male,Chennai,Beauty,Shampoo,625.52,1,UPI,Autumn,No,No,Yes,Same Day,4.5,50,Quarterly,27-12-2025
104686,70,Male,Visakhapatnam,Clothing,Jacket,4414.3,2,UPI,Winter,Yes,No,No,Standard,4.4,12,Monthly,20-09-2025
104687,53,Female,Pune,Grocery,Milk,2016.42,3,Net Banking,Autumn,No,No,Yes,Standard,4.8,50,Yearly,12-08-2025
104688,61,Female,Delhi,Electronics,Smart Watch,7856.48,3,Cash,Summer,Yes,Yes,No,Express,4.9,7,Quarterly,07-01-2025
104689,26,Male,Lucknow,Sports,Football,8183.69,1,Cash,Summer,No,No,No,Express,4.1,15,Quarterly,11-04-2025
104690,34,Female,Bhopal,Footwear,Running Shoes,1321.35,2,Debit Card,Summer,No,No,Yes,Express,4.9,30,Weekly,05-03-2025
104691,37,Male,Mysuru,Home Decor,Wall Art,4520.33,2,Cash,Spring,Yes,Yes,No,Standard,3.8,0,Weekly,24-01-2024
104692,50,Male,Delhi,Books,Novel,1997.14,2,Debit Card,Winter,No,No,Yes,Same Day,3.8,35,Weekly,04-03-2024
104693,37,Female,Lucknow,Clothing,Jacket,1679.65,1,Credit Card,Autumn,No,No,No,Same Day,4.3,17,Yearly,01-03-2024
104694,48,Male,Mysuru,Sports,Tennis Racket,4304.08,2,UPI,Winter,Yes,No,Yes,Express,4.4,43,Yearly,13-06-2025
104695,64,Female,Kochi,Footwear,Sandals,5161.33,5,Debit Card,Winter,Yes,Yes,No,Standard,3.7,18,Quarterly,08-12-2024
104696,57,Female,Delhi,Books,Novel,885.04,5,UPI,Winter,No,No,No,Standard,4.4,2,Yearly,22-07-2024
104697,63,Female,Coimbatore,Beauty,Moisturizer,2219.79,2,Cash,Spring,Yes,Yes,No,Standard,3.8,14,Monthly,12-02-2025
104698,58,Male,Patna,Home Decor,Lamp,1181.44,1,Cash,Autumn,Yes,Yes,No,Same Day,4.4,12,Quarterly,28-12-2025
104699,67,Male,Ahmedabad,Sports,Cricket Bat,4647.81,1,Credit Card,Summer,Yes,Yes,No,Same Day,4.4,8,Weekly,03-10-2024
104700,34,Female,Mumbai,Footwear,Sneakers,2281.51,3,Credit Card,Summer,Yes,No,No,Express,3.8,16,Weekly,27-02-2024
104701,22,Male,Visakhapatnam,Sports,Tennis Racket,3613.34,1,Debit Card,Autumn,Yes,Yes,No,Same Day,4.3,18,Monthly,10-07-2025
104702,40,Male,Coimbatore,Beauty,Perfume,369.98,1,Cash,Winter,No,No,No,Same Day,3.5,4,Weekly,08-10-2024
104703,49,Male,Kolkata,Books,Programming Book,2006.82,2,Debit Card,Summer,Yes,Yes,Yes,Standard,4.2,22,Yearly,31-10-2025
104704,65,Male,Mumbai,Books,Comics,1280.38,1,Debit Card,Summer,No,No,No,Express,4.4,4,Quarterly,28-09-2025
104705,25,Female,Pune,Sports,Football,10213.35,5,Net Banking,Autumn,Yes,Yes,No,Standard,4.7,3,Quarterly,20-07-2024
104706,56,Female,Mumbai,Clothing,Jacket,2624.99,5,Cash,Summer,No,No,Yes,Express,4.9,13,Yearly,12-12-2025
104707,43,Female,Bhopal,Clothing,Jacket,3359.93,3,UPI,Autumn,No,No,No,Express,3.8,13,Yearly,12-06-2024
104708,49,Female,Mysuru,Grocery,Oil,591.51,1,Net Banking,Winter,No,No,No,Standard,4.5,20,Weekly,12-12-2025
104709,33,Male,Chennai,Beauty,Moisturizer,2145.35,4,UPI,Winter,Yes,Yes,Yes,Same Day,4.3,26,Yearly,25-06-2025
104710,35,Female,Mysuru,Beauty,Shampoo,2197.96,1,Credit Card,Spring,No,No,No,Same Day,3.8,18,Monthly,19-08-2024
104711,63,Male,Pune,Books,Comics,1636.2,4,Cash,Spring,Yes,Yes,No,Express,4.2,12,Monthly,31-01-2024
104712,42,Male,Bhopal,Grocery,Tea,250.99,3,Debit Card,Summer,Yes,No,No,Same Day,5,20,Yearly,08-08-2024
104713,60,Female,Mumbai,Grocery,Tea,1219.39,3,Debit Card,Autumn,No,No,Yes,Standard,4.2,43,Monthly,19-11-2024
104714,47,Male,Kolkata,Footwear,Sandals,4072.72,1,Cash,Spring,Yes,Yes,No,Express,5,11,Yearly,24-09-2025
104715,23,Male,Hyderabad,Electronics,Tablet,12932.94,1,UPI,Autumn,No,No,No,Same Day,3.6,6,Quarterly,29-01-2024
104716,50,Female,Surat,Books,Programming Book,1301.92,4,Net Banking,Spring,No,No,Yes,Express,3.5,8,Monthly,18-08-2024
104717,25,Female,Mysuru,Footwear,Sneakers,5243.33,5,Credit Card,Spring,Yes,Yes,Yes,Same Day,3.9,19,Weekly,10-08-2025
104718,59,Male,Bhopal,Home Decor,Carpet,5526.65,3,Cash,Spring,No,No,No,Same Day,4.5,19,Yearly,11-10-2025
104719,64,Male,Delhi,Clothing,T-Shirt,3575.62,2,Net Banking,Summer,Yes,Yes,No,Standard,4.2,1,Quarterly,29-11-2024
104720,58,Female,Hyderabad,Books,Biography,1714.04,5,Net Banking,Winter,Yes,Yes,No,Standard,4.5,1,Weekly,23-02-2025
104721,49,Female,Patna,Sports,Yoga Mat,11031.09,5,Cash,Spring,No,No,No,Standard,4.6,14,Quarterly,29-05-2025
104722,43,Female,Visakhapatnam,Beauty,Shampoo,564.17,3,Cash,Winter,No,No,No,Express,3.7,0,Yearly,13-11-2024
104723,54,Female,Indore,Beauty,Moisturizer,223.02,2,Net Banking,Spring,Yes,No,No,Same Day,4.7,20,Quarterly,28-07-2024
104724,18,Male,Indore,Electronics,Laptop,18872.24,2,Debit Card,Summer,Yes,No,No,Express,3.7,6,Quarterly,30-10-2025
104725,22,Female,Surat,Home Decor,Curtains,2019.22,4,Cash,Spring,Yes,No,Yes,Standard,4.3,33,Monthly,10-07-2024
104726,62,Female,Mysuru,Grocery,Tea,1016.73,2,Debit Card,Summer,No,No,No,Express,3.4,16,Yearly,30-08-2025
104727,19,Female,Hyderabad,Beauty,Moisturizer,393.08,2,Net Banking,Autumn,Yes,No,Yes,Same Day,4.4,19,Weekly,24-12-2025
104728,37,Female,Nagpur,Home Decor,Curtains,4356.97,2,Debit Card,Summer,No,No,No,Express,3.6,8,Quarterly,07-10-2025
104729,27,Male,Surat,Clothing,Jeans,1222.05,1,Cash,Summer,Yes,Yes,No,Same Day,3.5,17,Monthly,10-04-2024
104730,30,Male,Indore,Electronics,Laptop,21974.61,4,UPI,Autumn,Yes,Yes,No,Express,4.8,7,Weekly,22-09-2024
104731,19,Male,Lucknow,Footwear,Sandals,4571.16,5,Net Banking,Autumn,No,No,Yes,Express,4.5,21,Monthly,12-09-2025
104732,20,Male,Bhopal,Books,Science Book,604.25,3,Net Banking,Spring,Yes,Yes,Yes,Express,4.0,33,Monthly,20-11-2024
104733,44,Male,Coimbatore,Beauty,Shampoo,2934.79,1,Cash,Spring,No,No,No,Standard,3.7,19,Monthly,30-04-2025
104734,29,Female,Nagpur,Beauty,Moisturizer,2935.32,4,Debit Card,Spring,Yes,No,Yes,Standard,4.4,11,Quarterly,08-10-2024
104735,52,Female,Jaipur,Books,Comics,362.93,1,UPI,Summer,Yes,Yes,No,Express,4.6,0,Yearly,06-06-2025
104736,31,Male,Pune,Footwear,Boots,1686.11,1,Credit Card,Winter,No,No,No,Standard,3.1,6,Quarterly,04-11-2024
104737,34,Male,Mumbai,Electronics,Tablet,13350.71,4,Net Banking,Autumn,No,No,No,Same Day,4.9,6,Weekly,01-10-2025
104738,40,Female,Chennai,Beauty,Face Wash,259.19,1,Debit Card,Winter,No,No,No,Express,4.5,19,Quarterly,04-07-2025
104739,19,Female,Chennai,Clothing,Dress,2088.35,3,UPI,Spring,Yes,No,No,Same Day,4.4,6,Yearly,31-07-2025
104740,62,Male,Hyderabad,Grocery,Rice,2180.4,4,Credit Card,Summer,No,No,No,Express,3.7,9,Weekly,18-03-2024
104741,36,Male,Mysuru,Books,Programming Book,2339.39,2,Net Banking,Summer,No,No,Yes,Express,4.8,12,Quarterly,11-05-2025
104742,64,Female,Nagpur,Electronics,Smart Watch,17333.99,3,Credit Card,Winter,Yes,Yes,No,Standard,3.7,20,Monthly,13-03-2024
104743,28,Male,Chennai,Clothing,Jeans,2819.31,5,Net Banking,Winter,No,No,No,Standard,5,10,Quarterly,01-12-2025
104744,44,Male,Visakhapatnam,Home Decor,Wall Art,3084.23,2,Debit Card,Spring,No,No,Yes,Same Day,5.0,33,Quarterly,12-09-2025
104745,26,Female,Jaipur,Books,Comics,794.62,2,Net Banking,Spring,Yes,Yes,Yes,Same Day,4.9,15,Quarterly,11-10-2024
104746,54,Female,Delhi,Grocery,Snacks,1896.12,4,Net Banking,Autumn,Yes,Yes,Yes,Same Day,4.7,42,Yearly,01-03-2024
104747,60,Male,Hyderabad,Books,Biography,583.98,4,Net Banking,Summer,Yes,Yes,No,Standard,4.5,19,Quarterly,10-12-2024
104748,50,Female,Coimbatore,Footwear,Flip Flops,6554.91,2,Credit Card,Summer,No,No,Yes,Express,4.2,24,Yearly,28-03-2024
104749,18,Female,Bengaluru,Electronics,Smartphone,18439.38,3,Debit Card,Spring,Yes,Yes,No,Standard,4.8,3,Yearly,25-06-2024
104750,66,Female,Hyderabad,Home Decor,Curtains,3007.14,2,Debit Card,Autumn,Yes,Yes,No,Express,4.4,13,Monthly,14-03-2024
104751,27,Male,Bhopal,Grocery,Coffee,1510.26,1,Net Banking,Autumn,No,No,Yes,Express,3.8,39,Quarterly,27-04-2024
104752,64,Female,Surat,Electronics,Tablet,19857.12,2,Net Banking,Summer,Yes,Yes,Yes,Express,4.7,44,Weekly,02-11-2025
104753,46,Male,Hyderabad,Sports,Dumbbells,5709.1,5,Net Banking,Spring,No,No,No,Standard,3.7,3,Monthly,03-02-2024
104754,47,Female,Pune,Beauty,Lipstick,522.52,4,Credit Card,Autumn,No,No,No,Same Day,4.5,13,Monthly,02-10-2025
104755,19,Female,Kochi,Home Decor,Wall Art,5904.77,3,Cash,Spring,No,No,Yes,Express,4.4,30,Yearly,17-05-2025
104756,26,Female,Surat,Grocery,Milk,248.41,3,Credit Card,Summer,No,No,No,Standard,3.5,3,Monthly,02-01-2024
104757,38,Male,Kolkata,Beauty,Moisturizer,695.25,2,Net Banking,Spring,Yes,Yes,No,Express,4.9,13,Quarterly,12-04-2024
104758,30,Male,Nagpur,Books,Comics,409.24,5,Debit Card,Winter,Yes,Yes,Yes,Express,5,44,Weekly,13-09-2025
104759,56,Male,Visakhapatnam,Electronics,Smartphone,9368.19,2,UPI,Summer,No,No,No,Same Day,4.4,3,Weekly,30-12-2024
104760,30,Male,Chennai,Books,Biography,1062.73,4,Cash,Winter,No,No,No,Same Day,4.7,1,Monthly,31-08-2024
104761,24,Female,Chennai,Sports,Yoga Mat,6443.34,2,UPI,Summer,Yes,Yes,No,Same Day,3.6,12,Quarterly,10-06-2024
104762,66,Female,Indore,Sports,Cricket Bat,4971.81,3,Cash,Summer,Yes,Yes,No,Standard,4.5,9,Monthly,15-09-2025
104763,18,Male,Vijayawada,Clothing,Hoodie,4997.42,4,Cash,Spring,Yes,No,No,Standard,3.5,2,Monthly,14-05-2025
104764,58,Female,Bhopal,Books,Novel,1232.91,2,UPI,Winter,Yes,Yes,No,Express,3.9,10,Quarterly,21-09-2024
104765,69,Female,Lucknow,Home Decor,Lamp,5968.99,5,Net Banking,Summer,Yes,Yes,Yes,Express,4.4,32,Monthly,05-07-2025
104766,57,Female,Indore,Clothing,Dress,2759.08,3,Debit Card,Winter,No,No,No,Standard,4.1,3,Quarterly,19-06-2024
104767,37,Male,Visakhapatnam,Sports,Yoga Mat,2005.34,3,Cash,Autumn,Yes,No,Yes,Standard,4.0,36,Quarterly,30-12-2024
104768,21,Male,Surat,Sports,Yoga Mat,9913.04,4,Debit Card,Spring,Yes,Yes,Yes,Standard,4.2,21,Quarterly,06-04-2025
104769,30,Female,Bengaluru,Footwear,Flip Flops,6387.01,1,Net Banking,Autumn,No,No,No,Standard,5,12,Weekly,26-11-2025
104770,67,Male,Indore,Footwear,Sandals,5097.7,1,Net Banking,Winter,Yes,Yes,Yes,Same Day,4.6,35,Quarterly,04-07-2024
104771,23,Male,Pune,Footwear,Sandals,4625.57,3,Cash,Spring,No,No,Yes,Standard,3.9,29,Yearly,30-04-2024
104772,27,Female,Ahmedabad,Clothing,Jacket,2842.37,1,Net Banking,Winter,Yes,No,No,Standard,5,11,Weekly,05-05-2025
104773,50,Female,Bhopal,Grocery,Oil,1464.87,1,Net Banking,Summer,Yes,No,No,Express,4.9,13,Quarterly,03-12-2025
104774,59,Male,Kolkata,Sports,Tennis Racket,7743.43,1,Cash,Spring,Yes,Yes,Yes,Standard,4.5,26,Monthly,08-06-2025
104775,37,Male,Jaipur,Clothing,T-Shirt,3701.09,4,Net Banking,Winter,No,No,No,Standard,3.6,3,Quarterly,18-05-2024
104776,33,Female,Bengaluru,Clothing,Hoodie,3328.0,4,Credit Card,Spring,Yes,Yes,No,Express,4.3,0,Monthly,15-08-2025
104777,46,Female,Mumbai,Grocery,Snacks,1538.19,4,Cash,Winter,No,No,No,Same Day,4.4,1,Yearly,28-01-2025
104778,61,Female,Jaipur,Electronics,Smart Watch,10315.69,2,Debit Card,Autumn,No,No,Yes,Standard,4.1,29,Quarterly,23-09-2025
104779,53,Female,Lucknow,Sports,Yoga Mat,1993.13,4,Debit Card,Summer,No,No,No,Express,4.6,7,Yearly,31-08-2024
104780,23,Female,Patna,Clothing,Jacket,4965.9,2,UPI,Spring,No,No,No,Standard,3.9,10,Yearly,05-07-2025
104781,31,Female,Lucknow,Clothing,Dress,4838.54,5,Debit Card,Winter,Yes,No,No,Same Day,4.0,11,Yearly,05-03-2024
104782,65,Male,Kochi,Electronics,Tablet,23341.42,2,Debit Card,Summer,No,No,No,Express,3.7,12,Monthly,29-07-2024
104783,18,Male,Lucknow,Grocery,Snacks,512.15,1,Credit Card,Winter,No,No,Yes,Standard,2.9,41,Monthly,01-12-2024
104784,63,Female,Surat,Sports,Football,6033.09,2,Cash,Spring,Yes,Yes,No,Express,4.4,3,Quarterly,23-04-2025
104785,48,Female,Coimbatore,Clothing,Jeans,3337.82,2,Credit Card,Spring,No,No,Yes,Standard,4.0,32,Monthly,21-03-2025
104786,69,Male,Pune,Grocery,Oil,2189.2,2,Credit Card,Autumn,No,No,No,Standard,4.3,15,Monthly,22-11-2024
104787,31,Female,Bhopal,Home Decor,Wall Art,655.32,3,Net Banking,Spring,No,No,No,Express,4.2,7,Weekly,20-11-2024
104788,45,Male,Jaipur,Grocery,Coffee,1286.68,3,UPI,Spring,No,No,No,Express,3.5,6,Monthly,02-10-2024
104789,55,Male,Visakhapatnam,Footwear,Boots,2238.73,3,Cash,Spring,Yes,Yes,No,Express,4.8,8,Quarterly,15-07-2024
104790,35,Female,Coimbatore,Home Decor,Vase,5843.67,4,Net Banking,Winter,Yes,No,No,Standard,3.9,8,Weekly,27-09-2025
104791,61,Female,Bhopal,Footwear,Running Shoes,6515.01,1,Net Banking,Winter,Yes,No,No,Same Day,3.0,2,Monthly,18-03-2025
104792,27,Female,Indore,Clothing,Dress,1225.96,1,Cash,Autumn,Yes,No,No,Standard,3.9,16,Weekly,10-12-2025
104793,67,Female,Ahmedabad,Clothing,T-Shirt,3336.86,3,Credit Card,Spring,No,No,No,Same Day,4.4,1,Monthly,25-04-2024
104794,24,Female,Vijayawada,Grocery,Snacks,1741.65,3,Credit Card,Winter,Yes,Yes,No,Express,4.1,13,Weekly,13-04-2024
104795,21,Female,Kolkata,Books,Programming Book,2292.73,4,UPI,Spring,No,No,Yes,Same Day,3.9,32,Yearly,13-12-2024
104796,54,Female,Vijayawada,Clothing,Jacket,750.09,3,Debit Card,Summer,Yes,Yes,No,Standard,3.8,6,Weekly,19-08-2025
104797,52,Female,Hyderabad,Footwear,Running Shoes,2559.25,4,Cash,Spring,No,No,No,Same Day,4.6,5,Weekly,24-03-2025
104798,55,Female,Ahmedabad,Beauty,Perfume,366.32,4,Cash,Autumn,Yes,No,No,Express,4.1,13,Quarterly,21-09-2024
104799,50,Female,Vijayawada,Footwear,Boots,2710.9,4,Net Banking,Spring,Yes,Yes,No,Standard,5,18,Yearly,08-03-2025
104800,49,Female,Mysuru,Home Decor,Carpet,2226.79,4,Credit Card,Winter,No,No,No,Express,5,2,Monthly,09-08-2024
104801,27,Male,Jaipur,Beauty,Perfume,2500.15,2,Cash,Spring,No,No,No,Standard,3.9,3,Yearly,08-06-2025
104802,24,Male,Mysuru,Grocery,Tea,804.64,5,Net Banking,Summer,Yes,Yes,No,Standard,4.3,19,Monthly,10-05-2025
104803,50,Female,Surat,Sports,Dumbbells,1965.74,1,Cash,Summer,Yes,Yes,No,Standard,4.0,2,Quarterly,07-05-2025
104804,29,Female,Kochi,Home Decor,Vase,3913.27,4,Credit Card,Spring,No,No,Yes,Same Day,4.5,30,Weekly,23-06-2025
104805,18,Male,Mysuru,Grocery,Coffee,2039.08,4,UPI,Spring,No,No,Yes,Same Day,3.6,10,Quarterly,13-08-2025
104806,47,Male,Visakhapatnam,Beauty,Perfume,2709.51,2,UPI,Winter,Yes,No,No,Express,4.3,0,Weekly,25-04-2024
104807,44,Male,Hyderabad,Beauty,Perfume,882.11,1,Credit Card,Summer,Yes,Yes,No,Express,4.8,13,Monthly,26-07-2025
104808,66,Female,Visakhapatnam,Clothing,Jacket,4725.97,2,Debit Card,Winter,No,No,No,Express,4.2,20,Quarterly,10-01-2024
104809,36,Male,Mumbai,Electronics,Headphones,16676.75,5,Cash,Summer,Yes,Yes,Yes,Express,5,27,Yearly,15-12-2025
104810,20,Male,Indore,Beauty,Perfume,1495.96,2,Net Banking,Autumn,No,No,Yes,Standard,3.6,13,Monthly,08-04-2025
104811,44,Female,Mumbai,Clothing,Dress,2383.69,2,Net Banking,Winter,No,No,Yes,Same Day,4.7,22,Yearly,07-12-2024
104812,63,Male,Kolkata,Home Decor,Vase,2261.22,2,UPI,Autumn,Yes,Yes,No,Express,3.8,9,Weekly,24-05-2024
104813,51,Female,Vijayawada,Beauty,Face Wash,571.29,4,UPI,Autumn,Yes,Yes,Yes,Express,4.2,39,Weekly,01-08-2024
104814,56,Female,Patna,Grocery,Milk,2461.75,1,Net Banking,Winter,No,No,No,Same Day,3.8,18,Quarterly,12-04-2024
104815,68,Male,Mysuru,Books,Comics,1973.48,2,Cash,Summer,No,No,No,Same Day,3.9,15,Quarterly,18-05-2025
104816,28,Male,Bengaluru,Footwear,Sneakers,2604.66,1,UPI,Autumn,No,No,Yes,Express,5.0,21,Weekly,05-09-2024
104817,60,Female,Vijayawada,Beauty,Face Wash,579.85,3,Credit Card,Autumn,Yes,Yes,Yes,Same Day,4.5,41,Weekly,15-02-2024
104818,53,Female,Mumbai,Home Decor,Lamp,5282.71,2,UPI,Spring,No,No,No,Express,5.0,5,Quarterly,12-02-2024
104819,66,Female,Delhi,Home Decor,Lamp,957.65,5,Net Banking,Spring,No,No,Yes,Express,3.9,47,Weekly,20-04-2024
104820,69,Male,Pune,Home Decor,Vase,300.45,2,Debit Card,Autumn,No,No,Yes,Standard,3.9,46,Quarterly,22-01-2024
104821,60,Male,Lucknow,Clothing,Hoodie,4198.13,1,Net Banking,Autumn,No,No,No,Express,4.1,13,Yearly,23-06-2025
104822,29,Male,Mumbai,Clothing,T-Shirt,1666.36,2,Net Banking,Summer,Yes,Yes,No,Same Day,3.1,8,Monthly,09-06-2024
104823,48,Male,Kochi,Beauty,Perfume,665.7,3,Cash,Spring,Yes,No,No,Same Day,4.2,12,Weekly,06-03-2025
104824,30,Male,Patna,Grocery,Oil,1293.4,2,Debit Card,Spring,No,No,No,Standard,3.8,14,Yearly,20-10-2024
104825,40,Female,Hyderabad,Electronics,Laptop,13629.94,3,Cash,Winter,No,No,No,Express,4.1,5,Monthly,10-05-2025
104826,26,Male,Bhopal,Books,Science Book,980.09,3,Cash,Autumn,No,No,No,Express,4.3,5,Weekly,23-09-2024
104827,31,Male,Ahmedabad,Beauty,Lipstick,2857.62,2,UPI,Summer,No,No,Yes,Standard,4.8,31,Quarterly,25-07-2024
104828,55,Male,Bhopal,Sports,Yoga Mat,5575.63,3,Net Banking,Spring,Yes,Yes,No,Same Day,4.1,11,Quarterly,18-09-2025
104829,37,Female,Kochi,Home Decor,Lamp,5148.67,1,Debit Card,Winter,No,No,No,Standard,3.5,13,Monthly,21-02-2024
104830,35,Male,Patna,Electronics,Smartphone,10336.58,3,Debit Card,Autumn,No,No,No,Standard,4.3,6,Yearly,13-11-2024
104831,19,Male,Nagpur,Footwear,Flip Flops,6798.45,3,Debit Card,Spring,No,No,No,Standard,4.2,4,Quarterly,19-03-2025
104832,64,Female,Ahmedabad,Books,Programming Book,2283.85,5,Cash,Autumn,No,No,No,Express,4.2,7,Monthly,16-11-2025
104833,56,Male,Surat,Footwear,Sneakers,3424.49,4,Net Banking,Winter,Yes,Yes,No,Same Day,4.2,18,Quarterly,26-09-2025
104834,60,Male,Chennai,Sports,Cricket Bat,4337.66,4,UPI,Autumn,Yes,No,No,Same Day,4.6,15,Yearly,30-08-2025
104835,19,Male,Chennai,Home Decor,Vase,4559.77,3,Debit Card,Winter,Yes,Yes,Yes,Express,4.6,37,Quarterly,17-05-2025
104836,63,Male,Delhi,Beauty,Moisturizer,2447.22,2,Credit Card,Winter,Yes,No,No,Same Day,4.4,17,Weekly,28-03-2025
104837,60,Male,Indore,Sports,Football,8252.38,5,UPI,Autumn,No,No,No,Same Day,4.4,7,Monthly,01-07-2024
104838,47,Female,Jaipur,Footwear,Sandals,1606.66,5,Net Banking,Summer,Yes,Yes,Yes,Standard,3.7,16,Weekly,20-09-2025
104839,57,Male,Kochi,Clothing,Jeans,853.8,5,Debit Card,Autumn,Yes,Yes,Yes,Express,4.0,21,Yearly,07-06-2025
104840,63,Male,Vijayawada,Grocery,Tea,2102.34,5,Debit Card,Winter,No,No,Yes,Same Day,3.7,16,Yearly,22-03-2024
104841,64,Male,Mysuru,Home Decor,Carpet,1177.28,2,Cash,Spring,No,No,No,Standard,3.3,6,Yearly,25-09-2024
104842,58,Female,Ahmedabad,Electronics,Smartphone,9835.3,1,Net Banking,Spring,No,No,No,Express,4.1,13,Yearly,29-10-2025
104843,27,Male,Surat,Sports,Yoga Mat,5293.99,3,Debit Card,Summer,No,No,No,Standard,4.0,11,Weekly,01-05-2025
104844,57,Male,Patna,Sports,Cricket Bat,4720.7,1,Credit Card,Spring,No,No,No,Standard,4.1,2,Monthly,02-01-2025
104845,41,Male,Mysuru,Beauty,Perfume,1457.46,1,Debit Card,Winter,No,No,Yes,Standard,4.7,45,Quarterly,23-05-2024
104846,54,Female,Kolkata,Electronics,Headphones,17362.81,4,Cash,Spring,No,No,Yes,Express,4.2,17,Weekly,13-02-2024
104847,58,Male,Kolkata,Sports,Football,2320.53,2,Credit Card,Summer,No,No,No,Express,4.1,2,Yearly,22-09-2024
104848,42,Female,Jaipur,Grocery,Oil,2229.2,2,UPI,Winter,Yes,No,No,Standard,3.9,10,Monthly,13-09-2024
104849,57,Female,Delhi,Grocery,Snacks,840.23,5,Debit Card,Summer,Yes,No,No,Same Day,3.5,5,Weekly,03-09-2025
104850,18,Female,Mumbai,Sports,Football,4755.81,1,Cash,Spring,Yes,No,No,Same Day,4.6,18,Weekly,27-06-2025
104851,54,Female,Chennai,Clothing,Kurta,3981.73,2,Credit Card,Spring,Yes,No,No,Same Day,3.7,11,Quarterly,31-08-2024
104852,18,Male,Lucknow,Home Decor,Curtains,5738.44,2,Net Banking,Spring,No,No,No,Standard,3.8,20,Yearly,26-09-2024
104853,55,Male,Pune,Sports,Football,3802.38,5,Cash,Autumn,Yes,Yes,No,Same Day,5.0,10,Yearly,24-07-2024
104854,42,Male,Bengaluru,Sports,Tennis Racket,1180.08,3,Cash,Winter,No,No,Yes,Express,3.3,19,Monthly,21-10-2024
104855,50,Male,Delhi,Home Decor,Wall Art,2222.51,1,Credit Card,Winter,Yes,Yes,Yes,Express,4.4,43,Weekly,10-05-2025
104856,25,Male,Kochi,Footwear,Running Shoes,4579.04,1,Net Banking,Winter,No,No,Yes,Express,3.4,37,Weekly,21-06-2024
104857,25,Male,Ahmedabad,Footwear,Flip Flops,5920.6,3,UPI,Summer,Yes,No,No,Express,4.4,2,Yearly,03-03-2025
104858,48,Female,Mysuru,Electronics,Camera,9331.22,4,Debit Card,Spring,Yes,No,No,Express,4.2,15,Yearly,01-02-2024
104859,45,Female,Jaipur,Home Decor,Curtains,3113.62,5,Cash,Summer,No,No,Yes,Express,4.0,42,Monthly,15-01-2024
104860,60,Female,Ahmedabad,Clothing,Jeans,4156.67,1,Net Banking,Winter,Yes,Yes,Yes,Standard,3.5,46,Quarterly,11-02-2024
104861,64,Female,Mysuru,Footwear,Sandals,6156.04,2,Credit Card,Autumn,No,No,Yes,Standard,3.9,34,Quarterly,11-10-2025
104862,23,Female,Delhi,Electronics,Camera,22605.1,2,Debit Card,Summer,Yes,Yes,No,Same Day,3.2,18,Yearly,09-10-2024
104863,31,Male,Delhi,Home Decor,Lamp,3027.69,1,Credit Card,Summer,No,No,Yes,Standard,2.8,15,Yearly,30-11-2024
104864,50,Female,Lucknow,Electronics,Smart Watch,19805.84,2,Net Banking,Winter,No,No,Yes,Express,3.6,21,Monthly,25-04-2024
104865,18,Female,Bhopal,Electronics,Tablet,16691.03,3,Cash,Summer,No,No,No,Express,4.8,7,Weekly,14-07-2025
104866,33,Male,Indore,Grocery,Snacks,1568.64,3,UPI,Autumn,No,No,Yes,Same Day,4.3,37,Monthly,16-07-2024
104867,30,Female,Hyderabad,Footwear,Boots,3177.35,5,Debit Card,Autumn,No,No,No,Standard,4.3,7,Weekly,13-06-2024
104868,29,Female,Patna,Grocery,Coffee,211.0,4,Cash,Autumn,No,No,No,Express,4.8,2,Quarterly,19-10-2025
104869,28,Female,Surat,Sports,Dumbbells,4795.08,3,UPI,Summer,No,No,No,Express,4.2,12,Weekly,15-04-2024
104870,64,Female,Hyderabad,Beauty,Moisturizer,2401.8,3,Debit Card,Autumn,No,No,Yes,Express,4.0,22,Yearly,28-12-2025
104871,32,Female,Chennai,Grocery,Rice,2437.03,3,UPI,Autumn,Yes,Yes,Yes,Standard,4.3,48,Monthly,08-06-2024
104872,24,Male,Vijayawada,Grocery,Snacks,257.18,1,Debit Card,Autumn,Yes,Yes,Yes,Same Day,4.9,10,Monthly,15-11-2025
104873,64,Male,Surat,Clothing,Kurta,990.54,4,Credit Card,Autumn,No,No,Yes,Express,4.7,28,Monthly,12-02-2025
104874,53,Male,Jaipur,Beauty,Perfume,1583.46,5,Credit Card,Autumn,Yes,Yes,No,Same Day,4.5,11,Quarterly,31-12-2024
104875,42,Male,Hyderabad,Books,Biography,2494.22,4,Net Banking,Autumn,Yes,Yes,Yes,Same Day,3.7,31,Yearly,19-03-2025
104876,47,Female,Kolkata,Clothing,Dress,2477.87,3,Debit Card,Autumn,No,No,Yes,Same Day,3.9,16,Yearly,29-09-2025
104877,42,Female,Chennai,Home Decor,Curtains,822.08,2,Debit Card,Summer,Yes,Yes,Yes,Express,4.8,46,Monthly,26-07-2025
104878,52,Female,Vijayawada,Sports,Cricket Bat,3050.45,4,Debit Card,Summer,No,No,No,Same Day,5,18,Yearly,11-10-2025
104879,67,Female,Surat,Footwear,Running Shoes,5367.2,2,UPI,Winter,Yes,No,No,Standard,5,3,Quarterly,02-05-2025
104880,46,Female,Indore,Books,Comics,803.76,2,Debit Card,Spring,No,No,Yes,Standard,4.0,48,Monthly,11-08-2024
104881,52,Female,Bengaluru,Sports,Yoga Mat,5003.04,4,Cash,Summer,No,No,No,Same Day,4.5,5,Quarterly,16-04-2025
104882,32,Female,Lucknow,Home Decor,Lamp,370.68,4,UPI,Autumn,No,No,No,Express,3.8,11,Yearly,14-02-2024
104883,26,Male,Nagpur,Home Decor,Carpet,4459.52,2,Net Banking,Winter,No,No,No,Same Day,4.2,14,Quarterly,20-03-2025
104884,55,Male,Mysuru,Home Decor,Curtains,2082.59,4,UPI,Winter,Yes,No,No,Same Day,4.8,11,Yearly,16-09-2024
104885,54,Female,Mumbai,Clothing,Kurta,3602.91,3,UPI,Winter,Yes,Yes,No,Standard,4.3,15,Quarterly,27-07-2024
104886,66,Male,Hyderabad,Grocery,Milk,308.65,4,UPI,Winter,No,No,No,Same Day,4.2,10,Yearly,26-01-2024
104887,69,Female,Visakhapatnam,Beauty,Perfume,986.2,3,Credit Card,Winter,Yes,Yes,No,Express,4.2,11,Weekly,24-05-2024
104888,36,Male,Surat,Clothing,Jeans,746.49,5,UPI,Winter,No,No,Yes,Same Day,3.9,11,Quarterly,12-07-2024
104889,19,Male,Pune,Books,Science Book,2431.85,4,Cash,Autumn,No,No,Yes,Express,4.0,19,Weekly,18-06-2025
104890,52,Female,Surat,Home Decor,Curtains,1040.21,1,Credit Card,Summer,Yes,No,No,Express,3.7,12,Monthly,15-03-2025
104891,36,Male,Kolkata,Grocery,Coffee,219.03,3,UPI,Autumn,Yes,No,Yes,Express,4.3,9,Weekly,08-09-2025
104892,66,Female,Jaipur,Grocery,Milk,444.47,3,UPI,Winter,Yes,Yes,Yes,Standard,3.7,37,Weekly,31-07-2024
104893,47,Female,Indore,Beauty,Perfume,1700.39,5,Net Banking,Autumn,Yes,Yes,Yes,Express,4.3,35,Yearly,01-07-2024
104894,36,Female,Nagpur,Electronics,Smart Watch,9238.49,1,Credit Card,Spring,No,No,No,Same Day,3.4,7,Yearly,05-02-2025
104895,64,Male,Nagpur,Clothing,Kurta,1218.87,2,Debit Card,Autumn,Yes,Yes,No,Standard,4.0,6,Quarterly,23-01-2024
104896,18,Male,Hyderabad,Clothing,Dress,4688.34,1,Credit Card,Winter,No,No,Yes,Standard,4.8,45,Weekly,14-01-2024
104897,54,Female,Patna,Clothing,Dress,3904.83,2,Debit Card,Spring,No,No,No,Standard,3.8,14,Weekly,08-04-2025
104898,49,Male,Visakhapatnam,Books,Novel,834.59,1,Debit Card,Summer,Yes,No,No,Same Day,3.9,14,Weekly,24-06-2024
104899,31,Female,Jaipur,Home Decor,Wall Art,1329.7,3,Cash,Winter,Yes,No,No,Same Day,4.8,18,Weekly,12-11-2024
104900,69,Male,Kolkata,Footwear,Sneakers,1761.8,2,UPI,Spring,No,No,Yes,Same Day,4.2,21,Monthly,16-07-2025
104901,33,Female,Kochi,Sports,Tennis Racket,1924.74,5,Debit Card,Summer,Yes,No,No,Express,4.7,4,Quarterly,01-02-2025
104902,31,Male,Patna,Footwear,Flip Flops,6588.01,3,Debit Card,Autumn,Yes,Yes,No,Same Day,4.5,17,Yearly,06-09-2025
104903,36,Female,Mumbai,Electronics,Tablet,21271.36,4,Net Banking,Spring,Yes,Yes,No,Standard,4.6,6,Weekly,29-02-2024
104904,19,Male,Delhi,Sports,Tennis Racket,3010.02,4,Debit Card,Spring,Yes,Yes,No,Express,3.8,8,Weekly,27-04-2025
104905,38,Female,Kolkata,Books,Novel,994.57,1,Credit Card,Winter,Yes,No,No,Standard,3.4,4,Yearly,18-12-2025
104906,52,Male,Coimbatore,Footwear,Sandals,3510.21,3,Net Banking,Autumn,No,No,No,Same Day,4.2,1,Weekly,25-11-2025
104907,45,Female,Bengaluru,Footwear,Flip Flops,6605.13,2,Net Banking,Summer,Yes,No,No,Express,3.3,4,Yearly,01-06-2024
104908,25,Female,Bengaluru,Sports,Yoga Mat,1547.04,4,UPI,Autumn,No,No,No,Standard,4.3,2,Monthly,30-11-2024
104909,49,Female,Chennai,Electronics,Camera,24041.35,1,Debit Card,Spring,No,No,No,Same Day,3.7,0,Monthly,04-11-2024
104910,37,Female,Jaipur,Books,Novel,1094.07,2,Debit Card,Spring,Yes,Yes,Yes,Same Day,4.3,16,Yearly,23-09-2024
104911,54,Male,Patna,Books,Programming Book,1917.46,3,Net Banking,Summer,No,No,Yes,Standard,4.7,44,Quarterly,01-08-2025
104912,41,Female,Lucknow,Books,Novel,518.98,4,UPI,Autumn,No,No,No,Express,4.5,18,Weekly,15-07-2024
104913,46,Male,Mumbai,Home Decor,Curtains,4463.7,1,UPI,Winter,Yes,Yes,No,Express,3.3,14,Monthly,26-03-2025
104914,57,Female,Bhopal,Clothing,Hoodie,3209.19,1,UPI,Summer,Yes,Yes,Yes,Same Day,4.9,34,Monthly,01-11-2024
104915,67,Male,Mumbai,Clothing,T-Shirt,3357.97,3,Credit Card,Summer,Yes,Yes,Yes,Standard,3.0,20,Weekly,27-03-2024
104916,66,Male,Visakhapatnam,Grocery,Milk,1090.13,4,Net Banking,Autumn,No,No,No,Standard,4.7,15,Yearly,13-09-2025
104917,42,Male,Ahmedabad,Footwear,Flip Flops,3988.69,4,Credit Card,Winter,No,No,Yes,Standard,4.2,23,Quarterly,11-06-2025
104918,35,Male,Chennai,Footwear,Boots,6128.75,1,Credit Card,Spring,No,No,Yes,Same Day,4.4,26,Monthly,04-07-2025
104919,20,Female,Jaipur,Footwear,Flip Flops,6453.57,2,Credit Card,Spring,Yes,No,Yes,Standard,3.9,30,Quarterly,15-07-2024
104920,29,Male,Bengaluru,Footwear,Boots,6932.63,5,UPI,Spring,No,No,Yes,Express,4.9,21,Weekly,15-07-2025
104921,28,Male,Visakhapatnam,Home Decor,Lamp,2590.63,2,Debit Card,Spring,Yes,No,No,Same Day,4.7,2,Quarterly,05-03-2024
104922,68,Female,Chennai,Grocery,Oil,993.17,1,Net Banking,Autumn,Yes,Yes,Yes,Express,4.0,21,Weekly,31-03-2025
104923,53,Male,Mumbai,Home Decor,Wall Art,3265.68,1,Debit Card,Spring,No,No,Yes,Standard,4.2,20,Yearly,12-07-2024
104924,55,Male,Bhopal,Home Decor,Lamp,4874.01,2,Cash,Spring,Yes,Yes,No,Same Day,4.1,3,Weekly,09-01-2025
104925,26,Male,Coimbatore,Books,Comics,1443.7,5,Debit Card,Spring,No,No,No,Express,4.9,13,Quarterly,16-04-2025
104926,31,Female,Hyderabad,Grocery,Coffee,442.32,2,Credit Card,Spring,No,No,Yes,Standard,3.8,8,Weekly,29-04-2024
104927,61,Male,Delhi,Footwear,Boots,1227.4,2,UPI,Autumn,Yes,No,No,Standard,4.7,8,Weekly,18-12-2025
104928,63,Male,Lucknow,Grocery,Rice,1110.15,1,Debit Card,Spring,No,No,No,Standard,4.6,11,Weekly,04-11-2024
104929,55,Male,Chennai,Grocery,Oil,1312.07,3,Debit Card,Winter,Yes,Yes,No,Same Day,4.8,17,Quarterly,26-06-2024
104930,52,Female,Bhopal,Footwear,Boots,6309.06,5,UPI,Winter,Yes,Yes,No,Standard,4.3,19,Weekly,04-04-2025
104931,19,Male,Indore,Sports,Tennis Racket,2211.46,5,Debit Card,Spring,Yes,Yes,Yes,Express,4.2,34,Quarterly,22-04-2024
104932,37,Female,Bhopal,Sports,Dumbbells,6011.65,3,Net Banking,Spring,Yes,Yes,No,Same Day,5,20,Yearly,06-09-2024
104933,38,Male,Patna,Footwear,Boots,6555.31,3,UPI,Spring,No,No,No,Standard,4.5,6,Weekly,27-01-2025
104934,29,Male,Lucknow,Footwear,Running Shoes,3393.98,4,UPI,Autumn,No,No,No,Same Day,4.0,19,Monthly,29-05-2024
104935,31,Male,Indore,Clothing,Dress,2339.98,1,Credit Card,Winter,Yes,No,No,Same Day,3.5,8,Yearly,27-02-2025
104936,52,Female,Jaipur,Clothing,Jeans,646.45,5,Net Banking,Summer,Yes,Yes,No,Express,4.8,3,Quarterly,22-10-2025
104937,38,Female,Patna,Electronics,Laptop,23053.64,5,Credit Card,Autumn,Yes,Yes,No,Same Day,4.2,7,Weekly,08-06-2025
104938,36,Female,Bengaluru,Sports,Yoga Mat,2813.3,4,Credit Card,Winter,No,No,Yes,Same Day,4.5,11,Weekly,01-04-2024
104939,33,Male,Surat,Sports,Tennis Racket,4953.28,4,Cash,Winter,Yes,No,Yes,Express,3.8,46,Weekly,18-06-2025
104940,23,Male,Coimbatore,Grocery,Oil,538.76,1,Cash,Autumn,No,No,No,Express,4.1,5,Yearly,05-06-2025
104941,51,Male,Jaipur,Footwear,Flip Flops,1358.78,5,Cash,Winter,No,No,No,Same Day,4.5,13,Yearly,07-06-2025
104942,27,Female,Mumbai,Footwear,Boots,6380.34,3,Debit Card,Spring,Yes,Yes,No,Same Day,4.0,16,Quarterly,29-04-2025
104943,47,Male,Patna,Clothing,Kurta,4967.82,2,Debit Card,Winter,No,No,No,Express,4.3,12,Quarterly,08-03-2024
104944,32,Male,Ahmedabad,Home Decor,Carpet,1440.02,1,Net Banking,Autumn,No,No,No,Standard,3.8,19,Monthly,15-04-2024
104945,33,Male,Lucknow,Beauty,Lipstick,2061.01,4,Debit Card,Autumn,No,No,No,Same Day,4.3,11,Weekly,11-03-2025
104946,23,Female,Mysuru,Books,Novel,1299.13,3,Cash,Winter,Yes,Yes,No,Same Day,4.6,15,Yearly,13-04-2024
104947,20,Female,Indore,Books,Science Book,1413.24,1,Credit Card,Summer,Yes,No,No,Express,4.5,4,Quarterly,13-02-2024
104948,40,Male,Hyderabad,Electronics,Tablet,19783.16,4,UPI,Summer,No,No,Yes,Standard,4.0,12,Yearly,02-11-2025
104949,51,Female,Chennai,Home Decor,Curtains,2137.84,4,Debit Card,Winter,No,No,No,Same Day,4.5,7,Weekly,05-10-2025
104950,34,Male,Visakhapatnam,Home Decor,Vase,5885.7,4,UPI,Winter,No,No,No,Same Day,4.2,7,Yearly,30-01-2024
104951,27,Female,Bengaluru,Beauty,Face Wash,1408.0,1,Cash,Summer,Yes,Yes,No,Same Day,4.1,2,Yearly,05-03-2025
104952,69,Female,Pune,Home Decor,Carpet,300.89,1,UPI,Spring,No,No,No,Standard,3.6,10,Weekly,05-03-2024
104953,25,Male,Bhopal,Footwear,Running Shoes,5946.67,5,Cash,Spring,Yes,No,No,Same Day,4.2,12,Weekly,11-11-2024
104954,44,Male,Ahmedabad,Footwear,Sandals,2899.8,3,Debit Card,Spring,No,No,Yes,Same Day,4.1,34,Quarterly,04-02-2024
104955,56,Male,Delhi,Books,Comics,284.53,1,Credit Card,Autumn,No,No,No,Standard,5,4,Quarterly,28-11-2025
104956,59,Male,Nagpur,Beauty,Perfume,312.08,3,Cash,Winter,Yes,No,No,Express,4.4,4,Quarterly,28-03-2024
104957,64,Female,Surat,Sports,Dumbbells,9989.66,3,Cash,Spring,No,No,Yes,Express,3.7,26,Monthly,07-03-2025
104958,28,Female,Patna,Clothing,Kurta,4308.26,1,Debit Card,Spring,No,No,No,Express,3.6,12,Quarterly,05-11-2025
104959,18,Male,Jaipur,Electronics,Laptop,18491.01,1,Cash,Summer,No,No,No,Same Day,4.3,10,Weekly,15-04-2024
104960,51,Male,Mysuru,Footwear,Flip Flops,2836.54,4,UPI,Spring,Yes,No,No,Express,4.6,2,Weekly,09-04-2024
104961,64,Female,Vijayawada,Sports,Football,4128.05,2,Debit Card,Summer,No,No,No,Express,4.2,19,Monthly,05-04-2025
104962,42,Female,Mysuru,Electronics,Headphones,21570.44,5,Debit Card,Autumn,No,No,Yes,Express,3.2,9,Weekly,16-07-2025
104963,27,Male,Mumbai,Electronics,Camera,17894.62,3,Net Banking,Winter,No,No,No,Standard,4.8,10,Yearly,04-05-2025
104964,32,Male,Patna,Footwear,Boots,6713.21,5,Debit Card,Summer,No,No,Yes,Express,4.2,42,Weekly,04-02-2024
104965,36,Male,Indore,Footwear,Running Shoes,2555.99,5,Net Banking,Winter,No,No,Yes,Standard,3.3,42,Quarterly,05-01-2025
104966,35,Male,Vijayawada,Beauty,Shampoo,538.08,1,Net Banking,Autumn,Yes,Yes,No,Express,4.5,5,Quarterly,05-08-2024
104967,46,Female,Vijayawada,Footwear,Running Shoes,6955.87,4,Cash,Spring,No,No,No,Express,3.4,4,Weekly,30-12-2024
104968,55,Male,Visakhapatnam,Clothing,Hoodie,4899.69,5,Cash,Summer,Yes,No,Yes,Express,3.8,27,Quarterly,31-05-2025
104969,27,Female,Surat,Books,Biography,896.88,5,Net Banking,Spring,No,No,Yes,Standard,4.4,23,Quarterly,13-05-2025
104970,44,Male,Indore,Grocery,Snacks,311.37,4,Debit Card,Autumn,No,No,No,Standard,3.9,7,Weekly,07-12-2024
104971,65,Female,Chennai,Footwear,Boots,5800.7,1,UPI,Spring,No,No,No,Standard,4.4,2,Quarterly,06-11-2025
104972,29,Female,Kolkata,Footwear,Running Shoes,1511.87,5,Debit Card,Winter,No,No,Yes,Same Day,4.2,14,Monthly,10-03-2025
104973,37,Female,Indore,Electronics,Camera,19659.1,2,Net Banking,Spring,No,No,No,Express,4.2,4,Yearly,20-06-2024
104974,49,Male,Mumbai,Books,Novel,1340.07,2,Net Banking,Summer,Yes,Yes,Yes,Express,3.5,44,Weekly,20-03-2025
104975,35,Female,Patna,Sports,Dumbbells,6320.9,3,Net Banking,Summer,No,No,No,Standard,3.9,16,Monthly,13-05-2024
104976,53,Male,Coimbatore,Electronics,Smart Watch,24555.46,4,Debit Card,Summer,No,No,No,Express,4.3,8,Quarterly,28-01-2025
104977,34,Male,Jaipur,Beauty,Face Wash,583.18,1,Debit Card,Spring,No,No,No,Standard,4.0,15,Weekly,27-12-2024
104978,46,Male,Indore,Electronics,Headphones,5247.29,2,Cash,Summer,Yes,Yes,No,Express,5,9,Monthly,12-03-2025
104979,23,Male,Pune,Clothing,Kurta,4698.45,5,Cash,Spring,No,No,No,Standard,4.8,11,Yearly,28-10-2025
104980,31,Male,Visakhapatnam,Clothing,Jeans,3139.66,5,Cash,Autumn,No,No,No,Same Day,5.0,18,Quarterly,02-12-2024
104981,60,Male,Coimbatore,Clothing,Jeans,4157.76,4,Cash,Spring,No,No,Yes,Express,4.7,34,Quarterly,26-10-2025
104982,24,Male,Indore,Footwear,Sneakers,4950.97,5,Credit Card,Summer,No,No,No,Standard,4.0,1,Weekly,28-06-2024
104983,18,Female,Ahmedabad,Grocery,Rice,493.07,1,UPI,Summer,No,No,Yes,Express,4.6,35,Yearly,04-10-2024
104984,39,Male,Indore,Home Decor,Carpet,2872.94,1,Net Banking,Autumn,Yes,No,No,Standard,4.0,15,Quarterly,10-05-2024
104985,52,Female,Chennai,Grocery,Coffee,382.49,3,Net Banking,Autumn,Yes,Yes,No,Express,3.9,20,Weekly,04-12-2025
104986,39,Female,Delhi,Home Decor,Carpet,5902.56,5,Net Banking,Spring,Yes,No,No,Same Day,3.3,11,Monthly,23-12-2025
104987,65,Female,Patna,Footwear,Running Shoes,853.36,3,Cash,Winter,No,No,Yes,Same Day,4.5,44,Yearly,16-11-2025
104988,56,Female,Bhopal,Beauty,Face Wash,2620.54,1,UPI,Winter,Yes,Yes,No,Express,3.6,5,Monthly,09-02-2024
104989,70,Female,Kolkata,Footwear,Flip Flops,2997.62,5,UPI,Autumn,Yes,No,No,Express,4.0,13,Yearly,11-06-2024
104990,58,Male,Patna,Clothing,Jacket,3683.95,3,Debit Card,Spring,No,No,No,Same Day,4.0,17,Quarterly,14-04-2024
104991,43,Female,Coimbatore,Electronics,Camera,9721.04,5,Net Banking,Spring,No,No,No,Express,4.2,7,Weekly,25-06-2024
104992,66,Male,Chennai,Books,Biography,1072.7,4,Credit Card,Spring,Yes,Yes,No,Same Day,4.2,8,Weekly,27-01-2024
104993,59,Male,Mysuru,Home Decor,Vase,4208.39,2,Net Banking,Spring,No,No,No,Standard,4.2,14,Quarterly,17-05-2025
104994,23,Female,Mysuru,Sports,Dumbbells,1989.85,1,Debit Card,Autumn,Yes,Yes,No,Standard,4.4,12,Yearly,02-11-2025
104995,24,Male,Visakhapatnam,Clothing,Kurta,2769.37,4,Debit Card,Spring,Yes,Yes,No,Same Day,4.5,0,Yearly,17-04-2024
104996,57,Female,Mumbai,Books,Biography,2232.6,4,Cash,Summer,No,No,Yes,Standard,4.9,30,Yearly,26-01-2025
104997,29,Female,Vijayawada,Home Decor,Lamp,2250.4,3,Debit Card,Autumn,No,No,No,Express,3.8,2,Weekly,28-05-2025
104998,24,Female,Patna,Beauty,Moisturizer,1875.48,5,Credit Card,Winter,Yes,No,Yes,Same Day,3.8,44,Quarterly,18-01-2024
104999,20,Male,Nagpur,Clothing,Jacket,624.02,2,Cash,Autumn,No,No,No,Same Day,3.0,3,Yearly,11-02-2025
105000,49,Male,Visakhapatnam,Clothing,Hoodie,3574.46,4,Debit Card,Autumn,Yes,Yes,No,Standard,5,1,Quarterly,09-11-2024
